Date,catchment_daily_precipitation_armley,catchment_daily_precipitation_kildwick,discharge_armley,discharge_kildwick,river_level_snaygill,river_level_kildwick,river_level_kirkstall
2017-11-14,2.309285968,3.413742054,7.43,3.69,0.417,0.366,1.514
2017-11-15,1.518701876,2.413454738,9.66,4.56,0.695,0.496,1.545
2017-11-16,1.579436573,1.811364962,10.3,5.45,0.715,0.497,1.544
2017-11-17,0.330846047,0.467808808,9.69,4.19,0.631,0.476,1.562
2017-11-18,0.038513284,0.008439891,8.37,3.55,0.534,0.43,1.536
2017-11-19,7.020941617,8.772471918,7.89,3.18,0.461,0.4,1.529
2017-11-20,14.8964305,18.7188925,17.7,10.9,1.086,0.586,1.57
2017-11-21,6.690628574,7.936671181,45.3,28.1,2.719,1.208,1.785
2017-11-22,12.89298909,19.76574789,49.3,34.8,2.827,1.233,1.82
2017-11-23,3.477755679,4.410215413,57.4,33.4,3.666,1.854,1.925
2017-11-24,3.399954329,2.241955447,35.0,17.3,2.244,1.109,1.823
2017-11-25,1.241037014,1.016424906,23.8,11.6,1.501,0.824,1.724
2017-11-26,6.831660408,7.991255806,20.3,10.2,1.153,0.677,1.64
2017-11-27,2.759419003,3.071581436,32.2,15.0,1.649,0.778,1.685
2017-11-28,0.061002509,0.030248033,22.2,9.85,1.585,0.815,1.711
2017-11-29,0.016770145,0.018009583,16.6,7.33,1.585,0.815,1.711
2017-11-30,0.970228821,0.728667268,13.9,5.87,0.838,0.563,1.604
2017-12-01,0.080927332,0.063351412,12.1,5.04,0.703,0.504,1.584
2017-12-02,0.12277215,0.163463178,11.2,4.72,0.657,0.481,1.565
2017-12-03,0.155833662,0.169492747,10.6,4.35,0.623,0.466,1.56
2017-12-04,0.184552855,0.181196834,9.83,3.95,0.559,0.441,1.557
2017-12-05,0.158866564,0.21228692,9.4,3.74,0.545,0.43,1.544
2017-12-06,7.66839884,9.026217012,9.14,3.66,0.517,0.415,1.531
2017-12-07,4.56528379,5.008299317,18.1,9.36,1.078,0.593,1.589
2017-12-08,0.259817927,0.268201569,16.2,6.95,1.029,0.634,1.652
2017-12-09,0.165216689,0.262186996,11.7,5.02,0.7,0.508,1.581
2017-12-10,0.112318148,0.164873494,10.9,4.51,0.644,0.477,1.563
2017-12-11,0.061193233,0.042443745,9.56,3.64,0.527,0.433,1.556
2017-12-12,4.306047756,5.372269748,9.2,3.68,0.471,0.402,1.539
2017-12-13,8.892319412,9.309714658,33.5,18.6,1.87,0.815,1.641
2017-12-14,7.039881414,6.935778342,39.2,16.3,1.868,0.925,1.813
2017-12-15,0.242945362,0.182719601,28.6,11.3,1.546,0.802,1.743
2017-12-16,0.391815037,0.712576962,17.5,6.98,1.027,0.651,1.67
2017-12-17,2.897555388,3.80187302,17.2,8.63,0.84,0.549,1.607
2017-12-18,0.13492957,0.175385774,17.7,7.37,1.075,0.655,1.657
2017-12-19,0.79680676,1.35942519,14.1,6.21,0.852,0.557,1.607
2017-12-20,1.097751272,1.264871125,13.3,6.02,0.826,0.542,1.59
2017-12-21,3.780120133,5.444741991,13.7,7.58,0.81,0.536,1.586
2017-12-22,0.330571662,0.624987107,19.1,9.63,1.397,0.727,1.636
2017-12-23,0.317916321,0.688218466,14.9,7.13,0.988,0.603,1.617
2017-12-24,0.244842173,0.563719633,13.3,6.21,0.877,0.562,1.589
2017-12-25,6.85110841,6.674289003,13.0,6.04,0.772,0.522,1.577
2017-12-26,1.144250818,0.835540009,20.7,8.26,1.005,0.586,1.61
2017-12-27,0.019144575,0.014510551,15.0,5.88,0.86,0.569,1.631
2017-12-28,0.820875197,1.190524235,11.7,4.64,0.661,0.488,1.588
2017-12-29,12.42050524,11.54914009,17.7,7.39,0.73,0.515,1.621
2017-12-30,4.896598233,4.589786198,42.5,18.0,1.778,0.818,1.749
2017-12-31,7.314357012,10.62253642,34.1,19.0,1.796,0.867,1.77
2018-01-01,3.511283269,3.373037907,40.6,21.1,2.537,1.114,1.795
2018-01-02,13.15389731,15.89948173,43.7,26.5,2.089,0.958,1.768
2018-01-03,11.03383206,11.88118597,63.8,30.0,3.086,1.487,1.919
2018-01-04,6.129432257,8.072668855,66.0,35.4,3.271,1.569,1.946
2018-01-05,2.041225597,2.447667933,43.8,19.9,2.586,1.291,1.896
2018-01-06,0.303622207,0.336000796,28.8,13.0,1.708,0.869,1.751
2018-01-07,0.076483199,0.068195079,21.4,9.28,1.248,0.712,1.679
2018-01-08,0.157648449,0.106636295,17.7,7.24,0.958,0.601,1.63
2018-01-09,2.541238068,2.440234638,16.1,6.4,0.86,0.562,1.613
2018-01-10,0.118512772,0.033123881,16.6,6.32,0.85,0.552,1.609
2018-01-11,0.119270587,0.150552433,14.1,5.3,0.738,0.52,1.605
2018-01-12,0.011981336,0.009073635,12.8,4.84,0.67,0.489,1.581
2018-01-13,0.0,0.0,11.8,4.37,0.616,0.468,1.573
2018-01-14,11.70362076,13.66545141,11.5,4.29,0.559,0.443,1.563
2018-01-15,8.223043423,7.081363686,44.3,20.0,1.974,0.877,1.732
2018-01-16,8.062384293,7.811273982,38.3,14.1,1.881,0.922,1.827
2018-01-17,17.17853696,18.35657188,48.3,20.6,1.591,0.806,1.766
2018-01-18,2.17964186,2.796440103,77.0,31.4,3.051,1.544,2.005
2018-01-19,3.729339504,4.332603921,40.7,15.8,1.983,0.973,1.848
2018-01-20,0.770250954,0.540891321,29.7,11.9,1.632,0.846,1.764
2018-01-21,8.19847517,9.55664841,32.3,14.2,1.375,0.725,1.714
2018-01-22,0.614217766,0.72605528,48.6,22.6,2.445,1.064,1.838
2018-01-23,9.572540862,11.1071888,35.4,17.9,1.997,0.935,1.782
2018-01-24,2.105624508,1.574330938,50.7,21.6,2.339,1.049,1.826
2018-01-25,7.098322305,6.898449452,38.2,17.6,1.828,0.88,1.769
2018-01-26,0.104563714,0.221849572,34.7,13.6,2.015,0.971,1.823
2018-01-27,2.204470413,2.882702961,24.2,10.2,1.329,0.724,1.692
2018-01-28,5.73970587,5.83926158,25.7,10.8,1.299,0.706,1.688
2018-01-29,0.698540474,0.531181707,32.4,12.7,1.659,0.804,1.746
2018-01-30,9.350543842,10.29087355,23.1,9.6,1.2,0.686,1.688
2018-01-31,4.55423031,4.813221746,43.5,19.2,1.902,0.88,1.688
2018-02-01,0.075335634,0.078839624,30.9,12.0,1.65,0.839,1.755
2018-02-02,2.608990336,3.281921856,21.5,8.3,1.146,0.671,1.684
2018-02-03,4.342240518,4.241761383,23.8,10.0,1.208,0.677,1.679
2018-02-04,0.152607567,0.286713556,20.9,8.27,1.244,0.715,1.7
2018-02-05,0.045378709,0.064668302,17.3,6.87,0.94,0.595,1.642
2018-02-06,0.969258449,1.003449615,15.7,6.22,0.831,0.553,1.618
2018-02-07,0.197924835,0.441290066,13.9,5.21,0.718,0.516,1.605
2018-02-08,5.753549215,6.984597151,15.7,8.87,0.852,0.528,1.595
2018-02-09,1.49657407,1.767568645,23.0,9.77,1.596,0.788,1.642
2018-02-10,7.190003939,7.008425536,21.5,10.6,1.118,0.636,1.638
2018-02-11,1.263861106,1.15307092,29.6,12.1,1.75,0.836,1.721
2018-02-12,3.634206682,2.850497029,21.1,8.53,1.098,0.659,1.684
2018-02-13,3.097196768,3.196273885,26.0,10.1,1.192,0.663,1.69
2018-02-14,7.032205093,8.48364921,24.0,10.9,1.014,0.618,1.674
2018-02-15,0.777833435,1.118309675,33.9,14.4,1.992,0.926,1.75
2018-02-16,1.176649169,1.103015011,20.8,8.75,1.202,0.69,1.693
2018-02-17,0.599061928,0.444257406,18.0,7.65,1.029,0.618,1.645
2018-02-18,2.810632567,2.657105328,16.3,6.58,0.895,0.578,1.63
2018-02-19,0.865269154,0.760817425,17.0,6.93,0.964,0.584,1.627
2018-02-20,0.092398044,0.099835596,14.9,5.89,0.818,0.546,1.625
2018-02-21,0.041867432,0.012596996,12.7,4.81,0.677,0.499,1.606
2018-02-22,0.001362513,0.000824993,11.4,4.21,0.599,0.461,1.592
2018-02-23,0.010117534,0.012580296,10.6,3.78,0.533,0.432,1.586
2018-02-24,0.0,0.0,9.88,3.43,0.49,0.414,1.581
2018-02-25,0.000577872,0.000386717,9.22,3.13,0.449,0.394,1.573
2018-02-26,1.923975534,1.993549849,8.7,2.9,0.411,0.377,1.563
2018-02-27,3.757463383,4.626493123,9.08,2.92,0.422,0.375,1.56
2018-02-28,3.505807175,2.754581828,8.61,2.66,0.385,0.364,1.561
2018-03-01,0.570267737,0.515340644,8.22,3.03,0.369,0.364,1.551
2018-03-02,0.041662294,0.046977469,8.26,2.93,0.385,0.372,1.545
2018-03-03,0.417204137,0.590785961,8.2,3.05,0.388,0.377,1.547
2018-03-04,4.311307837,3.857781715,10.8,3.32,0.388,0.375,1.562
2018-03-05,13.78136303,16.39524662,20.7,9.44,0.709,0.523,1.609
2018-03-06,0.108565186,0.20378171,50.2,23.4,2.431,1.129,1.836
2018-03-07,2.628740742,1.969159451,23.5,9.36,1.4,0.798,1.754
2018-03-08,0.865566843,0.71916106,22.6,7.41,0.913,0.607,1.677
2018-03-09,10.683092,10.83742263,21.6,7.0,0.775,0.562,1.647
2018-03-10,4.839862732,5.587488435,47.0,20.3,1.795,0.853,1.808
2018-03-11,11.04907086,10.51617349,33.7,12.4,2.059,1.06,1.833
2018-03-12,5.615396288,6.567695468,62.1,29.6,2.61,1.235,1.884
2018-03-13,0.100658891,0.103636509,35.6,14.0,2.008,1.033,1.863
2018-03-14,3.537035971,3.212581801,22.3,8.62,1.176,0.725,1.715
2018-03-15,6.445211878,4.755317223,27.1,8.85,1.034,0.639,1.693
2018-03-16,5.547458081,4.241637,41.9,12.1,1.431,0.769,1.826
2018-03-17,2.081850859,1.854669558,27.7,8.8,1.163,0.7,1.758
2018-03-18,0.416770395,0.563242819,20.6,6.6,0.859,0.588,1.682
2018-03-19,0.122132673,0.06173255,17.9,5.88,0.736,0.546,1.656
2018-03-20,0.003979549,0.003463879,16.3,5.3,0.671,0.517,1.629
2018-03-21,0.14840214,0.077931626,14.8,4.76,0.606,0.487,1.615
2018-03-22,2.114802337,3.558730804,13.7,4.51,0.572,0.469,1.602
2018-03-23,1.968360781,2.209153285,13.2,4.81,0.609,0.477,1.581
2018-03-24,0.140435892,0.137343454,12.6,4.66,0.609,0.479,1.593
2018-03-25,0.04045003,0.018835535,11.2,3.97,0.526,0.451,1.584
2018-03-26,7.060619435,8.064408171,10.6,3.68,0.456,0.419,1.567
2018-03-27,1.399608205,1.950539443,17.0,9.63,1.321,0.675,1.63
2018-03-28,0.802932309,1.07033367,15.0,6.84,0.968,0.64,1.655
2018-03-29,8.38924293,6.949322919,16.3,5.84,0.687,0.512,1.589
2018-03-30,5.786533544,3.079946733,23.4,6.47,0.794,0.544,1.658
2018-03-31,0.720494534,0.520066708,23.2,5.71,0.734,0.534,1.708
2018-04-01,7.380992651,6.323096651,17.3,4.65,0.596,0.483,1.635
2018-04-02,27.90554339,27.89640029,86.5,35.8,2.137,1.092,1.889
2018-04-03,8.796316759,10.53362407,89.5,33.7,3.574,2.002,2.185
2018-04-04,6.813435563,7.363731596,70.7,33.6,3.041,1.436,1.963
2018-04-05,0.017274917,0.02457856,45.5,20.0,2.421,1.287,1.931
2018-04-06,0.473088958,0.691172072,27.5,11.7,1.428,0.832,1.754
2018-04-07,2.82201841,3.252893359,22.6,9.21,1.069,0.686,1.685
2018-04-08,0.048396388,0.039688723,18.8,7.27,0.919,0.629,1.66
2018-04-09,9.807311355,6.468024735,18.3,6.12,0.757,0.555,1.619
2018-04-10,1.772257645,1.915993331,31.2,7.53,0.917,0.597,1.746
2018-04-11,0.258217246,0.092069351,19.2,5.77,0.789,0.565,1.671
2018-04-12,4.222320378,4.700654761,16.9,5.14,0.676,0.515,1.63
2018-04-13,0.144479357,0.248639393,17.4,5.25,0.681,0.508,1.631
2018-04-14,0.014939164,0.012130814,14.7,4.58,0.623,0.495,1.617
2018-04-15,2.723032688,2.901896884,14.0,4.16,0.549,0.46,1.594
2018-04-16,0.071062244,0.156540154,12.8,4.2,0.548,0.456,1.592
2018-04-17,0.560287419,0.573437332,11.6,3.61,0.499,0.441,1.582
2018-04-18,0.006596777,0.015718539,10.6,3.31,0.453,0.418,1.567
2018-04-19,4.8e-05,6.13e-05,9.92,2.98,0.414,0.402,1.555
2018-04-20,9.37e-05,0.000113188,9.15,2.64,0.373,0.381,1.548
2018-04-21,0.364816519,0.076733894,8.8,2.43,0.349,0.363,1.537
2018-04-22,2.640244536,3.241582521,8.85,2.62,0.396,0.375,1.531
2018-04-23,0.658090345,1.239761386,8.33,2.27,0.337,0.356,1.539
2018-04-24,9.442757141,9.407824245,11.4,2.65,0.341,0.352,1.551
2018-04-25,2.311334221,1.935637998,10.8,3.88,0.563,0.438,1.562
2018-04-26,1.01760699,0.857947762,10.2,3.05,0.412,0.419,1.576
2018-04-27,6.11021448,5.084388331,15.0,3.71,0.458,0.386,1.61
2018-04-28,0.098419171,0.031686578,12.1,3.46,0.548,0.436,1.608
2018-04-29,0.001169937,0.001714264,9.49,2.72,0.43,0.381,1.567
2018-04-30,0.003213405,0.001814308,8.27,2.26,0.344,0.337,1.547
2018-05-01,6.137399372,6.67998628,8.01,2.3,0.327,0.321,1.538
2018-05-02,0.482832136,0.474197475,9.76,2.6,0.394,0.356,1.55
2018-05-03,0.027850239,0.039757258,7.88,2.06,0.328,0.329,1.545
2018-05-04,0.00715978,0.000552031,7.2,1.87,0.293,0.305,1.532
2018-05-05,7.18e-05,0.00016784,6.89,1.75,0.276,0.297,1.527
2018-05-06,7.25e-07,0.0,6.63,1.76,0.275,0.297,1.518
2018-05-07,1.15e-05,2.8e-05,6.51,1.59,0.256,0.283,1.511
2018-05-08,0.382162719,0.623116225,6.34,1.52,0.242,0.274,1.5
2018-05-09,1.978979059,2.685736581,6.18,1.47,0.237,0.27,1.508
2018-05-10,0.016794313,0.010616995,6.11,1.45,0.244,0.272,1.51
2018-05-11,0.386359416,0.574048994,6.03,1.65,0.272,0.276,1.502
2018-05-12,5.857119947,6.391210921,6.8,1.53,0.225,0.266,1.507
2018-05-13,0.007552897,0.000662655,6.67,1.46,0.255,0.283,1.529
2018-05-14,0.003199491,0.00726554,5.79,1.25,0.214,0.254,1.507
2018-05-15,0.079925879,0.165867045,5.64,1.17,0.206,0.244,1.497
2018-05-16,0.007028817,0.01656706,5.29,1.14,0.202,0.24,1.497
2018-05-17,0.012527786,0.000558839,5.29,1.11,0.195,0.237,1.495
2018-05-18,0.0,0.0,5.2,1.07,0.191,0.233,1.494
2018-05-19,1.46e-07,3.53e-07,5.0,1.02,0.19,0.228,1.491
2018-05-20,0.000505265,0.000239316,4.91,0.992,0.186,0.224,1.488
2018-05-21,0.007998485,0.016682123,4.94,0.968,0.181,0.223,1.484
2018-05-22,0.000103475,0.000152966,4.71,0.921,0.176,0.219,1.482
2018-05-23,0.0,0.0,4.75,0.896,0.172,0.216,1.486
2018-05-24,0.208701597,0.06558762,4.59,0.878,0.174,0.213,1.482
2018-05-25,5.391916538,3.200838823,7.34,0.93,0.186,0.213,1.548
2018-05-26,0.014963695,0.00032891,5.02,0.883,0.17,0.217,1.497
2018-05-27,0.001437106,0.001087121,4.59,0.822,0.166,0.207,1.481
2018-05-28,0.000189863,0.000390881,4.45,0.797,0.167,0.205,1.476
2018-05-29,0.002542129,0.001002531,4.4,0.784,0.146,0.201,1.471
2018-05-30,0.906065881,0.663378586,4.56,0.787,0.149,0.202,1.476
2018-05-31,0.005311327,0.012451618,4.37,0.774,0.131,0.202,1.475
2018-06-01,1.454698723,1.946989397,4.35,1.52,0.157,0.197,1.47
2018-06-02,1.34754738,1.935498302,5.67,1.24,0.309,0.345,1.476
2018-06-03,0.048788073,0.113272637,4.68,0.899,0.13,0.22,1.477
2018-06-04,0.022333915,0.007425876,4.37,0.839,0.114,0.209,1.468
2018-06-05,0.000554794,0.000116997,4.31,0.811,0.124,0.206,1.471
2018-06-06,0.006239922,0.000334125,4.14,0.774,0.145,0.2,1.47
2018-06-07,0.00157447,0.000898204,4.08,0.783,0.137,0.2,1.472
2018-06-08,0.034046336,0.002146539,4.09,0.78,0.151,0.201,1.466
2018-06-09,0.057861197,0.121210887,4.02,0.786,0.149,0.201,1.469
2018-06-10,1.967118749,2.981704053,4.04,0.836,0.14,0.204,1.465
2018-06-11,0.003782722,0.001441467,4.09,0.804,0.113,0.21,1.465
2018-06-12,0.003594759,0.006461319,3.89,0.754,0.121,0.199,1.46
2018-06-13,0.464151367,0.951001747,3.94,0.746,0.154,0.196,1.464
2018-06-14,0.02752498,0.049513658,3.84,0.702,0.159,0.192,1.465
2018-06-15,0.447088719,0.725529464,3.78,0.72,0.16,0.192,1.468
2018-06-16,4.33841382,4.465201592,4.97,0.906,0.196,0.201,1.474
2018-06-17,1.154198342,1.871427306,4.41,0.805,0.163,0.208,1.479
2018-06-18,2.898345616,3.421195608,4.1,0.808,0.166,0.204,1.471
2018-06-19,1.324530388,2.412799311,4.09,0.784,0.159,0.204,1.472
2018-06-20,0.749343632,0.84689188,4.05,0.812,0.154,0.203,1.467
2018-06-21,0.009522523,0.016617669,3.99,0.726,0.154,0.198,1.471
2018-06-22,0.002407848,7.94e-05,3.82,0.69,0.152,0.19,1.476
2018-06-23,6.05e-05,6.51e-05,3.72,0.677,0.151,0.188,1.471
2018-06-24,0.0,0.0,3.76,0.667,0.146,0.186,1.471
2018-06-25,0.002369023,4.69e-05,3.73,0.636,0.104,0.184,1.466
2018-06-26,0.002374127,4.92e-05,3.72,0.607,0.09,0.18,1.467
2018-06-27,0.002369023,4.69e-05,3.75,0.576,0.069,0.174,1.467
2018-06-28,0.002369023,4.69e-05,3.69,0.576,0.098,0.175,1.465
2018-06-29,0.000529402,0.001231839,3.7,0.552,0.073,0.17,1.463
2018-06-30,0.000794103,0.001847758,3.62,0.549,0.059,0.169,1.46
2018-07-01,0.000985948,0.001005312,3.64,0.546,0.092,0.168,1.459
2018-07-02,0.000289286,0.000676115,3.65,0.527,0.064,0.166,1.46
2018-07-03,0.000545372,0.001271748,3.64,0.532,0.078,0.165,1.46
2018-07-04,0.011623158,0.024171146,3.66,0.545,0.083,0.168,1.458
2018-07-05,0.000184274,0.000446716,3.67,0.545,0.066,0.169,1.458
2018-07-06,0.00045908,0.000983748,3.63,0.531,0.079,0.168,1.459
2018-07-07,5.84e-05,0.000101683,3.52,0.52,0.039,0.165,1.458
2018-07-08,0.0,0.0,3.5,0.515,0.03,0.164,1.455
2018-07-09,6.28e-07,0.0,3.49,0.522,0.057,0.164,1.453
2018-07-10,0.0,0.0,3.52,0.519,-0.016,0.163,1.453
2018-07-11,0.225642295,0.111028552,3.54,0.527,-0.004,0.165,1.452
2018-07-12,1.749886189,2.618160486,3.6,0.53,0.091,0.167,1.451
2018-07-13,2.334176359,2.189128641,4.11,0.639,0.121,0.176,1.453
2018-07-14,0.00676512,0.014046939,3.81,0.569,0.091,0.176,1.462
2018-07-15,0.08363286,0.185767287,3.59,0.548,0.068,0.17,1.454
2018-07-16,11.44430337,17.21703761,5.32,1.04,0.114,0.179,1.484
2018-07-17,0.032463227,0.029933385,5.15,1.13,0.216,0.286,1.491
2018-07-18,0.011614406,0.022642116,4.13,0.699,0.11,0.195,1.466
2018-07-19,0.006040631,0.013475923,3.79,0.631,0.086,0.185,1.456
2018-07-20,2.7448417,2.814573979,4.28,0.642,0.122,0.181,1.454
2018-07-21,0.028388871,0.034539438,3.79,0.641,0.102,0.182,1.459
2018-07-22,0.033122633,0.069706643,3.7,0.618,0.109,0.18,1.456
2018-07-23,0.04625989,0.097363348,3.74,0.61,0.064,0.178,1.452
2018-07-24,0.016684051,0.018495815,3.65,0.603,0.046,0.178,1.449
2018-07-25,5.38e-05,6.2e-05,3.58,0.588,0.089,0.176,1.451
2018-07-26,2.259326129,1.716798023,3.98,0.614,0.078,0.175,1.449
2018-07-27,9.15043597,8.537986691,4.42,0.585,0.043,0.176,1.449
2018-07-28,14.92733841,14.63549086,9.12,0.966,0.079,0.18,1.462
2018-07-29,14.90629171,13.70550462,18.8,3.63,0.285,0.256,1.599
2018-07-30,2.674257435,2.819854935,9.19,1.6,0.262,0.318,1.54
2018-07-31,0.015965969,0.021511006,5.33,1.04,0.146,0.242,1.485
2018-08-01,0.209441175,0.4396152,4.46,0.846,0.127,0.212,1.466
2018-08-02,0.01445511,0.032865503,4.14,0.77,0.062,0.203,1.459
2018-08-03,2.174624558,2.856875654,4.24,0.811,0.078,0.202,1.459
2018-08-04,0.007165612,0.013933226,3.93,0.708,0.06,0.198,1.458
2018-08-05,0.001589342,0.000776275,3.71,0.652,0.061,0.187,1.453
2018-08-06,0.001636472,0.000890525,3.64,0.64,0.061,0.183,1.448
2018-08-07,0.023703533,0.043988877,3.61,0.633,0.072,0.183,1.445
2018-08-08,0.32504146,0.593474281,3.66,0.582,0.134,0.419,1.446
2018-08-09,5.565038617,7.170897608,3.53,0.583,0.14,0.172,1.453
2018-08-10,2.310044731,1.537944261,5.37,0.774,0.167,0.195,1.483
2018-08-11,8.349060226,9.084338539,4.95,0.728,0.143,0.188,1.465
2018-08-12,0.810053681,0.292640973,5.89,1.0,0.162,0.215,1.502
2018-08-13,11.8220204,14.73432417,8.44,1.86,0.19,0.25,1.513
2018-08-14,0.225376163,0.437453081,6.58,1.64,0.277,0.331,1.511
2018-08-15,7.229739134,9.955312499,4.96,1.54,0.117,0.23,1.476
2018-08-16,0.355200264,0.60269071,6.8,2.88,0.563,0.427,1.49
2018-08-17,0.919114006,1.6026618,5.28,1.33,0.229,0.279,1.492
2018-08-18,3.18174882,4.998497184,4.41,1.06,0.153,0.237,1.47
2018-08-19,1.035123383,1.638647,4.47,1.83,0.168,0.243,1.469
2018-08-20,2.219427925,3.764547704,5.56,1.78,0.257,0.31,1.474
2018-08-21,0.013591211,0.02637172,5.14,1.89,0.278,0.295,1.473
2018-08-22,1.299498278,2.219694057,4.99,1.46,0.182,0.277,1.474
2018-08-23,3.562063376,5.088213927,4.86,1.46,0.22,0.267,1.465
2018-08-24,4.38979776,4.646145664,6.11,2.23,0.342,0.298,1.47
2018-08-25,0.298990784,0.340756881,5.68,2.03,0.368,0.335,1.492
2018-08-26,12.87340933,14.40516095,8.87,3.2,0.335,0.301,1.529
2018-08-27,0.495960558,0.707111938,9.39,4.65,0.794,0.496,1.53
2018-08-28,0.305847404,0.601173638,7.26,2.59,0.467,0.391,1.521
2018-08-29,0.005894408,0.013968395,5.49,1.79,0.314,0.312,1.487
2018-08-30,0.001126042,0.000808754,4.85,1.39,0.235,0.273,1.478
2018-08-31,0.000792741,0.000381388,4.47,1.2,0.191,0.25,1.478
2018-09-01,0.000155545,0.00037707,4.19,1.1,0.174,0.239,1.469
2018-09-02,0.217491516,0.360880423,4.07,1.0,0.157,0.228,1.464
2018-09-03,6.024595171,8.404645997,4.6,1.21,0.19,0.229,1.463
2018-09-04,0.004884104,0.003911539,4.65,1.18,0.194,0.249,1.474
2018-09-05,0.252085287,0.414057115,4.26,0.981,0.159,0.229,1.464
2018-09-06,0.584901916,0.51465774,4.12,0.904,0.143,0.216,1.458
2018-09-07,0.967282714,1.635186459,3.91,0.86,0.137,0.212,1.46
2018-09-08,7.742949498,9.773429638,5.21,1.47,0.211,0.232,1.477
2018-09-09,0.538945704,0.614375957,5.3,1.77,0.285,0.298,1.477
2018-09-10,8.378527606,13.11109439,5.0,1.57,0.248,0.283,1.475
2018-09-11,6.213993427,7.394332904,9.2,5.85,1.03,0.493,1.481
2018-09-12,0.344220251,0.41619895,9.4,4.34,0.735,0.475,1.574
2018-09-13,3.76361203,6.874393478,6.73,2.47,0.436,0.37,1.519
2018-09-14,5.673799629,4.52316222,7.67,4.16,0.502,0.372,1.5
2018-09-15,1.180442081,1.445374739,8.79,3.29,0.577,0.436,1.549
2018-09-16,1.605829659,2.572936336,6.69,2.95,0.438,0.363,1.505
2018-09-17,1.259192581,2.209233135,6.64,2.59,0.448,0.375,1.495
2018-09-18,1.316874972,1.06739441,6.01,2.35,0.361,0.329,1.487
2018-09-19,2.43810479,3.621517743,6.0,2.23,0.365,0.331,1.488
2018-09-20,38.65937183,39.5031139,29.3,15.5,0.878,0.459,1.627
2018-09-21,5.201456669,4.229119915,40.6,21.0,3.088,1.357,1.814
2018-09-22,0.002497873,0.005068491,18.7,8.47,1.464,0.768,1.695
2018-09-23,0.063267448,0.021294307,11.1,4.75,0.781,0.521,1.579
2018-09-24,0.030701381,0.037523069,8.17,3.25,0.538,0.42,1.526
2018-09-25,0.401955657,0.956523721,6.73,2.5,0.424,0.363,1.5
2018-09-26,0.02187769,0.050505822,5.99,2.1,0.355,0.327,1.487
2018-09-27,0.107086938,0.173224105,5.49,1.81,0.312,0.306,1.483
2018-09-28,4.37e-05,9.42e-05,5.14,1.55,0.266,0.284,1.482
2018-09-29,0.111780792,0.206109843,4.83,1.41,0.24,0.267,1.474
2018-09-30,0.249349821,0.278701832,4.74,1.3,0.222,0.258,1.475
2018-10-01,1.614643152,2.727049104,4.47,1.2,0.203,0.247,1.47
2018-10-02,0.085982944,0.142139942,4.27,1.23,0.203,0.245,1.477
2018-10-03,0.40214099,0.897836428,4.43,1.17,0.192,0.243,1.47
2018-10-04,0.665157806,1.205186342,4.31,1.15,0.193,0.24,1.464
2018-10-05,8.727046655,7.987647952,6.1,1.4,0.223,0.245,1.478
2018-10-06,0.051756733,0.007341477,6.54,2.01,0.359,0.309,1.518
2018-10-07,0.006221151,0.013582107,5.7,1.56,0.277,0.288,1.492
2018-10-08,0.021881431,0.046400283,4.76,1.35,0.239,0.264,1.472
2018-10-09,0.016712597,0.009188747,4.5,1.22,0.205,0.249,1.47
2018-10-10,0.00767724,0.00396485,4.37,1.12,0.197,0.24,1.47
2018-10-11,4.222247269,4.812080675,4.87,1.12,0.186,0.234,1.475
2018-10-12,21.93131741,25.88299341,9.37,2.79,0.255,0.253,1.504
2018-10-13,2.057581409,2.47880153,24.7,19.0,1.457,0.606,1.585
2018-10-14,4.265084661,2.066612229,20.0,8.34,1.362,0.739,1.678
2018-10-15,0.353616086,0.402156694,11.1,4.99,0.767,0.528,1.57
2018-10-16,0.457365549,0.668577126,8.44,3.51,0.569,0.435,1.528
2018-10-17,0.054923086,0.066870398,7.12,2.83,0.479,0.384,1.511
2018-10-18,0.029546379,0.010730596,6.26,2.3,0.391,0.344,1.5
2018-10-19,0.010731182,0.024984837,5.75,1.99,0.337,0.317,1.491
2018-10-20,0.128307777,0.304798285,5.38,1.79,0.308,0.3,1.485
2018-10-21,0.159602784,0.314372815,5.09,1.65,0.28,0.285,1.479
2018-10-22,0.001716111,0.002608118,4.87,1.5,0.259,0.276,1.479
2018-10-23,0.067887874,0.041736629,4.62,1.39,0.243,0.263,1.471
2018-10-24,0.044693048,0.100632696,4.47,1.29,0.223,0.256,1.475
2018-10-25,2.24014354,3.191902112,4.49,1.26,0.212,0.246,1.469
2018-10-26,0.05060656,0.071257367,4.55,1.36,0.228,0.255,1.472
2018-10-27,0.108220026,0.16450297,4.4,1.26,0.22,0.254,1.476
2018-10-28,0.073809986,0.01899442,4.31,1.16,0.198,0.241,1.476
2018-10-29,0.496191765,0.299948627,4.23,1.13,0.191,0.236,1.468
2018-10-30,0.217922635,0.111090841,4.35,1.12,0.183,0.235,1.471
2018-10-31,1.413827714,2.30119104,4.24,1.07,0.181,0.232,1.473
2018-11-01,0.045847286,0.062320773,4.2,1.1,0.191,0.231,1.471
2018-11-02,0.025962558,0.045777312,4.19,1.03,0.177,0.229,1.478
2018-11-03,1.699816183,2.371407588,4.09,1.02,0.172,0.223,1.47
2018-11-04,0.648430247,1.006346325,4.24,1.11,0.185,0.231,1.471
2018-11-05,0.016881141,0.018956877,4.23,1.14,0.191,0.236,1.468
2018-11-06,0.691415004,0.768009041,4.3,1.11,0.187,0.235,1.468
2018-11-07,5.440107969,5.866895999,5.14,1.23,0.204,0.238,1.485
2018-11-08,0.470553456,0.594687365,4.96,1.62,0.279,0.278,1.482
2018-11-09,7.621134181,7.460466819,6.93,1.83,0.267,0.278,1.478
2018-11-10,0.468925623,0.667378445,7.73,2.74,0.428,0.342,1.539
2018-11-11,1.798349641,1.783699913,7.24,2.54,0.416,0.354,1.517
2018-11-12,5.042625067,7.15790506,6.25,2.34,0.392,0.343,1.501
2018-11-13,1.866072441,2.114686785,7.72,3.63,0.575,0.383,1.505
2018-11-14,0.009740402,0.014695742,7.68,3.14,0.533,0.406,1.519
2018-11-15,0.006076234,0.005340759,6.54,2.45,0.422,0.359,1.51
2018-11-16,0.236107393,0.094091651,5.81,2.02,0.351,0.324,1.498
2018-11-17,0.01289263,0.003733051,5.37,1.76,0.307,0.3,1.491
2018-11-18,0.040567384,0.021108606,5.05,1.57,0.272,0.282,1.486
2018-11-19,3.457454795,2.535348067,5.2,1.47,0.249,0.27,1.479
2018-11-20,17.84897885,15.31647764,15.0,3.55,0.301,0.292,1.537
2018-11-21,1.567002941,1.430925064,20.7,7.97,1.237,0.618,1.667
2018-11-22,2.248187136,1.584782478,13.0,4.64,0.756,0.511,1.606
2018-11-23,0.200060135,0.365495993,10.3,3.72,0.61,0.439,1.557
2018-11-24,0.845878775,0.26412812,8.88,3.02,0.503,0.396,1.536
2018-11-25,2.841810403,1.135739084,9.38,2.59,0.426,0.361,1.55
2018-11-26,0.05037513,0.023576027,8.56,2.29,0.383,0.342,1.541
2018-11-27,13.29633847,12.72258901,15.4,3.75,0.376,0.355,1.531
2018-11-28,6.422812132,7.662293717,20.5,8.65,0.92,0.557,1.651
2018-11-29,3.6666175,5.925826315,26.3,12.6,1.588,0.746,1.674
2018-11-30,5.445861437,7.06702608,24.5,13.4,1.646,0.787,1.68
2018-12-01,10.66810536,10.92169464,33.2,17.7,1.906,0.864,1.712
2018-12-02,6.520074798,8.285563078,40.9,22.7,2.294,0.997,1.781
2018-12-03,1.902441529,0.870630289,40.2,19.1,2.718,1.2,1.812
2018-12-04,4.431485365,4.245616775,22.6,9.84,1.514,0.781,1.709
2018-12-05,12.50851902,13.4106845,42.9,22.3,1.75,0.827,1.715
2018-12-06,12.00431777,15.10838323,40.6,19.3,2.604,1.236,1.854
2018-12-07,10.39299052,11.66373566,58.8,35.1,2.984,1.441,1.837
2018-12-08,15.24187693,17.5389735,75.1,41.7,3.291,1.588,1.956
2018-12-09,0.091470043,0.074990415,66.2,34.7,3.655,1.892,2.016
2018-12-10,0.032416152,0.052055435,38.8,18.3,2.376,1.143,1.857
2018-12-11,0.003778325,0.005348625,25.7,11.9,1.565,0.815,1.714
2018-12-12,0.017058775,0.001196316,19.7,8.72,1.197,0.685,1.651
2018-12-13,0.003243664,0.000712848,15.9,6.7,0.966,0.596,1.615
2018-12-14,0.014843901,0.001998044,13.3,5.37,0.79,0.528,1.591
2018-12-15,14.81324832,15.64793296,24.5,7.13,0.746,0.509,1.684
2018-12-16,4.432891679,4.777074616,38.7,16.0,1.816,0.797,1.77
2018-12-17,0.438839105,0.77142056,29.3,12.5,1.794,0.841,1.742
2018-12-18,6.948275101,7.792336158,28.1,10.9,1.288,0.69,1.688
2018-12-19,2.776596477,3.75578731,27.3,11.0,1.572,0.782,1.718
2018-12-20,14.18832205,19.42437386,34.1,22.9,1.806,0.833,1.707
2018-12-21,5.968318347,7.64717048,56.9,32.0,3.299,1.531,1.855
2018-12-22,8.42054881,7.03839113,50.2,25.0,2.819,1.263,1.879
2018-12-23,3.314157159,2.724310789,54.7,24.6,2.555,1.133,1.883
2018-12-24,0.234062383,0.191701457,36.0,15.1,2.136,1.002,1.84
2018-12-25,0.102404212,0.218478505,25.0,10.3,1.531,0.79,1.731
2018-12-26,0.004945876,0.009760087,20.2,8.12,1.184,0.655,1.655
2018-12-27,0.033651361,0.009037734,16.9,6.56,0.96,0.583,1.623
2018-12-28,2.691343499,5.132861989,14.7,5.55,0.821,0.53,1.6
2018-12-29,0.924393813,1.577114898,14.5,6.33,0.886,0.532,1.592
2018-12-30,0.25203493,0.429646941,14.0,6.12,0.897,0.547,1.593
2018-12-31,0.134283506,0.139023267,13.1,5.46,0.828,0.526,1.582
2019-01-01,0.000672091,0.001117758,11.5,4.64,0.72,0.487,1.568
2019-01-02,0.00027094,0.000493396,10.4,4.01,0.621,0.449,1.556
2019-01-03,0.00039839,0.000779713,9.6,3.62,0.561,0.425,1.547
2019-01-04,6.64e-05,7.21e-05,9.03,3.28,0.514,0.405,1.54
2019-01-05,0.000774838,0.000696151,8.57,3.01,0.474,0.386,1.529
2019-01-06,1.148438998,2.038447754,8.22,2.82,0.441,0.372,1.524
2019-01-07,2.669414697,3.274653081,8.57,3.15,0.465,0.375,1.525
2019-01-08,0.002785692,0.002115933,8.57,3.14,0.506,0.399,1.532
2019-01-09,0.027062895,0.039518298,7.93,2.79,0.444,0.373,1.524
2019-01-10,0.034106606,0.019351548,7.55,2.57,0.408,0.357,1.516
2019-01-11,1.946656224,2.109004125,7.29,2.36,0.382,0.344,1.511
2019-01-12,1.531558357,2.704987053,7.89,2.83,0.389,0.341,1.51
2019-01-13,1.609186315,1.73670441,9.66,4.54,0.616,0.431,1.543
2019-01-14,0.563118465,0.564636783,9.81,3.75,0.619,0.454,1.548
2019-01-15,0.926770549,0.910288904,8.64,3.17,0.507,0.398,1.532
2019-01-16,1.351771308,1.764396202,8.44,3.05,0.47,0.382,1.522
2019-01-17,0.034280903,0.007120772,8.02,2.85,0.461,0.381,1.524
2019-01-18,3.039198554,2.60387503,7.87,2.56,0.398,0.353,1.514
2019-01-19,0.17334235,0.350015308,7.78,2.55,0.397,0.351,1.522
2019-01-20,0.046080852,0.025136347,7.7,2.74,0.442,0.36,1.52
2019-01-21,5.337506219,5.836683129,8.49,2.77,0.408,0.359,1.517
2019-01-22,1.269966675,2.017435471,10.4,4.3,0.607,0.425,1.548
2019-01-23,0.560052792,0.832621629,9.92,3.74,0.598,0.447,1.554
2019-01-24,1.117680895,1.796697907,8.5,3.21,0.489,0.396,1.536
2019-01-25,2.711814995,3.974130512,11.3,7.66,0.936,0.493,1.53
2019-01-26,8.643245432,10.14350372,19.8,12.1,1.322,0.691,1.624
2019-01-27,0.015062755,0.025243476,26.2,12.5,1.884,0.874,1.709
2019-01-28,0.523853778,0.980121594,15.1,6.66,1.011,0.618,1.627
2019-01-29,3.341812527,3.987103908,13.3,5.98,0.794,0.526,1.577
2019-01-30,0.061998393,0.031650565,12.2,5.2,0.752,0.52,1.581
2019-01-31,1.178710477,0.933310846,10.5,4.35,0.663,0.472,1.558
2019-02-01,0.77979033,0.496817933,9.7,3.69,0.555,0.432,1.554
2019-02-02,0.006384196,0.013789241,8.55,3.25,0.493,0.402,1.541
2019-02-03,3.097301629,3.845493171,8.3,2.78,0.485,0.376,1.527
2019-02-04,0.070412978,0.066600384,13.1,6.21,0.893,0.49,1.546
2019-02-05,8.10852114,9.925178648,15.9,8.43,0.931,0.536,1.589
2019-02-06,6.395984607,6.13039883,25.5,10.8,1.782,0.796,1.661
2019-02-07,5.104213051,7.278650688,26.1,11.5,1.419,0.687,1.69
2019-02-08,16.72686055,19.37069489,34.4,19.7,2.029,0.873,1.711
2019-02-09,1.224774552,2.097040534,59.8,33.6,3.001,1.38,1.88
2019-02-10,0.866783955,0.845335418,36.3,16.5,2.54,1.211,1.889
2019-02-11,0.020779979,0.017752329,23.0,9.94,1.505,0.745,1.701
2019-02-12,0.826620539,1.479294107,17.7,7.42,1.125,0.62,1.64
2019-02-13,0.018097811,0.017288131,15.2,6.28,0.971,0.564,1.606
2019-02-14,0.001105638,0.001804972,13.1,5.17,0.795,0.511,1.588
2019-02-15,0.002840545,0.005944626,11.7,4.38,0.666,0.466,1.57
2019-02-16,0.002355842,0.002231925,10.6,3.8,0.579,0.433,1.558
2019-02-17,0.040281234,0.088179043,9.67,3.39,0.519,0.406,1.544
2019-02-18,3.139390905,2.89558797,9.13,3.1,0.477,0.384,1.535
2019-02-19,0.733843556,1.070865037,9.65,3.06,0.476,0.377,1.541
2019-02-20,0.981712467,1.71597776,8.88,2.92,0.443,0.371,1.536
2019-02-21,0.028422526,0.053885037,8.34,2.82,0.452,0.362,1.532
2019-02-22,0.000959203,0.000696059,7.96,2.59,0.438,0.358,1.532
2019-02-23,0.010453191,0.013530631,7.5,2.35,0.385,0.335,1.525
2019-02-24,0.048580497,0.0073909,7.2,2.15,0.338,0.319,1.523
2019-02-25,0.005821288,0.004369073,6.91,2.02,0.301,0.309,1.514
2019-02-26,0.004336502,0.00196457,6.66,1.89,0.273,0.297,1.511
2019-02-27,0.002725478,0.000494791,6.47,1.8,0.254,0.289,1.504
2019-02-28,0.421425221,0.341083857,6.34,1.73,0.243,0.283,1.503
2019-03-01,0.349626406,0.652263407,6.2,1.65,0.222,0.277,1.503
2019-03-02,5.456528255,7.551874103,6.89,2.2,0.215,0.274,1.503
2019-03-03,8.119810131,7.954287505,11.0,3.99,0.429,0.371,1.544
2019-03-04,4.968649863,6.377016641,13.8,5.9,0.848,0.513,1.573
2019-03-05,13.91212229,13.8807432,20.9,8.74,0.975,0.568,1.6
2019-03-06,9.622785202,12.01635574,38.4,23.8,2.01,0.876,1.76
2019-03-07,2.742850515,2.611173694,44.1,22.3,2.557,1.092,1.821
2019-03-08,7.6277546,8.983030395,30.9,14.7,1.72,0.836,1.751
2019-03-09,4.776952031,4.485977519,34.9,16.2,2.061,0.912,1.771
2019-03-10,9.314742288,11.11486723,35.5,16.8,1.895,0.861,1.755
2019-03-11,15.8137811,20.99653357,36.2,17.9,2.057,0.929,1.774
2019-03-12,11.94485729,12.63478441,72.2,42.5,3.23,1.513,1.882
2019-03-13,14.60873348,15.84323713,69.9,36.3,3.379,1.699,2.008
2019-03-14,4.55646143,4.574306149,78.9,38.9,3.342,1.716,2.003
2019-03-15,20.75264317,22.81926885,54.2,24.5,2.598,1.258,1.897
2019-03-16,23.9379497,26.14185636,132.0,59.8,3.409,1.929,2.098
2019-03-17,0.224916169,0.331137429,99.6,57.4,4.045,2.594,2.19
2019-03-18,0.613812336,0.845378851,63.5,32.4,2.929,1.728,2.004
2019-03-19,0.273841158,0.546736042,40.7,19.4,2.039,1.132,1.835
2019-03-20,0.012550246,0.03003572,26.9,12.2,1.419,0.822,1.718
2019-03-21,0.021155893,0.049913574,20.7,8.99,1.111,0.678,1.652
2019-03-22,0.903350676,1.02533829,17.5,7.23,0.904,0.597,1.615
2019-03-23,0.013891321,0.027269372,14.8,5.93,0.807,0.54,1.596
2019-03-24,0.54293416,0.901925822,13.1,5.06,0.699,0.497,1.579
2019-03-25,0.010009294,0.003220865,11.5,4.31,0.587,0.451,1.557
2019-03-26,0.000880665,0.000742052,10.4,3.8,0.533,0.417,1.545
2019-03-27,0.00432264,0.001418142,9.68,3.41,0.5,0.394,1.534
2019-03-28,0.01901745,0.028768362,9.1,3.13,0.42,0.375,1.526
2019-03-29,0.015612208,0.007756342,8.59,2.87,0.381,0.358,1.517
2019-03-30,0.167455524,0.04349272,8.18,2.64,0.348,0.342,1.512
2019-03-31,0.002471845,0.004773479,7.69,2.43,0.339,0.327,1.509
2019-04-01,4.966337828,7.417819124,7.51,2.41,0.304,0.317,1.5
2019-04-02,0.557130653,1.026637451,8.42,3.0,0.402,0.352,1.505
2019-04-03,2.4702589,2.797993443,8.46,2.74,0.378,0.341,1.513
2019-04-04,2.157756836,1.997301654,8.43,2.65,0.362,0.335,1.517
2019-04-05,0.009949708,0.001267036,7.67,2.39,0.361,0.334,1.525
2019-04-06,0.011983869,0.003210567,6.96,2.16,0.288,0.307,1.502
2019-04-07,0.042816196,0.09986156,6.62,2.02,0.27,0.294,1.496
2019-04-08,2.89e-05,0.0,6.38,1.92,0.262,0.285,1.494
2019-04-09,0.000173644,0.000315501,6.14,1.8,0.259,0.277,1.492
2019-04-10,5.19e-05,0.000114918,5.97,1.66,0.224,0.28,1.486
2019-04-11,0.000315447,0.000616509,5.76,1.6,0.226,0.282,1.485
2019-04-12,0.000196098,0.000149299,5.55,1.55,0.232,0.277,1.486
2019-04-13,0.000666894,0.000955565,5.42,1.42,0.221,0.272,1.485
2019-04-14,0.002688757,0.00185314,5.21,1.33,0.21,0.258,1.48
2019-04-15,0.000540201,0.000456439,5.23,1.32,0.186,0.256,1.474
2019-04-16,0.012634888,0.005061457,5.15,1.29,0.181,0.255,1.474
2019-04-17,4.6e-05,0.000108245,5.06,1.25,0.174,0.251,1.474
2019-04-18,0.0,0.0,4.97,1.23,0.179,0.248,1.471
2019-04-19,6.3e-05,4.34e-08,4.89,1.17,0.178,0.245,1.473
2019-04-20,0.0,0.0,4.7,1.12,0.17,0.239,1.469
2019-04-21,2.89e-05,0.0,4.63,1.1,0.146,0.236,1.466
2019-04-22,0.0,0.0,4.6,1.1,0.153,0.236,1.464
2019-04-23,0.003784168,0.00018731,4.59,1.08,0.151,0.236,1.467
2019-04-24,3.94464337,4.514885922,5.86,1.31,0.185,0.238,1.468
2019-04-25,3.925531552,3.18867684,6.79,1.33,0.219,0.264,1.497
2019-04-26,7.095151073,8.162727037,5.59,1.25,0.198,0.249,1.493
2019-04-27,7.417459121,8.832003584,8.37,3.13,0.344,0.314,1.489
2019-04-28,0.016361941,0.018476843,7.96,2.89,0.468,0.434,1.523
2019-04-29,0.007760085,0.010033799,5.7,1.65,0.224,0.306,1.493
2019-04-30,0.084333385,0.123306589,4.92,1.37,0.165,0.266,1.478
2019-05-01,0.013587337,0.020899029,4.63,1.28,0.156,0.255,1.47
2019-05-02,6.866082385,5.443009968,7.34,1.34,0.2,0.262,1.524
2019-05-03,0.83480738,0.846925709,6.29,1.39,0.181,0.264,1.502
2019-05-04,0.052398958,0.072377638,5.0,1.24,0.155,0.256,1.487
2019-05-05,0.011303355,0.027228292,4.59,1.15,0.126,0.243,1.475
2019-05-06,4.253380888,5.756003424,5.4,1.37,0.166,0.243,1.486
2019-05-07,5.001945986,4.916491203,6.06,1.74,0.194,0.285,1.475
2019-05-08,6.19362817,3.853775463,9.53,2.03,0.266,0.314,1.523
2019-05-09,2.049093582,0.639929961,7.64,1.76,0.242,0.309,1.525
2019-05-10,2.4641743,2.545286917,6.37,1.51,0.157,0.273,1.493
2019-05-11,2.151191122,1.189917455,7.27,1.66,0.238,0.295,1.525
2019-05-12,0.000606557,0.001192147,5.47,1.31,0.147,0.264,1.492
2019-05-13,0.005086705,0.012243094,4.81,1.19,0.128,0.249,1.476
2019-05-14,0.0,0.0,4.61,1.11,0.111,0.241,1.465
2019-05-15,0.003382891,0.002424784,4.4,1.02,0.11,0.232,1.457
2019-05-16,0.315455168,0.061579873,4.23,0.962,0.114,0.225,1.458
2019-05-17,0.109861878,0.019263722,4.24,0.913,0.098,0.219,1.458
2019-05-18,0.027419554,0.019470783,4.07,0.884,0.092,0.216,1.456
2019-05-19,0.006571974,0.010855667,3.99,0.858,0.102,0.214,1.457
2019-05-20,0.013993157,0.027476039,3.98,0.828,0.088,0.21,1.452
2019-05-21,0.000951589,0.000721852,3.87,0.773,0.095,0.205,1.452
2019-05-22,0.000136629,0.000167087,3.76,0.756,0.097,0.202,1.45
2019-05-23,0.0,0.0,3.75,0.746,0.072,0.2,1.451
2019-05-24,0.001267942,0.00107007,3.72,0.717,0.096,0.197,1.451
2019-05-25,6.354365793,8.001921057,3.59,0.706,0.11,0.193,1.448
2019-05-26,2.806703157,3.282128031,4.59,1.02,0.032,0.214,1.458
2019-05-27,4.230528481,5.007487669,5.14,1.09,0.147,0.228,1.472
2019-05-28,1.174914197,1.236753468,4.93,1.18,0.16,0.249,1.477
2019-05-29,5.743205628,8.653338889,4.56,1.08,0.111,0.234,1.459
2019-05-30,3.343143065,4.475973441,5.81,3.94,0.366,0.311,1.473
2019-05-31,0.045967802,0.107032588,8.29,4.2,0.642,0.483,1.514
2019-06-01,0.516324004,0.885330364,6.41,2.54,0.348,0.383,1.498
2019-06-02,0.901438347,1.473370119,5.38,1.91,0.213,0.319,1.475
2019-06-03,0.210019097,0.307483898,4.97,1.57,0.177,0.293,1.467
2019-06-04,18.68476607,17.49389855,14.6,3.19,0.34,0.351,1.66
2019-06-05,0.108157714,0.256168312,10.2,3.91,0.648,0.46,1.576
2019-06-06,0.450608761,0.219922287,6.65,2.17,0.306,0.352,1.486
2019-06-07,16.08311396,14.95788255,10.8,2.49,0.259,0.334,1.534
2019-06-08,5.040025843,5.56157694,12.8,5.08,0.538,0.427,1.571
2019-06-09,1.205350996,0.107283028,10.9,3.38,0.493,0.429,1.541
2019-06-10,1.398683458,0.489114656,7.89,2.09,0.3,0.346,1.5
2019-06-11,11.23505374,9.500978687,8.8,1.85,0.228,0.294,1.47
2019-06-12,11.25704886,10.50255627,14.9,2.82,0.29,0.343,1.542
2019-06-13,5.478806198,6.720396816,18.5,4.44,0.416,0.392,1.62
2019-06-14,1.7834486,2.428052389,15.5,5.77,0.714,0.506,1.577
2019-06-15,4.966995943,5.090705597,13.8,4.67,0.571,0.466,1.576
2019-06-16,4.313863193,6.853747388,11.4,4.35,0.601,0.477,1.547
2019-06-17,0.592152065,0.582084352,11.6,6.18,0.92,0.541,1.518
2019-06-18,4.309583484,5.687050913,10.1,3.81,0.537,0.468,1.524
2019-06-19,0.530892429,0.660383489,9.01,3.5,0.461,0.417,1.498
2019-06-20,0.252325717,0.417785132,7.53,2.54,0.316,0.374,1.491
2019-06-21,0.000764619,0.001705052,6.5,2.03,0.249,0.33,1.469
2019-06-22,0.0,0.0,5.86,1.73,0.172,0.302,1.454
2019-06-23,4.160285913,3.969273266,6.79,1.59,0.144,0.285,1.446
2019-06-24,2.026874928,1.656603152,6.69,1.6,0.134,0.284,1.495
2019-06-25,5.983732517,4.214105444,8.47,1.7,0.186,0.298,1.5
2019-06-26,0.00164299,0.003008115,6.86,1.45,0.124,0.279,1.475
2019-06-27,0.000694581,0.001140806,5.72,1.27,0.093,0.261,1.446
2019-06-28,0.005395231,0.012968083,5.37,1.18,0.06,0.249,1.436
2019-06-29,0.008302611,0.019544042,5.18,1.12,0.013,0.245,1.436
2019-06-30,1.148593208,1.272283475,5.16,1.05,-0.003,0.237,1.436
2019-07-01,0.666442453,1.19624991,5.0,1.06,0.055,0.236,1.453
2019-07-02,0.020536672,0.045623776,4.9,1.02,0.045,0.236,1.449
2019-07-03,0.0,0.0,4.86,0.962,0.04,0.226,1.446
2019-07-04,0.0,0.0,4.83,0.908,0.012,0.223,1.448
2019-07-05,0.160904725,0.103610811,4.71,0.872,-0.003,0.217,1.441
2019-07-06,0.000920404,0.001658128,4.56,0.815,-0.021,0.213,1.444
2019-07-07,0.002210079,0.005145222,4.52,0.775,0.004,0.207,1.44
2019-07-08,2.367488314,2.524088141,4.63,0.75,-0.014,0.201,1.439
2019-07-09,0.689673642,0.945650307,4.63,0.788,-0.022,0.206,1.439
2019-07-10,1.889540692,2.722586761,4.52,0.79,-0.037,0.206,1.434
2019-07-11,0.506007066,0.195951143,4.5,0.825,-0.005,0.215,1.43
2019-07-12,0.304203029,0.03128559,4.43,0.752,-0.013,0.205,1.441
2019-07-13,0.826870414,0.161437462,4.65,0.709,-0.035,0.199,1.436
2019-07-14,0.003164647,0.000314676,4.24,0.692,-0.001,0.195,1.436
2019-07-15,1.86e-05,4.16e-05,4.19,0.684,-0.03,0.195,1.431
2019-07-16,4.79e-05,1.29e-06,4.1,0.66,-0.062,0.192,1.431
2019-07-17,0.816871334,1.170172516,4.11,0.656,-0.013,0.189,1.429
2019-07-18,1.149304838,1.307188967,4.02,0.664,-0.004,0.192,1.428
2019-07-19,10.27554914,9.517066506,7.32,0.908,0.021,0.215,1.468
2019-07-20,0.293290347,0.281264218,5.22,0.817,0.0,0.222,1.476
2019-07-21,5.258039296,7.247339155,4.7,0.797,0.001,0.203,1.438
2019-07-22,0.005969043,0.013949161,4.96,0.913,-0.025,0.219,1.445
2019-07-23,17.00061314,15.90002383,7.58,0.919,-0.132,0.205,1.434
2019-07-24,0.003096177,0.000406183,10.4,1.49,-0.006,0.261,1.548
2019-07-25,1.656121651,2.403598534,5.71,0.927,-0.167,0.231,1.447
2019-07-26,2.310649015,2.20920256,5.21,0.826,-0.179,0.214,1.434
2019-07-27,22.19910845,20.76806246,15.1,2.16,0.185,0.293,1.575
2019-07-28,22.18559133,19.63336841,25.0,4.96,0.336,0.383,1.582
2019-07-29,0.343751566,0.554803261,20.9,5.88,0.951,0.604,1.686
2019-07-30,18.49807311,23.18022495,19.2,7.78,0.631,0.427,1.572
2019-07-31,3.445472604,4.253785107,23.2,10.2,1.591,0.778,1.648
2019-08-01,0.067108106,0.100343222,15.4,6.09,0.944,0.621,1.586
2019-08-02,0.032210721,0.013052605,10.0,3.33,0.455,0.434,1.52
2019-08-03,2.28946156,3.069062844,9.93,3.03,0.247,0.362,1.483
2019-08-04,6.117739642,8.151644273,10.4,3.37,0.3,0.391,1.513
2019-08-05,0.075765984,0.073865328,10.4,3.53,0.444,0.423,1.512
2019-08-06,7.572558979,8.592799103,8.5,2.32,0.281,0.352,1.503
2019-08-07,0.391785899,0.14968787,11.3,3.03,0.313,0.349,1.503
2019-08-08,18.6713812,19.14635576,10.1,2.16,0.203,0.334,1.519
2019-08-09,9.553183156,7.084028065,38.4,10.8,1.197,0.637,1.728
2019-08-10,19.10206281,21.81797164,50.1,25.4,1.581,0.905,1.788
2019-08-11,0.333598164,0.429350557,44.7,22.1,3.103,1.578,1.872
2019-08-12,4.438677302,4.248823861,23.1,9.06,1.381,0.77,1.687
2019-08-13,2.48561439,2.751313332,17.3,6.11,0.885,0.588,1.611
2019-08-14,9.996991842,9.846092602,18.7,6.92,0.638,0.492,1.568
2019-08-15,0.932374804,1.293820291,22.4,8.01,1.212,0.668,1.659
2019-08-16,14.76892189,15.35339743,29.2,13.5,1.0,0.693,1.65
2019-08-17,0.193562236,0.403550005,30.9,13.6,2.223,1.026,1.725
2019-08-18,2.741082852,3.902509225,18.0,7.78,1.043,0.654,1.629
2019-08-19,2.295142314,2.608947225,16.3,7.74,1.116,0.65,1.589
2019-08-20,2.776271273,4.418064412,13.1,5.39,0.788,0.545,1.571
2019-08-21,6.765152614,11.80087901,11.5,5.15,0.635,0.488,1.543
2019-08-22,2.052417366,2.624072997,20.7,16.3,1.349,0.585,1.547
2019-08-23,0.003716187,0.001869728,18.3,9.29,1.338,0.75,1.64
2019-08-24,0.001870229,0.004051587,12.7,6.15,0.816,0.582,1.568
2019-08-25,0.001119481,0.002583412,10.2,4.58,0.586,0.496,1.537
2019-08-26,4.24e-05,1.86e-05,8.81,3.66,0.421,0.435,1.516
2019-08-27,0.769792436,0.999600705,8.06,3.17,0.323,0.399,1.499
2019-08-28,1.980129141,1.567010192,8.11,2.91,0.297,0.38,1.496
2019-08-29,0.017496588,0.024410329,7.28,2.55,0.311,0.362,1.487
2019-08-30,0.105922451,0.101156747,6.74,2.18,0.244,0.337,1.478
2019-08-31,1.714987814,1.725132088,6.61,1.91,0.179,0.309,1.479
2019-09-01,4.946503785,7.495230946,6.35,1.93,0.199,0.298,1.473
2019-09-02,3.185958582,5.597216414,6.63,2.69,0.285,0.332,1.476
2019-09-03,5.828660162,7.022103876,8.15,3.83,0.458,0.41,1.485
2019-09-04,5.581191898,6.694717929,12.3,7.11,0.764,0.52,1.529
2019-09-05,3.601380913,5.228726869,13.1,6.14,0.931,0.604,1.57
2019-09-06,2.014389483,0.95664155,11.9,5.17,0.662,0.499,1.539
2019-09-07,0.000203206,0.000329138,9.45,3.8,0.525,0.456,1.538
2019-09-08,0.308722965,0.289574581,7.68,2.97,0.376,0.391,1.506
2019-09-09,3.391737575,2.885559042,8.06,2.83,0.312,0.365,1.496
2019-09-10,3.572978921,5.041475637,7.44,2.62,0.317,0.365,1.496
2019-09-11,0.109181155,0.144676652,7.53,2.96,0.313,0.359,1.485
2019-09-12,1.620170065,2.371380682,7.27,2.72,0.323,0.364,1.493
2019-09-13,0.003194387,0.004361426,7.07,2.65,0.335,0.368,1.492
2019-09-14,0.760587423,1.152967372,6.33,2.17,0.246,0.334,1.48
2019-09-15,1.030159556,0.374513457,6.16,2.0,0.219,0.315,1.471
2019-09-16,0.022391356,0.018725269,5.72,1.85,0.189,0.308,1.445
2019-09-17,0.000294057,0.000329165,5.39,1.7,0.17,0.293,1.477
2019-09-18,0.019863082,0.015126626,5.2,1.58,0.138,0.282,1.477
2019-09-19,0.028960975,0.026979537,5.11,1.53,0.122,0.277,1.47
2019-09-20,0.003759013,0.004009635,4.96,1.44,0.106,0.269,1.465
2019-09-21,4.474369205,5.013556389,4.79,1.38,0.098,0.265,1.462
2019-09-22,5.59709331,5.540108133,8.16,1.79,0.15,0.284,1.488
2019-09-23,5.748760524,4.123911665,7.51,1.91,0.187,0.301,1.484
2019-09-24,14.44086425,14.27029823,25.6,8.4,0.652,0.455,1.64
2019-09-25,11.58606438,12.4632456,19.3,6.54,1.025,0.659,1.646
2019-09-26,4.393900736,4.902989098,29.3,13.0,1.475,0.654,1.651
2019-09-27,19.5335051,21.46522084,30.8,15.1,1.409,0.736,1.662
2019-09-28,28.81053068,31.3498887,68.9,34.0,2.631,1.228,1.843
2019-09-29,14.57789861,15.9556572,115.0,56.0,3.732,2.192,2.137
2019-09-30,21.30573457,20.98695913,86.7,51.2,3.647,2.159,2.023
2019-10-01,1.887397543,0.819963287,93.0,47.5,3.733,2.223,2.108
2019-10-02,0.02275759,0.016597927,54.0,28.8,2.803,1.603,1.934
2019-10-03,14.86088735,17.29739163,39.8,19.8,1.836,1.008,1.784
2019-10-04,1.681836084,1.959663343,51.4,28.9,2.724,1.277,1.842
2019-10-05,22.59791526,23.77303121,47.8,24.1,2.086,1.031,1.787
2019-10-06,5.493230717,4.512358921,83.3,41.7,3.594,1.813,2.013
2019-10-07,3.001408858,5.428195995,54.2,28.6,2.938,1.486,1.916
2019-10-08,8.764383109,9.274896464,43.1,23.7,2.409,1.147,1.811
2019-10-09,7.152528925,5.006400813,52.6,20.8,2.289,1.061,1.851
2019-10-10,23.12190729,34.18295639,46.1,27.1,2.081,0.969,1.815
2019-10-11,4.443645817,6.15853148,75.2,50.4,3.872,2.029,1.937
2019-10-12,0.99870545,0.813855358,60.5,38.2,3.44,1.965,1.939
2019-10-13,5.917425135,6.587066379,49.0,26.9,2.488,1.361,1.85
2019-10-14,8.210993887,7.330390987,42.4,19.5,2.045,1.03,1.797
2019-10-15,2.968772612,2.815931092,40.0,17.4,1.995,0.975,1.806
2019-10-16,0.296026053,0.284004991,30.9,13.4,1.591,0.849,1.735
2019-10-17,7.034163882,5.529853897,27.4,10.9,1.317,0.751,1.687
2019-10-18,6.106644888,9.745175456,29.8,12.7,1.303,0.735,1.728
2019-10-19,0.567212087,0.890415721,33.3,19.1,2.395,1.027,1.718
2019-10-20,0.47689398,0.388422333,24.4,11.7,1.552,0.806,1.702
2019-10-21,0.029982359,0.025298248,19.4,8.76,1.204,0.69,1.645
2019-10-22,0.000759549,0.000452524,16.3,7.11,0.932,0.605,1.613
2019-10-23,0.138784182,0.200105734,14.4,6.0,0.766,0.561,1.585
2019-10-24,5.228996469,6.148154858,13.7,5.61,0.62,0.508,1.566
2019-10-25,39.58905278,36.96416487,68.3,28.0,2.207,1.085,1.874
2019-10-26,4.372045497,3.949658064,105.0,45.8,3.821,2.118,2.173
2019-10-27,0.115597973,0.114334025,53.9,24.9,2.852,1.467,1.944
2019-10-28,0.075389327,0.065109517,32.8,13.6,1.784,0.925,1.778
2019-10-29,0.022848974,0.009008557,22.9,9.38,1.208,0.717,1.682
2019-10-30,0.010253335,0.001523065,18.7,7.54,0.971,0.625,1.632
2019-10-31,5.9900703,6.178130977,16.2,6.4,0.814,0.572,1.603
2019-11-01,8.766917191,11.71968531,22.0,12.7,0.927,0.617,1.618
2019-11-02,3.50079185,2.383883343,37.6,18.3,2.334,1.059,1.745
2019-11-03,1.572436528,1.421815874,24.9,10.8,1.355,0.76,1.685
2019-11-04,6.354586023,5.412813447,27.6,10.3,1.259,0.709,1.679
2019-11-05,0.237891388,0.145228223,25.1,9.02,1.258,0.694,1.693
2019-11-06,14.25070299,11.98892459,20.8,7.52,0.922,0.608,1.638
2019-11-07,14.24084914,8.316420736,96.6,26.3,2.253,1.124,2.037
2019-11-08,0.550988438,0.180781112,43.3,13.6,1.971,0.97,1.894
2019-11-09,0.327713655,0.427775428,27.2,9.1,1.275,0.727,1.726
2019-11-10,6.366053535,6.783742669,22.7,7.94,1.042,0.627,1.661
2019-11-11,19.11761325,22.9895191,35.1,19.8,1.409,0.737,1.695
2019-11-12,0.373642062,0.259395238,65.5,33.5,3.416,1.683,1.919
2019-11-13,0.204704297,0.336695431,36.1,16.3,2.159,1.037,1.811
2019-11-14,9.39925788,5.061165811,34.2,11.7,1.549,0.788,1.714
2019-11-15,1.230889522,1.40700609,33.5,10.3,1.354,0.727,1.771
2019-11-16,10.67634851,11.67752219,26.1,8.73,1.143,0.675,1.697
2019-11-17,0.753779355,0.51274424,44.8,18.3,1.849,0.789,1.744
2019-11-18,0.016521093,0.007959255,28.7,10.8,1.577,0.815,1.761
2019-11-19,0.041514128,0.037010233,21.9,8.47,1.15,0.658,1.668
2019-11-20,0.013196364,0.012845186,18.8,7.1,0.961,0.606,1.634
2019-11-21,2.455217973,1.648109387,16.8,6.52,0.878,0.567,1.609
2019-11-22,2.866059499,2.173080576,17.2,5.92,0.747,0.548,1.609
2019-11-23,5.472415084,4.063918814,22.1,5.73,0.683,0.518,1.635
2019-11-24,0.440528825,0.427886768,19.5,5.64,0.723,0.534,1.651
2019-11-25,7.801298344,8.468962078,21.6,7.83,0.683,0.512,1.639
2019-11-26,3.309558597,1.91749795,27.8,10.5,1.288,0.722,1.706
2019-11-27,8.281754827,6.863622645,31.8,9.07,1.026,0.653,1.709
2019-11-28,2.751118889,2.056288017,38.5,10.7,1.37,0.723,1.776
2019-11-29,0.0811416,0.084538155,24.4,7.25,1.11,0.651,1.725
2019-11-30,0.113123053,0.07993704,18.9,5.92,0.802,0.547,1.644
2019-12-01,0.05216125,0.042132473,16.4,5.17,0.714,0.512,1.619
2019-12-02,0.027582977,0.011907405,14.8,4.63,0.547,0.478,1.594
2019-12-03,0.001134813,0.000705469,13.7,4.67,0.578,0.476,1.581
2019-12-04,0.12351062,0.223161241,12.6,4.03,0.521,0.453,1.569
2019-12-05,9.652696752,14.70759209,13.5,7.54,0.472,0.444,1.563
2019-12-06,2.979667928,2.83105657,32.8,16.0,1.782,0.767,1.621
2019-12-07,10.7822669,12.43486781,23.5,11.9,1.267,0.714,1.678
2019-12-08,10.76357704,13.93046198,53.4,33.4,2.44,1.176,1.776
2019-12-09,0.4614076,0.630959902,44.3,21.2,2.981,1.509,1.895
2019-12-10,11.61749478,13.79443028,40.5,22.4,1.805,0.894,1.734
2019-12-11,1.50919177,2.092061979,41.4,19.8,2.54,1.208,1.843
2019-12-12,7.698642129,8.295671518,38.7,20.7,1.878,0.892,1.742
2019-12-13,8.481856094,7.535281174,41.8,17.5,2.231,1.06,1.812
2019-12-14,20.07742856,24.89023748,50.4,20.0,2.073,0.943,1.836
2019-12-15,4.114818947,6.518670245,64.9,35.0,2.897,1.327,1.912
2019-12-16,0.029191781,0.027813625,59.4,34.5,3.495,1.705,1.93
2019-12-17,0.300349687,0.286302236,37.6,17.8,2.403,1.177,1.848
2019-12-18,9.696514622,11.64329335,32.3,16.5,1.664,0.824,1.727
2019-12-19,5.020206182,5.176142504,55.3,31.2,2.863,1.284,1.832
2019-12-20,0.577229057,0.525711746,40.6,18.5,2.586,1.294,1.882
2019-12-21,1.31036186,1.054347114,28.3,12.3,1.559,0.82,1.723
2019-12-22,3.72805782,3.709133503,23.7,9.74,1.274,0.712,1.679
2019-12-23,2.749776046,3.188866055,23.7,9.41,1.334,0.687,1.669
2019-12-24,2.452030947,3.369745587,24.8,10.9,1.3,0.684,1.662
2019-12-25,0.002787369,0.005159382,22.2,9.32,1.401,0.715,1.678
2019-12-26,0.683180466,0.466912701,18.3,7.6,1.102,0.623,1.632
2019-12-27,0.169439916,0.115204468,16.1,6.4,0.982,0.573,1.617
2019-12-28,0.002395036,0.00413287,14.7,5.96,0.908,0.541,1.596
2019-12-29,0.005974683,0.009853067,13.5,5.14,0.764,0.511,1.584
2019-12-30,0.310858668,0.586632269,12.4,4.68,0.676,0.481,1.573
2019-12-31,0.01127962,0.014495884,11.6,4.34,0.663,0.463,1.563
2020-01-01,0.026167253,0.058314066,11.0,4.09,0.595,0.448,1.556
2020-01-02,2.573575379,2.890314544,11.0,4.0,0.479,0.436,1.548
2020-01-03,0.413167206,0.741519137,11.4,4.32,0.679,0.46,1.558
2020-01-04,1.099058572,1.755990034,10.4,3.9,0.602,0.432,1.554
2020-01-05,0.795319731,1.238240981,10.9,4.91,0.659,0.462,1.546
2020-01-06,1.250329172,2.299364655,11.3,4.81,0.606,0.482,1.559
2020-01-07,0.502772691,0.859113634,10.8,4.57,0.624,0.477,1.548
2020-01-08,16.93606218,16.52179696,16.7,6.04,0.644,0.456,1.547
2020-01-09,0.223369658,0.302566005,41.1,20.3,2.038,0.879,1.752
2020-01-10,0.010278884,0.015265048,21.5,9.07,1.35,0.738,1.696
2020-01-11,18.94932936,24.62613834,27.3,19.3,1.283,0.674,1.626
2020-01-12,2.476830678,2.26770966,61.1,34.5,3.559,1.731,1.905
2020-01-13,4.030462707,4.485443566,36.4,17.9,2.12,1.042,1.8
2020-01-14,8.272731169,8.658710699,41.6,19.6,1.902,0.921,1.77
2020-01-15,0.100458996,0.101739474,33.0,14.6,2.166,1.003,1.792
2020-01-16,4.823914889,5.065391702,23.5,10.1,1.29,0.73,1.678
2020-01-17,3.830090829,4.273114529,26.0,11.6,1.426,0.719,1.663
2020-01-18,0.032145627,0.037549601,24.5,10.8,1.523,0.765,1.699
2020-01-19,0.093451608,0.109528798,18.6,7.88,1.12,0.646,1.64
2020-01-20,0.005350017,0.000802566,16.3,6.73,0.953,0.585,1.609
2020-01-21,0.066082908,0.127016839,14.5,5.86,0.837,0.544,1.589
2020-01-22,0.125639014,0.184293365,13.4,5.29,0.753,0.514,1.577
2020-01-23,0.049841256,0.078277863,12.6,4.83,0.686,0.49,1.568
2020-01-24,0.087286747,0.164226425,11.8,4.42,0.639,0.469,1.561
2020-01-25,0.114025898,0.158940851,11.1,4.13,0.579,0.449,1.551
2020-01-26,4.167151648,4.416400754,12.0,4.26,0.509,0.444,1.558
2020-01-27,0.881439725,1.37045677,11.6,4.55,0.54,0.464,1.553
2020-01-28,6.886011937,7.679007868,14.9,7.03,0.684,0.51,1.567
2020-01-29,2.83243051,3.404072716,18.7,8.82,1.093,0.641,1.62
2020-01-30,0.474253238,1.098163307,18.0,7.82,1.054,0.657,1.624
2020-01-31,1.322636012,2.287774035,15.6,8.86,0.891,0.598,1.59
2020-02-01,5.493073865,5.121696152,16.0,7.4,1.01,0.638,1.616
2020-02-02,7.946429348,9.169439746,24.5,15.2,1.382,0.724,1.665
2020-02-03,3.343374774,2.354850584,37.0,18.2,2.18,0.951,1.739
2020-02-04,0.018764212,0.012243021,24.4,10.6,1.536,0.778,1.707
2020-02-05,0.000514076,0.000760622,17.8,7.91,1.141,0.659,1.641
2020-02-06,0.017019832,0.002402126,14.8,6.38,0.905,0.577,1.598
2020-02-07,1.145073786,1.333280364,13.3,5.5,0.745,0.528,1.577
2020-02-08,43.31905908,47.41381677,22.3,11.5,0.699,0.516,1.571
2020-02-09,32.72247562,27.99317324,192.0,79.4,3.43,2.059,2.257
2020-02-10,10.15354348,9.515245313,147.0,66.0,4.071,2.995,2.367
2020-02-11,3.552438578,2.923177267,95.5,43.2,3.519,2.167,2.168
2020-02-12,9.49021185,9.18869377,60.5,27.1,2.59,1.46,1.954
2020-02-13,0.074180994,0.016414791,56.2,23.6,2.31,1.168,1.895
2020-02-14,1.564073573,1.890967643,36.4,15.1,1.776,0.924,1.792
2020-02-15,43.5818064,45.5286639,87.5,35.5,2.267,1.133,1.819
2020-02-16,1.068905282,0.694193074,120.0,54.2,3.991,2.32,2.298
2020-02-17,2.516178517,2.894052061,70.0,35.9,3.245,1.906,2.014
2020-02-18,4.211053786,4.684326025,49.4,24.7,2.292,1.283,1.886
2020-02-19,10.53894236,15.28010896,41.3,22.4,1.934,1.0,1.788
2020-02-20,8.496588287,9.523462064,64.2,34.5,3.195,1.56,1.897
2020-02-21,34.59034883,38.97926891,90.3,46.4,3.137,1.596,1.905
2020-02-22,20.04822765,22.91175331,124.0,69.6,4.152,2.608,2.253
2020-02-23,17.67479149,18.882168,120.0,63.7,4.06,2.683,2.229
2020-02-24,13.34779104,14.84882102,141.0,69.1,3.865,2.487,2.236
2020-02-25,7.720084427,9.265982916,115.0,57.6,3.901,2.735,2.206
2020-02-26,3.998404769,4.424517864,79.5,40.2,3.328,1.982,2.055
2020-02-27,0.496661041,0.50114845,56.5,27.6,2.641,1.447,1.926
2020-02-28,14.59737098,15.18782124,62.1,31.7,2.458,1.277,1.875
2020-02-29,8.762133565,9.749026687,71.1,34.0,2.922,1.509,1.96
2020-03-01,0.65715958,0.982433492,54.4,25.2,2.86,1.444,1.934
2020-03-02,6.598023543,6.521359325,37.6,16.3,1.774,0.928,1.771
2020-03-03,0.770691679,0.660179627,35.9,14.4,1.719,0.872,1.764
2020-03-04,0.024197474,0.028246112,27.7,11.1,1.449,0.784,1.729
2020-03-05,0.039911931,0.005939165,22.8,8.92,1.142,0.691,1.676
2020-03-06,0.164843258,0.320674105,19.2,7.3,1.016,0.62,1.646
2020-03-07,9.362704459,11.28725537,17.9,6.78,0.839,0.571,1.622
2020-03-08,5.146889488,4.658105682,29.4,13.6,1.419,0.743,1.676
2020-03-09,19.05768928,19.92540854,41.4,20.4,1.459,0.763,1.725
2020-03-10,3.0834832,3.380351765,81.2,37.1,3.329,1.761,2.002
2020-03-11,13.77184879,14.96972343,52.4,22.1,2.25,1.128,1.869
2020-03-12,1.412394777,1.666369259,49.4,21.7,2.514,1.148,1.884
2020-03-13,0.754748074,0.804805243,31.7,13.1,1.774,0.879,1.758
2020-03-14,9.793590003,12.02830265,26.3,11.4,1.281,0.733,1.69
2020-03-15,0.577065019,0.569827664,40.4,20.3,2.09,0.983,1.738
2020-03-16,0.839813259,1.488994351,25.0,10.5,1.445,0.777,1.696
2020-03-17,7.696736488,11.32406215,21.3,11.5,1.168,0.667,1.648
2020-03-18,0.239313219,0.157302663,30.3,15.4,1.803,0.833,1.681
2020-03-19,0.016377548,0.039360718,20.7,9.07,1.374,0.748,1.677
2020-03-20,0.000611003,0.000918367,17.0,7.4,1.046,0.625,1.618
2020-03-21,0.0,0.0,14.7,5.88,0.84,0.56,1.595
2020-03-22,0.00169062,0.003034322,13.1,5.01,0.704,0.511,1.579
2020-03-23,0.000449018,0.000242632,12.1,4.45,0.614,0.479,1.566
2020-03-24,0.0,0.0,11.3,3.98,0.508,0.453,1.558
2020-03-25,0.0,0.0,10.5,3.6,0.452,0.431,1.549
2020-03-26,0.000912964,0.00076266,9.71,3.25,0.422,0.41,1.54
2020-03-27,0.000155624,0.000262367,9.17,2.95,0.373,0.39,1.536
2020-03-28,0.219543488,0.384013998,8.59,2.72,0.391,0.374,1.534
2020-03-29,0.028274998,0.014337379,8.14,2.46,0.351,0.357,1.527
2020-03-30,0.383706174,0.164900579,7.84,2.34,0.316,0.347,1.52
2020-03-31,0.007370259,0.010811908,7.56,2.24,0.299,0.339,1.517
2020-04-01,0.136732238,0.233405077,7.38,2.13,0.26,0.333,1.515
2020-04-02,0.423589655,0.737825077,7.22,2.03,0.24,0.323,1.518
2020-04-03,0.133409283,0.232268792,6.81,1.93,0.253,0.318,1.513
2020-04-04,0.001709802,0.001547124,6.59,1.84,0.228,0.311,1.509
2020-04-05,0.894924915,1.406596869,6.51,1.77,0.189,0.304,1.506
2020-04-06,0.115913162,0.101835065,6.34,1.69,0.214,0.3,1.506
2020-04-07,3.03e-06,0.0,5.98,1.58,0.191,0.29,1.5
2020-04-08,0.000541904,0.000456187,5.9,1.53,0.176,0.283,1.497
2020-04-09,0.000544931,0.000456187,5.74,1.47,0.194,0.279,1.499
2020-04-10,1.72340944,3.321437868,5.7,1.49,0.167,0.276,1.498
2020-04-11,0.001057515,0.002411245,5.72,1.51,0.161,0.288,1.499
2020-04-12,0.046485497,0.025775819,5.47,1.39,0.144,0.275,1.496
2020-04-13,4.72e-05,0.000105783,5.22,1.25,0.187,0.264,1.493
2020-04-14,1.25e-05,3.02e-05,5.16,1.19,0.138,0.254,1.489
2020-04-15,2.46e-05,5.6e-05,5.13,1.17,0.132,0.253,1.487
2020-04-16,0.0,0.0,5.03,1.12,0.12,0.25,1.486
2020-04-17,0.048943928,0.05934006,4.88,1.09,0.128,0.245,1.486
2020-04-18,0.046193757,0.041550954,4.74,1.05,0.14,0.24,1.484
2020-04-19,0.009433132,0.018629357,4.72,1.01,0.12,0.239,1.485
2020-04-20,5.37e-06,1.3e-05,4.62,0.971,0.11,0.234,1.481
2020-04-21,0.000141172,0.000188279,4.51,0.949,0.11,0.23,1.482
2020-04-22,6.34e-05,0.000148287,4.48,0.944,0.107,0.229,1.481
2020-04-23,0.000543367,0.000457032,4.46,0.927,0.098,0.228,1.48
2020-04-24,0.000132998,0.00015816,4.38,0.908,0.096,0.226,1.481
2020-04-25,0.000613001,0.000492456,4.34,0.902,0.087,0.225,1.479
2020-04-26,0.034034009,0.048159795,4.34,0.887,0.093,0.223,1.479
2020-04-27,8.23e-05,0.000131498,4.33,0.865,0.076,0.216,1.479
2020-04-28,3.725412057,3.585980718,4.8,0.897,0.079,0.209,1.478
2020-04-29,4.0854342,3.470594778,6.02,1.03,0.072,0.224,1.503
2020-04-30,3.851628849,4.359556199,5.26,1.01,0.058,0.227,1.49
2020-05-01,0.829388436,0.995652447,4.74,1.01,0.078,0.23,1.489
2020-05-02,0.007036174,0.009966784,4.38,0.887,0.07,0.217,1.482
2020-05-03,1.059012714,0.432426936,4.47,0.888,0.064,0.211,1.476
2020-05-04,0.145096603,0.009343671,4.39,0.889,0.106,0.216,1.478
2020-05-05,4.67e-05,8e-05,4.17,0.824,0.061,0.209,1.477
2020-05-06,0.0,0.0,4.05,0.802,0.053,0.204,1.487
2020-05-07,0.002894905,0.00312021,4.02,0.781,0.054,0.201,1.495
2020-05-08,0.000133726,0.000114737,3.96,0.766,0.036,0.199,1.494
2020-05-09,0.493004781,0.015838529,4.42,0.755,0.035,0.197,1.492
2020-05-10,0.030952567,0.033967624,3.83,0.736,0.135,0.196,1.493
2020-05-11,0.07522831,0.011357148,3.79,0.734,0.081,0.195,1.489
2020-05-12,0.140304894,0.068657201,3.76,0.734,0.075,0.194,1.488
2020-05-13,0.000305376,0.000439891,3.71,0.716,0.082,0.193,1.487
2020-05-14,0.0,0.0,3.67,0.703,0.083,0.191,1.485
2020-05-15,0.001394006,0.001176779,3.64,0.694,0.074,0.19,1.487
2020-05-16,0.001378542,0.001151183,3.58,0.677,0.068,0.188,1.484
2020-05-17,0.040881327,0.09315182,3.54,0.662,0.065,0.185,1.481
2020-05-18,3.227415016,6.263793854,3.49,0.689,0.094,0.186,1.48
2020-05-19,0.240145044,0.490206235,3.71,0.766,0.084,0.199,1.483
2020-05-20,0.000133598,0.00014954,3.72,0.708,0.067,0.193,1.482
2020-05-21,3.228428988,4.358046129,3.58,0.678,0.052,0.188,1.478
2020-05-22,1.858486619,3.13122358,3.86,0.743,0.069,0.193,1.48
2020-05-23,1.133269106,1.210892315,3.52,0.671,0.104,0.189,1.486
2020-05-24,0.273088195,0.610101625,3.62,0.656,0.129,0.185,1.481
2020-05-25,0.011268988,0.027002659,3.52,0.641,0.07,0.184,1.481
2020-05-26,0.000267031,0.000538112,3.46,0.628,0.078,0.182,1.478
2020-05-27,1.62e-05,2.56e-05,3.49,0.614,0.103,0.179,1.478
2020-05-28,0.000148547,0.00021685,3.47,0.587,0.039,0.176,1.475
2020-05-29,0.0,0.0,3.46,0.564,0.042,0.172,1.475
2020-05-30,0.0,0.0,3.36,0.549,0.015,0.168,1.474
2020-05-31,7.83e-05,3.63e-05,3.34,0.54,0.018,0.168,1.473
2020-06-01,0.000861738,0.000674062,3.3,0.542,0.014,0.168,1.47
2020-06-02,5.976188139,7.41413454,3.34,0.556,-0.015,0.167,1.469
2020-06-03,0.61285449,0.280235567,4.18,0.739,0.072,0.19,1.478
2020-06-04,5.787343292,4.687820506,5.38,0.691,0.012,0.188,1.496
2020-06-05,11.15899084,10.21448156,6.18,0.825,0.038,0.197,1.512
2020-06-06,4.15805428,3.359199288,6.89,0.965,0.062,0.221,1.517
2020-06-07,0.393718818,0.180832277,5.84,0.839,0.071,0.214,1.511
2020-06-08,0.001105479,0.002380047,4.2,0.68,0.034,0.192,1.492
2020-06-09,3.271686388,4.046791033,3.98,0.664,-0.008,0.183,1.479
2020-06-10,6.918969077,6.21875224,6.77,0.871,0.016,0.201,1.495
2020-06-11,15.04440279,8.849975828,7.76,0.876,0.059,0.213,1.53
2020-06-12,6.090853564,2.907150149,21.8,1.19,0.056,0.235,1.699
2020-06-13,0.920523878,0.209847056,7.26,0.89,0.023,0.217,1.53
2020-06-14,0.003766863,0.002639737,5.28,0.74,-0.032,0.203,1.511
2020-06-15,1.120098117,2.56797943,4.49,0.69,-0.072,0.19,1.481
2020-06-16,1.320389898,1.357916622,4.1,0.829,-0.073,0.201,1.478
2020-06-17,0.254743439,0.054176642,4.04,0.758,-0.085,0.201,1.486
2020-06-18,5.348782002,4.137862031,5.47,0.775,0.0,0.194,1.497
2020-06-19,5.046162855,5.879260302,6.05,0.871,0.034,0.208,1.511
2020-06-20,5.755013371,5.193674273,5.29,0.954,-0.029,0.223,1.505
2020-06-21,1.264039559,2.002754718,6.81,1.02,0.019,0.218,1.548
2020-06-22,0.026455807,0.048887602,4.68,0.93,0.004,0.23,1.5
2020-06-23,0.02288257,0.05527328,3.98,0.752,-0.066,0.201,1.488
2020-06-24,6.3e-05,8.36e-05,4.05,0.611,-0.14,0.184,1.478
2020-06-25,0.000557916,0.001023695,3.75,0.547,-0.019,0.172,1.466
2020-06-26,7.416209407,7.361592915,5.28,0.849,-0.17,0.167,1.509
2020-06-27,22.94578758,30.33152364,9.59,3.83,0.161,0.316,1.587
2020-06-28,18.52202964,22.86930793,18.4,10.5,1.232,0.643,1.623
2020-06-29,5.156335758,5.194453442,26.2,14.3,1.825,0.83,1.727
2020-06-30,0.892406669,0.854815568,15.4,5.92,0.867,0.638,1.7
2020-07-01,6.574877188,4.644043768,9.86,3.24,0.357,0.432,1.596
2020-07-02,3.279811673,5.086426417,11.0,2.61,0.506,0.357,1.597
2020-07-03,15.54006662,21.28623884,15.8,13.3,0.797,0.528,1.589
2020-07-04,4.221540431,5.331068151,29.6,15.9,2.227,1.079,1.788
2020-07-05,12.39829566,13.66386409,21.9,11.8,1.404,0.727,1.714
2020-07-06,0.06316386,0.139303117,21.9,10.1,1.511,0.799,1.75
2020-07-07,5.948574738,4.018337195,15.0,5.56,0.797,0.531,1.653
2020-07-08,26.86590903,25.58754218,27.2,8.47,0.581,0.478,1.651
2020-07-09,2.408848076,1.888138459,57.1,23.1,2.364,1.099,1.954
2020-07-10,3.632894421,2.04959763,30.9,9.06,1.341,0.796,1.758
2020-07-11,0.00163055,0.001376096,17.3,5.34,0.765,0.555,1.646
2020-07-12,0.38135163,0.226451819,12.2,3.66,0.482,0.445,1.577
2020-07-13,0.610284851,0.872718297,10.0,2.95,0.352,0.387,1.564
2020-07-14,1.176788656,1.476454521,8.59,2.44,0.281,0.356,1.573
2020-07-15,0.72808533,0.987978377,7.91,2.23,0.236,0.333,1.565
2020-07-16,0.081520788,0.190721238,7.25,1.9,0.197,0.312,1.565
2020-07-17,0.809306694,1.620301954,6.69,1.7,0.156,0.292,1.547
2020-07-18,0.826186866,1.225380036,6.39,1.69,0.145,0.285,1.548
2020-07-19,0.002772946,0.004413052,6.03,1.59,0.147,0.289,1.543
2020-07-20,0.003095352,0.002875426,5.6,1.37,0.101,0.266,1.535
2020-07-21,0.003086209,0.003629277,5.32,1.26,0.077,0.253,1.529
2020-07-22,2.211940766,4.165098791,5.21,1.22,0.064,0.246,1.525
2020-07-23,1.061718182,1.70697384,5.3,1.51,0.09,0.254,1.523
2020-07-24,3.595809124,4.413265367,5.74,1.61,0.142,0.288,1.525
2020-07-25,3.857169357,3.491243124,6.17,1.61,0.129,0.278,1.528
2020-07-26,7.938659315,9.738283114,6.25,1.84,0.159,0.285,1.544
2020-07-27,6.887881122,7.095389286,12.9,6.06,0.503,0.382,1.592
2020-07-28,2.042450366,2.6115228,11.4,4.29,0.705,0.532,1.625
2020-07-29,2.795584194,4.264352997,7.66,2.7,0.366,0.387,1.562
2020-07-30,0.099433844,0.122564848,6.73,2.53,0.27,0.343,1.535
2020-07-31,1.371350592,1.637887662,6.74,2.01,0.229,0.331,1.529
2020-08-01,1.835119629,2.540105268,5.5,1.71,0.158,0.294,1.52
2020-08-02,0.320667235,0.714777857,5.37,2.11,0.182,0.288,1.511
2020-08-03,0.450234949,0.512960427,5.7,1.84,0.176,0.315,1.511
2020-08-04,5.619046132,9.043624512,5.37,1.68,0.081,0.28,1.503
2020-08-05,2.280844726,2.028693176,7.26,3.97,0.356,0.335,1.502
2020-08-06,0.001655993,0.001818368,7.24,2.96,0.36,0.407,1.564
2020-08-07,0.009031745,0.002913378,5.99,2.11,0.195,0.336,1.536
2020-08-08,9.08e-07,0.0,5.25,1.71,0.119,0.3,1.519
2020-08-09,0.1014619,0.035069966,4.88,1.48,0.07,0.275,1.508
2020-08-10,0.91722157,1.620984144,4.76,1.35,0.042,0.263,1.504
2020-08-11,0.520043784,0.136645431,4.8,1.28,0.023,0.254,1.499
2020-08-12,0.085159719,0.172388923,4.68,1.07,0.006,0.242,1.495
2020-08-13,0.008351387,0.011386698,4.29,0.977,-0.008,0.223,1.491
2020-08-14,0.003155194,0.005346177,4.3,0.911,0.063,0.218,1.49
2020-08-15,3.218821636,4.190212935,4.43,0.93,0.152,0.213,1.489
2020-08-16,8.183840014,9.389268153,5.92,1.06,0.179,0.225,1.522
2020-08-17,9.908553617,7.634291467,8.83,1.39,0.251,0.261,1.537
2020-08-18,2.777118712,4.34173164,7.8,2.62,0.355,0.279,1.55
2020-08-19,9.298976075,9.073380733,11.1,2.33,0.424,0.331,1.556
2020-08-20,2.907195385,3.289544554,9.97,3.9,0.653,0.444,1.616
2020-08-21,12.46379437,18.20458126,8.88,3.81,0.508,0.338,1.564
2020-08-22,9.456312099,9.703905831,23.4,17.1,1.699,0.873,1.658
2020-08-23,2.932950461,3.919333478,23.2,10.8,1.851,0.872,1.79
2020-08-24,16.54300381,15.43111099,14.1,6.21,1.053,0.581,1.646
2020-08-25,20.26207725,21.93424021,60.5,35.9,2.115,1.219,1.848
2020-08-26,0.119894905,0.084790018,52.3,25.7,3.304,1.791,1.987
2020-08-27,14.52091234,12.19867684,32.1,14.1,1.726,0.811,1.729
2020-08-28,1.095190689,0.492355284,41.1,14.3,1.946,0.898,1.816
2020-08-29,0.827961403,0.195312579,22.5,8.06,1.235,0.726,1.741
2020-08-30,0.000562636,0.000492452,15.7,5.45,0.849,0.55,1.629
2020-08-31,0.006008623,0.00029228,12.3,4.07,0.649,0.467,1.587
2020-09-01,0.001829933,0.002400223,10.6,3.26,0.536,0.414,1.576
2020-09-02,18.47883832,18.08055552,23.5,7.07,0.591,0.499,1.796
2020-09-03,0.185384455,0.23430452,24.4,8.6,1.398,0.741,1.735
2020-09-04,0.763262568,1.022611707,14.8,4.82,0.807,0.521,1.667
2020-09-05,1.042548914,2.14257325,11.5,3.75,0.605,0.443,1.615
2020-09-06,3.441689319,3.718275713,10.3,3.31,0.528,0.408,1.593
2020-09-07,1.930278601,2.572768875,10.1,3.41,0.52,0.4,1.586
2020-09-08,2.988858784,4.653693081,9.98,3.7,0.567,0.419,1.583
2020-09-09,0.001655771,0.00272457,10.6,4.45,0.674,0.459,1.586
2020-09-10,0.002067502,0.003511798,9.5,3.46,0.574,0.417,1.588
2020-09-11,2.961058889,3.838132806,8.56,3.02,0.476,0.385,1.568
2020-09-12,0.008771848,0.017033631,8.3,3.0,0.482,0.388,1.572
2020-09-13,0.020770534,0.037899432,7.54,2.46,0.41,0.357,1.56
2020-09-14,0.000195842,0.00021397,6.94,2.15,0.353,0.328,1.545
2020-09-15,0.467950328,1.038467216,6.48,1.95,0.319,0.312,1.533
2020-09-16,0.008347398,0.018868748,6.14,1.8,0.294,0.3,1.527
2020-09-17,0.002211695,0.002442801,5.88,1.66,0.269,0.288,1.522
2020-09-18,0.0,0.0,5.65,1.56,0.249,0.279,1.518
2020-09-19,0.053063097,0.050631372,5.39,1.46,0.231,0.271,1.515
2020-09-20,0.010839499,0.002763592,5.27,1.4,0.219,0.263,1.51
2020-09-21,0.028830653,0.049176795,5.26,1.37,0.212,0.258,1.508
2020-09-22,11.05680074,14.14958016,5.16,1.38,0.203,0.254,1.507
2020-09-23,13.56541274,13.60704128,15.2,5.55,0.49,0.383,1.573
2020-09-24,7.24622433,7.610019915,23.1,7.31,0.995,0.597,1.673
2020-09-25,0.142625248,0.196248253,16.4,5.37,0.913,0.579,1.699
2020-09-26,0.000640727,0.000551516,10.1,3.41,0.559,0.427,1.607
2020-09-27,0.013487126,0.02997585,7.91,2.68,0.432,0.37,1.567
2020-09-28,0.392404044,0.683232557,7.09,2.35,0.37,0.339,1.549
2020-09-29,0.331692479,0.636515241,6.6,2.19,0.344,0.325,1.541
2020-09-30,11.34657022,13.70817384,10.3,6.51,0.459,0.352,1.577
2020-10-01,0.027770991,0.010620282,15.8,6.99,1.262,0.682,1.64
2020-10-02,6.046622935,6.109207666,10.2,4.25,0.69,0.478,1.606
2020-10-03,31.44325392,31.90520821,58.7,28.1,1.341,1.036,1.859
2020-10-04,0.504724646,0.345149449,63.4,29.8,3.418,1.824,2.047
2020-10-05,2.110254392,2.824594519,29.0,12.1,1.739,0.966,1.81
2020-10-06,4.588089456,4.87534867,21.8,9.06,1.178,0.675,1.66
2020-10-07,23.19264779,21.21465937,30.2,12.0,1.156,0.671,1.646
2020-10-08,2.168136044,2.959168433,71.4,30.8,2.749,1.406,1.977
2020-10-09,4.282016792,5.041583768,33.7,14.0,1.877,0.946,1.821
2020-10-10,1.611027259,0.72547355,30.6,10.8,1.448,0.753,1.739
2020-10-11,0.045564295,0.086855101,21.2,7.83,1.121,0.669,1.695
2020-10-12,1.784908822,1.804223468,17.5,6.61,0.918,0.575,1.626
2020-10-13,4.469883537,4.714998059,17.8,6.46,0.863,0.55,1.619
2020-10-14,1.826224525,1.270894117,17.2,6.15,0.878,0.569,1.631
2020-10-15,0.846350883,0.542457293,15.3,5.17,0.745,0.514,1.604
2020-10-16,0.158299175,0.093576475,13.0,4.53,0.663,0.481,1.585
2020-10-17,0.215140193,0.135788596,11.5,3.98,0.592,0.453,1.564
2020-10-18,0.004359423,0.008238212,10.4,3.59,0.532,0.425,1.549
2020-10-19,4.059245867,6.088428601,10.2,3.58,0.524,0.423,1.541
2020-10-20,3.355528897,3.950291897,11.7,5.24,0.698,0.476,1.544
2020-10-21,2.924358329,4.475590575,13.9,7.12,0.886,0.542,1.586
2020-10-22,0.863388987,1.50676931,14.5,6.8,0.999,0.588,1.589
2020-10-23,1.318584683,2.074922676,12.8,5.88,0.874,0.545,1.579
2020-10-24,13.45387043,14.85039028,25.8,13.6,1.094,0.691,1.675
2020-10-25,4.154632552,5.645405147,27.5,11.3,1.857,0.902,1.772
2020-10-26,6.663266261,9.194221295,28.7,18.9,1.678,0.767,1.665
2020-10-27,7.049318094,8.455601637,40.1,23.5,2.565,1.122,1.785
2020-10-28,6.566065954,6.944902009,37.7,18.8,2.355,1.126,1.807
2020-10-29,16.81036813,20.57827193,60.5,35.3,2.608,1.226,1.845
2020-10-30,1.306597528,1.007754097,57.3,30.1,3.386,1.682,1.953
2020-10-31,3.979254877,4.728669208,37.2,17.3,2.196,0.999,1.805
2020-11-01,39.46039573,51.70369929,60.1,34.4,1.967,1.077,1.756
2020-11-02,14.24591689,16.2222163,124.0,84.6,4.286,2.714,2.191
2020-11-03,1.919198922,1.727345197,112.0,64.3,4.104,2.988,2.257
2020-11-04,0.042161774,0.037218696,68.5,37.1,3.219,1.981,2.053
2020-11-05,0.129928074,0.065653302,44.0,22.4,2.218,1.355,1.893
2020-11-06,0.034891668,0.038194909,28.8,13.1,1.535,0.876,1.746
2020-11-07,0.349437669,0.188015621,22.0,9.47,1.198,0.724,1.676
2020-11-08,1.285449842,1.535794046,18.8,7.77,1.008,0.64,1.638
2020-11-09,0.987285068,0.988122146,16.6,6.74,0.913,0.594,1.637
2020-11-10,0.162771742,0.27162932,14.8,5.94,0.834,0.556,1.639
2020-11-11,6.010143341,8.338091699,14.4,5.58,0.77,0.521,1.62
2020-11-12,5.16536656,6.673701118,17.5,7.87,1.038,0.619,1.652
2020-11-13,0.964741774,1.206374822,19.9,9.44,1.177,0.648,1.67
2020-11-14,2.780947796,2.618164154,18.4,7.77,1.117,0.644,1.671
2020-11-15,9.300061586,11.36834229,21.7,10.4,1.103,0.64,1.676
2020-11-16,3.551710245,5.768011229,28.2,13.6,1.704,0.815,1.765
2020-11-17,0.161025082,0.344905272,28.1,14.2,1.913,0.879,1.76
2020-11-18,9.800817825,12.61045635,24.0,12.8,1.434,0.72,1.713
2020-11-19,0.185841433,0.170602259,32.5,15.9,2.095,0.955,1.785
2020-11-20,1.866794139,2.611404144,21.9,10.3,1.43,0.736,1.721
2020-11-21,1.406184536,1.752649853,20.3,9.67,1.34,0.708,1.692
2020-11-22,1.097301901,0.850374933,18.1,7.97,1.173,0.659,1.677
2020-11-23,0.018434129,0.040792143,15.5,6.65,0.982,0.595,1.619
2020-11-24,1.231119907,1.708106477,13.8,5.84,0.867,0.553,1.564
2020-11-25,0.447463304,0.184759747,12.9,5.32,0.794,0.527,1.554
2020-11-26,0.053674912,0.033558677,11.6,4.74,0.717,0.498,1.545
2020-11-27,0.046170098,0.045870488,10.9,4.35,0.66,0.476,1.535
2020-11-28,4.605172792,4.517841016,12.3,4.59,0.641,0.463,1.55
2020-11-29,0.488963879,0.557538029,12.3,4.79,0.724,0.502,1.552
2020-11-30,1.484751129,1.877143445,11.6,4.59,0.672,0.47,1.544
2020-12-01,0.136622562,0.2434519,11.1,4.27,0.659,0.464,1.54
2020-12-02,10.0932894,12.81435985,11.3,4.69,0.607,0.442,1.531
2020-12-03,8.86774504,7.241852453,36.4,16.9,1.62,0.715,1.641
2020-12-04,12.87314244,10.88091055,48.3,17.4,1.923,0.9,1.801
2020-12-05,1.621472691,0.739343656,42.9,15.5,2.101,0.989,1.848
2020-12-06,0.910029341,0.617529935,30.5,9.99,1.445,0.754,1.726
2020-12-07,1.431436664,2.718444594,24.2,8.04,1.16,0.649,1.672
2020-12-08,2.690122569,3.299613304,23.1,9.92,1.182,0.627,1.624
2020-12-09,0.434633731,0.401607808,22.8,8.41,1.281,0.685,1.662
2020-12-10,5.336425581,5.266045288,19.8,6.97,0.982,0.585,1.608
2020-12-11,2.645943301,2.95560211,27.6,11.7,1.369,0.709,1.678
2020-12-12,2.44605564,2.667160938,23.4,9.49,1.331,0.7,1.664
2020-12-13,11.94862402,14.40852729,42.7,22.6,1.778,1.076,1.762
2020-12-14,1.543203946,2.391335213,43.9,22.7,2.742,1.287,1.836
2020-12-15,2.966367113,3.616452214,29.2,12.8,1.847,0.901,1.734
2020-12-16,5.381744336,5.300548552,33.5,12.4,1.477,0.731,1.666
2020-12-17,5.380638078,6.772597373,27.1,11.1,1.426,0.737,1.682
2020-12-18,4.973700729,5.407409578,32.3,16.0,1.844,0.859,1.716
2020-12-19,2.313841742,3.288659866,31.4,15.1,1.887,0.869,1.714
2020-12-20,0.979496909,0.641193705,26.0,11.3,1.644,0.804,1.68
2020-12-21,3.192308942,3.674911563,23.1,9.5,1.267,0.678,1.645
2020-12-22,2.995742412,2.565680582,21.7,8.77,1.249,0.678,1.641
2020-12-23,2.641697174,2.127088545,24.2,7.98,1.096,0.63,1.666
2020-12-24,0.042604757,0.040211054,18.8,6.54,0.965,0.585,1.631
2020-12-25,1.754240385,2.244929897,15.6,5.68,0.816,0.529,1.59
2020-12-26,34.19955273,35.72677262,54.5,25.5,1.075,0.812,1.658
2020-12-27,9.269754022,11.68887236,101.0,50.1,3.97,2.178,2.124
2020-12-28,2.48432683,1.78350836,66.4,34.4,3.292,1.832,1.981
2020-12-29,0.105066685,0.080461477,43.6,18.9,2.161,1.212,1.853
2020-12-30,0.010690976,0.010195676,27.7,10.9,1.455,0.828,1.714
2020-12-31,0.644272479,0.663349589,21.2,7.96,1.09,0.234,1.646
2021-01-01,0.108262709,0.16674623,19.0,6.93,0.939,0.234,1.618
2021-01-02,2.877764964,3.27265223,17.2,6.15,0.876,0.234,1.605
2021-01-03,0.692914013,0.554088098,16.0,5.53,0.792,0.083,1.592
2021-01-04,0.813168414,0.622920539,15.0,5.31,0.748,0.083,1.581
2021-01-05,0.551694363,0.57761459,14.4,5.06,0.726,0.502,1.576
2021-01-06,0.083582719,0.087659008,13.4,4.68,0.687,0.487,1.564
2021-01-07,4.082157066,3.512870682,12.6,4.25,0.622,0.458,1.552
2021-01-08,4.251125522,2.847537152,15.1,4.47,0.623,0.456,1.575
2021-01-09,0.403793686,0.545015323,13.0,4.08,0.609,0.453,1.568
2021-01-10,0.751439281,1.188632444,18.8,7.21,0.704,0.502,1.583
2021-01-11,12.33109234,13.01703307,42.0,15.5,1.51,0.755,1.717
2021-01-12,0.235562616,0.228178106,39.5,14.9,2.074,0.959,1.824
2021-01-13,25.71199623,26.82790059,40.0,19.0,1.408,0.735,1.692
2021-01-14,6.283246159,6.060964267,71.6,33.4,3.357,1.602,1.952
2021-01-15,10.09706832,11.74591917,40.8,16.6,2.172,1.044,1.828
2021-01-16,1.922170623,2.000514956,86.9,39.1,2.789,1.376,1.942
2021-01-17,2.513684597,2.229824263,57.9,24.0,2.878,1.415,1.976
2021-01-18,9.877939544,12.31485031,43.8,18.9,1.969,0.953,1.806
2021-01-19,28.12376364,36.89471527,91.9,48.8,3.143,1.578,1.948
2021-01-20,24.51952264,29.60254916,131.0,85.3,4.258,2.636,2.167
2021-01-21,5.966024297,5.399398381,147.0,73.7,4.188,3.104,2.302
2021-01-22,0.463301182,0.760291768,86.6,43.5,3.548,2.248,2.124
2021-01-23,0.379867246,0.452288115,54.3,27.4,2.536,1.464,1.915
2021-01-24,0.039820883,0.030856594,35.1,16.2,1.779,0.998,1.787
2021-01-25,0.333656115,0.408384918,25.5,10.9,1.299,0.776,1.699
2021-01-26,3.263932497,3.92571523,22.4,9.7,1.106,0.681,1.649
2021-01-27,18.53438712,19.39676126,29.6,12.3,1.324,0.728,1.651
2021-01-28,10.81905143,13.43205189,82.7,40.3,2.851,1.359,1.956
2021-01-29,0.169003705,0.202951162,62.4,30.2,3.4,1.68,1.975
2021-01-30,0.012637201,0.00259505,36.3,16.3,2.053,1.01,1.797
2021-01-31,0.029106553,0.002964143,25.6,10.8,1.404,0.774,1.69
2021-02-01,3.467270259,3.893975392,21.0,8.85,1.149,0.677,1.641
2021-02-02,23.58749851,22.84637903,36.5,19.5,1.184,0.663,1.684
2021-02-03,7.229726857,7.143153055,84.3,38.8,3.587,1.763,1.952
2021-02-04,2.502164056,1.701415484,67.1,26.6,2.851,1.366,1.964
2021-02-05,11.42422223,7.174417634,47.8,17.3,2.102,1.01,1.875
2021-02-06,19.12927661,10.86453931,140.0,31.2,2.363,1.208,2.146
2021-02-07,0.183162614,0.082984773,62.6,18.7,2.379,1.171,2.045
2021-02-08,0.499516988,0.430231798,35.9,11.7,1.53,0.811,1.786
2021-02-09,0.442113579,0.47193794,26.5,8.77,1.179,0.686,1.69
2021-02-10,0.377187905,0.310429997,21.2,7.11,0.976,0.611,1.644
2021-02-11,0.008792643,0.00719854,17.9,6.18,0.853,0.557,1.615
2021-02-12,0.001240612,0.002691871,15.7,5.25,0.758,0.521,1.585
2021-02-13,0.009379032,0.009844916,14.1,4.66,0.665,0.482,1.565
2021-02-14,3.315124821,3.796781904,14.4,4.94,0.631,0.468,1.556
2021-02-15,1.44069453,1.734224833,17.3,6.18,0.813,0.532,1.579
2021-02-16,4.449004679,4.436085255,20.4,8.58,0.978,0.589,1.614
2021-02-17,2.454750529,3.062893168,20.4,7.86,1.173,0.664,1.628
2021-02-18,1.633300882,2.130486108,17.6,7.4,0.984,0.595,1.595
2021-02-19,2.551420181,2.993156328,16.7,6.99,0.963,0.589,1.583
2021-02-20,1.438129596,2.199018507,17.1,7.78,1.014,0.602,1.585
2021-02-21,3.905840095,4.687555911,15.6,6.82,0.952,0.589,1.583
2021-02-22,0.125876824,0.073252865,16.8,8.02,1.066,0.618,1.577
2021-02-23,4.572058317,7.627025344,14.5,6.81,0.909,0.572,1.57
2021-02-24,5.459141628,8.821336148,23.8,20.3,1.718,0.789,1.62
2021-02-25,0.008822977,0.004157257,27.4,14.1,2.151,1.004,1.694
2021-02-26,0.018453044,0.002182088,16.7,8.37,1.229,0.685,1.606
2021-02-27,0.029856963,0.031375349,13.8,6.61,0.955,0.589,1.569
2021-02-28,0.102539052,0.043087402,12.3,5.64,0.815,0.538,1.551
2021-03-01,0.015721649,0.030947141,11.4,5.02,0.728,0.504,1.539
2021-03-02,0.011124711,0.002413101,10.7,4.53,0.657,0.478,1.527
2021-03-03,0.304935274,0.223509069,10.0,4.14,0.596,0.456,1.522
2021-03-04,0.55740964,0.484807368,9.68,3.85,0.555,0.439,1.519
2021-03-05,0.020329395,0.029004023,9.06,3.55,0.517,0.423,1.513
2021-03-06,0.000506343,0.000896314,8.62,3.31,0.481,0.408,1.507
2021-03-07,0.499541703,0.773055977,8.46,3.06,0.446,0.394,1.503
2021-03-08,0.915403306,1.726160068,8.08,3.03,0.427,0.383,1.496
2021-03-09,10.69492371,13.78024859,8.65,3.43,0.425,0.383,1.492
2021-03-10,20.65076232,22.76662148,33.6,25.1,1.729,0.807,1.63
2021-03-11,6.420735191,8.218423268,62.3,33.9,3.306,1.604,1.898
2021-03-12,14.96282091,13.86638534,53.5,27.5,2.669,1.235,1.83
2021-03-13,3.40404217,3.976879731,64.4,28.2,2.85,1.358,1.914
2021-03-14,5.102612276,5.606637766,40.1,18.8,2.144,1.017,1.787
2021-03-15,1.445359064,1.365940969,31.2,13.8,1.858,0.912,1.739
2021-03-16,0.022010888,0.006261479,22.9,9.73,1.321,0.733,1.67
2021-03-17,0.005172102,0.000257972,17.9,7.4,1.03,0.633,1.609
2021-03-18,0.02137776,0.039460764,15.1,6.09,0.853,0.564,1.579
2021-03-19,0.059489479,0.057938741,13.4,5.23,0.742,0.52,1.56
2021-03-20,0.000235475,0.00032802,12.2,4.64,0.658,0.487,1.545
2021-03-21,0.001961301,0.002615069,11.1,4.17,0.596,0.462,1.536
2021-03-22,0.0,0.0,10.4,3.8,0.547,0.44,1.527
2021-03-23,1.038753041,1.616433815,9.71,3.49,0.502,0.42,1.512
2021-03-24,2.333053997,3.563962135,9.45,3.4,0.491,0.414,1.512
2021-03-25,1.370437654,2.237859744,9.65,3.85,0.563,0.441,1.509
2021-03-26,7.903522479,8.624772297,10.7,4.16,0.526,0.428,1.518
2021-03-27,10.79796011,15.26836617,12.8,5.75,0.739,0.51,1.543
2021-03-28,6.349310972,9.483368711,34.4,28.0,2.173,0.979,1.659
2021-03-29,0.028666385,0.057037082,32.4,16.9,2.442,1.144,1.753
2021-03-30,0.005300571,0.000619053,17.3,8.55,1.248,0.712,1.621
2021-03-31,0.019261453,0.005151896,13.2,6.22,0.901,0.584,1.565
2021-04-01,3.86e-05,5.73e-06,11.0,4.99,0.727,0.513,1.546
2021-04-02,0.000475935,0.00026972,9.99,4.27,0.622,0.472,1.529
2021-04-03,0.017933179,0.001637509,9.11,3.79,0.551,0.442,1.518
2021-04-04,0.174128515,0.235682276,8.69,3.45,0.504,0.421,1.509
2021-04-05,0.00653499,0.010279121,8.06,3.08,0.455,0.4,1.501
2021-04-06,0.203745749,0.134175555,7.59,2.78,0.409,0.38,1.498
2021-04-07,0.48241053,0.86742199,7.29,2.51,0.369,0.361,1.492
2021-04-08,1.641538556,2.002566418,7.18,2.16,0.33,0.335,1.485
2021-04-09,0.030248338,0.003494741,6.98,2.02,0.308,0.319,1.486
2021-04-10,2.511472485,2.475836146,6.67,1.91,0.28,0.304,1.481
2021-04-11,0.888799075,1.046383337,6.6,1.97,0.286,0.307,1.479
2021-04-12,0.000276538,0.000619274,6.42,1.91,0.289,0.31,1.475
2021-04-13,0.04478731,0.075179716,6.14,1.81,0.269,0.299,1.472
2021-04-14,0.002416682,0.001388447,5.97,1.71,0.258,0.294,1.468
2021-04-15,0.000890422,0.001147395,5.72,1.61,0.237,0.283,1.461
2021-04-16,5.34e-05,9.22e-05,5.67,1.54,0.227,0.277,1.462
2021-04-17,1.84e-05,3.06e-05,5.52,1.49,0.218,0.273,1.459
2021-04-18,0.000320327,0.00014817,5.46,1.45,0.212,0.269,1.456
2021-04-19,6.6e-05,4.81e-08,5.36,1.41,0.207,0.265,1.453
2021-04-20,0.027319901,0.001216595,5.27,1.35,0.201,0.262,1.453
2021-04-21,0.000656465,0.000470309,5.09,1.32,0.192,0.256,1.453
2021-04-22,0.0,0.0,5.06,1.28,0.186,0.254,1.448
2021-04-23,0.0,0.0,4.92,1.24,0.182,0.25,1.461
2021-04-24,0.0,0.0,4.79,1.21,0.176,0.247,1.467
2021-04-25,6.24e-05,0.000117438,4.76,1.18,0.173,0.244,1.467
2021-04-26,0.029718247,0.048269044,4.75,1.18,0.171,0.243,1.466
2021-04-27,4.742073407,2.11432906,8.03,1.23,0.175,0.244,1.563
2021-04-28,0.105060843,0.095625549,5.37,1.26,0.176,0.251,1.524
2021-04-29,0.175927052,0.089302092,4.94,1.23,0.169,0.249,1.471
2021-04-30,0.872982965,0.607913509,4.87,1.22,0.166,0.246,1.462
