date,Punjab,Haryana,Rajasthan,Delhi,UP,Uttarakhand,HP,J&K,Chandigarh,Chhattisgarh,Gujarat,MP,Maharashtra,Goa,DNH,Andhra Pradesh,Telangana,Karnataka,Kerala,Tamil Nadu,Pondy,Bihar,Jharkhand,Odisha,West Bengal,Sikkim,Arunachal Pradesh,Assam,Manipur,Meghalaya,Mizoram,Nagaland,Tripura
2019-01-02,119.9,130.3,234.1,85.8,313.9,40.7,30.0,52.5,5.0,78.7,319.5,253.0,428.6,12.8,18.6,164.6,204.2,206.3,72.7,268.3,6.3,82.3,24.8,70.2,108.2,2.0,2.1,21.7,2.7,6.1,1.9,2.2,3.4
2019-01-03,121.9,133.5,240.2,85.5,311.8,39.3,30.1,54.1,4.9,78.8,316.7,253.6,419.6,13.7,18.2,170.1,204.5,212.2,73.6,285.2,6.5,82.0,25.6,67.9,110.2,1.9,2.2,23.4,2.4,6.5,1.8,2.2,3.6
2019-01-04,118.8,128.2,239.8,83.5,320.7,38.1,30.1,53.2,4.8,74.8,301.9,239.3,395.8,12.6,16.7,165.2,201.2,205.3,73.4,270.3,6.4,82.9,26.3,66.3,106.8,1.7,2.2,21.7,2.4,6.3,1.7,2.2,3.5
2019-01-05,121.0,127.5,239.1,79.2,299.0,39.2,30.2,51.5,4.3,69.0,313.2,228.2,411.1,13.0,17.6,167.4,201.7,212.4,75.4,286.8,6.6,77.0,23.0,65.8,107.0,2.0,2.2,22.5,2.7,5.7,1.8,2.3,3.5
2019-01-06,121.4,132.6,240.4,76.6,286.8,39.2,31.0,53.2,4.3,68.1,320.7,227.4,408.6,12.9,18.6,171.2,194.9,217.5,75.4,298.3,7.2,76.4,22.6,62.9,106.4,2.0,2.2,21.7,2.7,6.2,1.9,2.3,3.3
2019-01-07,118.0,132.1,241.9,71.1,294.2,40.1,30.1,53.3,4.0,73.1,319.4,230.3,408.1,12.7,18.3,166.4,191.9,217.4,74.9,294.2,7.0,75.3,23.9,64.0,109.3,1.5,2.2,21.4,2.5,6.1,1.8,2.3,3.3
2019-01-08,107.5,121.4,237.2,69.0,289.4,37.0,29.2,51.2,3.8,74.2,307.9,228.8,398.2,10.9,18.1,160.8,190.8,201.0,68.2,279.2,6.5,76.2,23.3,63.6,102.9,1.6,2.3,20.7,2.6,6.2,1.8,2.1,3.3
2019-01-09,132.5,148.2,197.0,89.2,258.6,35.9,25.3,37.9,3.9,77.2,260.0,162.5,400.9,12.1,18.0,163.0,167.5,173.6,67.9,280.4,7.6,56.4,19.2,86.6,131.7,1.1,2.1,25.8,2.3,6.0,1.7,2.4,4.2
2019-01-10,131.5,157.0,199.9,92.8,284.2,35.3,26.5,31.7,3.9,79.0,268.3,159.6,409.7,12.1,17.8,168.8,173.4,176.0,68.9,290.8,7.9,69.9,21.8,78.8,140.1,1.1,2.1,25.8,2.4,6.2,1.7,2.1,4.3
2019-01-11,130.3,145.3,187.7,79.5,281.4,30.1,23.9,37.3,3.4,80.7,275.0,154.3,405.2,12.1,16.9,167.7,166.7,157.0,67.4,270.5,7.1,76.2,23.3,78.4,149.8,0.8,2.1,27.9,2.4,6.2,1.8,2.1,4.3
2019-01-12,137.9,151.9,189.9,92.6,298.6,34.7,26.4,34.6,4.0,85.2,294.1,161.1,421.8,12.2,17.6,168.1,173.2,163.5,69.9,298.4,8.0,82.3,24.3,82.4,154.7,1.0,2.1,30.1,2.5,6.0,1.8,2.0,4.6
2019-01-13,135.8,141.4,186.9,89.4,310.0,36.7,26.4,32.7,3.8,87.6,301.2,168.6,408.3,12.4,17.6,164.9,176.9,162.4,72.4,314.1,8.4,87.7,24.8,84.3,155.3,1.0,2.1,30.1,2.5,5.9,1.8,2.2,4.8
2019-01-14,139.3,143.8,195.2,82.2,319.5,35.5,26.9,37.6,3.5,89.6,305.6,170.7,406.3,12.4,18.5,163.3,177.0,156.7,69.6,305.9,8.3,88.2,24.8,85.7,143.9,0.9,2.1,31.7,2.5,5.4,1.8,2.1,5.0
2019-01-15,141.1,142.9,185.4,77.8,326.7,34.3,25.6,39.5,3.2,88.0,290.5,170.2,392.1,12.4,17.3,160.7,174.3,138.7,64.2,288.7,7.4,93.7,24.8,82.1,143.4,0.7,2.2,29.2,2.5,5.2,1.7,2.2,4.8
2019-01-16,231.9,180.5,175.3,111.8,399.0,41.0,29.4,41.8,6.0,89.2,299.5,185.1,377.1,11.3,18.9,155.2,161.3,175.2,68.5,301.4,7.6,93.5,22.1,82.6,152.9,0.7,2.2,31.3,2.3,5.6,1.8,2.2,5.8
2019-01-17,253.8,196.4,197.2,115.6,412.5,41.7,29.8,42.3,5.6,83.5,282.0,183.7,368.4,11.3,18.4,161.8,156.5,167.1,70.3,313.9,7.7,98.9,22.3,85.9,167.7,0.8,2.2,33.1,2.5,5.5,1.8,2.2,4.2
2019-01-18,236.4,193.9,209.8,117.9,426.0,40.3,27.9,36.7,5.0,82.2,269.1,183.4,360.8,11.3,18.3,169.9,169.4,182.5,71.6,321.5,8.2,106.1,24.1,89.1,175.9,0.8,2.5,32.5,2.5,5.8,1.6,2.3,4.3
2019-01-19,229.8,201.8,197.6,121.9,437.9,42.4,28.7,38.5,5.3,86.8,260.2,183.7,371.2,11.8,18.1,166.0,171.8,185.0,72.6,325.8,8.3,105.5,23.8,98.1,180.6,0.9,2.4,31.4,2.6,5.6,1.6,2.2,4.8
2019-01-20,195.0,192.3,197.6,121.7,428.3,42.4,28.1,40.4,5.1,90.0,273.8,189.3,362.4,11.8,17.7,153.9,152.0,184.7,72.4,325.4,8.3,106.7,25.0,96.5,178.9,0.9,2.1,33.0,2.6,5.6,1.7,2.2,5.5
2019-01-21,207.1,182.9,189.7,112.2,407.9,39.8,28.8,41.7,5.2,87.5,276.7,187.9,356.6,11.8,17.9,153.3,144.5,179.9,72.1,311.5,8.0,109.1,24.8,97.6,178.9,0.8,2.2,34.3,2.7,5.7,1.8,2.3,5.4
2019-01-22,218.9,178.2,191.9,108.0,417.1,38.8,26.5,42.5,5.1,90.2,263.5,188.2,330.8,8.2,16.3,152.6,150.3,157.5,65.5,295.3,7.6,111.0,23.8,97.2,173.0,0.6,2.3,33.3,2.5,5.7,1.8,2.4,4.9
2019-01-23,136.0,150.5,227.2,109.3,395.8,41.5,27.3,44.3,4.8,105.7,391.4,219.7,499.4,13.5,18.9,194.9,175.0,230.1,82.3,340.6,8.9,101.7,27.5,97.1,183.4,1.1,2.2,22.5,1.8,5.6,1.8,2.2,5.5
2019-01-24,132.5,154.7,231.6,111.9,410.9,41.8,27.6,43.9,5.0,105.9,385.3,219.7,508.9,13.5,18.8,193.7,177.3,214.8,79.5,332.7,9.1,105.0,25.9,98.0,175.5,1.2,2.3,21.3,2.5,5.6,1.6,2.2,4.5
2019-01-25,134.3,155.2,232.4,114.2,408.7,40.2,25.7,43.7,5.1,103.7,380.2,218.4,456.0,13.5,17.4,176.4,160.9,180.6,74.8,298.4,6.6,102.1,23.2,97.1,161.2,0.9,2.2,18.7,2.4,4.9,1.7,2.1,4.9
2019-01-26,135.9,143.2,229.6,112.7,373.4,35.5,26.2,43.1,4.7,105.8,380.6,219.8,485.9,13.5,18.1,172.4,165.2,209.6,80.7,330.0,7.4,100.1,25.0,87.7,169.5,1.2,2.2,22.3,2.4,5.6,1.6,2.2,5.4
2019-01-27,141.2,138.9,226.9,105.0,341.6,37.9,27.0,45.3,4.7,98.3,379.4,212.8,485.2,13.5,18.2,181.0,168.4,223.4,81.9,347.2,8.6,82.8,21.4,51.1,135.6,1.3,2.2,23.6,2.4,5.6,1.8,2.3,4.1
2019-01-28,144.5,148.6,222.4,100.5,393.3,41.8,26.9,46.2,4.4,94.8,377.9,210.0,485.1,11.6,18.3,189.4,168.8,224.5,80.8,346.6,8.8,80.4,18.7,55.8,103.6,1.1,2.0,18.7,2.3,4.7,1.5,2.0,2.4
2019-01-29,139.6,141.8,223.8,96.4,365.3,37.8,24.7,43.9,4.1,94.7,362.8,208.6,475.9,10.7,18.2,189.8,163.0,215.5,75.3,329.5,8.4,87.9,23.8,62.0,131.5,1.0,1.8,18.3,1.9,5.0,1.5,1.9,3.4
2019-01-30,60.0,66.5,131.8,41.8,220.4,16.8,12.7,45.3,2.2,71.9,203.5,150.4,348.4,6.9,1.6,160.4,206.5,215.7,67.8,242.7,4.0,65.3,21.9,80.1,125.7,1.1,1.8,20.0,2.4,3.4,1.6,1.9,3.4
2019-01-31,62.7,68.1,141.4,43.1,220.8,17.3,12.5,41.9,2.2,67.8,212.0,155.6,345.2,6.7,1.7,162.7,203.2,218.2,69.3,244.1,4.2,69.4,22.8,76.1,126.1,1.2,2.0,20.5,2.5,3.4,1.6,2.1,3.9
2019-02-01,62.7,68.1,141.4,43.1,220.8,17.3,12.5,41.9,2.2,67.8,212.0,155.6,345.2,6.7,1.7,162.7,203.2,218.2,69.3,244.1,4.2,69.4,22.8,76.1,126.1,1.2,2.0,20.5,2.5,3.4,1.6,2.1,3.9
2019-02-02,63.6,66.7,141.3,42.9,234.8,17.8,13.0,40.2,2.3,72.6,217.1,158.9,344.3,7.1,1.3,164.2,204.8,221.6,70.2,245.2,4.2,71.2,23.4,77.3,128.0,1.3,1.5,20.9,2.4,3.4,1.6,2.0,3.9
2019-02-03,63.5,66.8,145.1,44.9,241.2,18.2,12.6,43.5,2.2,73.4,221.5,162.7,353.3,7.2,1.7,163.7,200.5,220.7,70.3,243.9,4.2,77.4,23.0,73.2,127.6,1.1,1.5,20.9,2.4,3.4,1.6,2.0,3.8
2019-02-04,68.0,71.3,147.7,43.8,246.2,18.3,12.4,43.4,2.2,75.7,224.0,165.5,369.8,7.2,1.7,165.8,202.4,226.7,71.4,246.5,4.3,78.3,23.3,72.8,131.6,1.0,1.5,19.7,2.4,3.4,1.5,2.0,3.6
2019-02-05,72.1,70.3,149.0,43.5,241.2,18.9,13.3,43.2,2.2,75.4,229.7,165.4,376.0,7.2,1.8,165.2,194.0,226.2,71.4,250.2,4.3,76.1,24.0,70.7,136.8,1.3,1.4,19.5,2.3,3.6,1.5,2.1,2.6
2019-02-06,70.5,71.2,148.9,44.1,241.3,18.5,12.5,41.5,2.2,70.8,232.2,165.8,378.0,7.2,1.8,163.2,189.8,228.8,71.7,250.6,4.3,75.1,24.1,70.3,138.9,1.2,1.5,19.8,2.3,3.8,1.6,2.0,3.1
2019-02-07,92.0,96.2,175.3,60.3,260.1,24.6,17.0,41.3,2.9,67.4,215.2,154.6,305.6,10.1,11.4,152.8,144.5,128.2,64.6,201.2,5.5,79.7,24.3,76.6,115.4,0.7,2.2,21.5,2.5,5.5,1.7,2.4,4.2
2019-02-08,105.8,105.6,188.1,63.2,262.8,27.7,21.5,42.9,3.3,71.2,229.6,156.5,320.1,10.1,14.0,156.7,145.3,133.8,64.4,218.6,6.3,80.0,23.6,77.4,115.1,0.7,2.0,24.3,2.4,5.7,1.7,2.0,4.2
2019-02-09,110.1,116.2,201.3,68.4,268.2,30.9,25.2,43.3,3.6,74.0,234.9,166.0,350.4,10.1,15.3,149.8,145.8,136.9,63.5,221.8,6.0,79.4,22.7,80.1,117.4,0.9,2.0,25.3,2.5,5.8,1.8,2.0,4.0
2019-02-10,112.4,119.5,209.7,67.6,273.2,31.9,26.4,42.8,3.6,75.1,261.5,175.0,360.6,12.3,17.0,148.7,148.6,146.8,60.6,230.7,6.1,82.6,23.8,78.3,123.7,1.1,1.8,26.5,2.4,6.0,1.7,2.0,3.8
2019-02-11,111.3,122.5,210.8,69.0,276.9,33.3,27.1,44.2,3.6,74.3,282.1,180.7,362.2,12.3,17.2,153.8,150.8,121.0,62.3,245.8,6.4,82.7,24.4,83.3,124.9,1.2,2.1,25.9,2.4,5.8,1.6,2.3,4.1
2019-02-12,108.5,117.4,205.0,64.8,281.4,33.2,26.7,43.9,3.5,74.1,278.5,184.0,360.6,12.3,17.2,155.2,150.5,142.8,65.0,253.6,6.8,79.5,23.9,84.1,123.3,1.2,2.1,25.2,2.5,5.8,1.9,2.1,4.1
2019-02-13,98.8,104.3,202.4,61.2,268.8,30.3,24.9,42.2,3.1,74.4,261.9,181.7,357.5,12.3,17.2,157.5,147.6,141.7,60.3,243.0,6.3,77.9,23.6,84.0,116.8,1.1,1.9,24.5,2.6,5.9,1.7,2.3,4.1
2019-02-14,104.6,118.9,232.8,71.8,261.4,38.5,29.6,48.5,3.8,73.7,317.3,228.3,394.1,9.8,17.9,149.2,141.7,205.3,68.8,295.0,7.1,72.2,21.6,82.3,124.4,1.3,2.2,23.9,2.8,6.3,1.9,2.1,3.9
2019-02-15,109.7,125.6,236.7,71.7,264.7,38.6,30.2,48.9,3.8,75.1,322.3,233.3,399.5,11.5,18.2,148.1,157.0,204.5,70.1,297.2,7.3,72.6,23.9,80.3,125.4,1.5,2.1,23.6,2.5,6.3,1.8,2.2,3.6
2019-02-16,112.8,129.1,237.0,72.7,272.5,40.2,31.5,49.4,4.0,76.1,321.8,235.5,405.3,11.5,18.1,151.5,162.6,211.1,70.9,304.7,7.2,74.7,24.3,76.4,126.8,1.6,2.2,23.7,2.9,5.9,1.9,2.1,3.7
2019-02-17,110.7,126.4,235.2,71.6,272.5,40.5,30.9,47.3,3.9,78.4,326.9,237.0,403.4,11.5,18.1,150.5,166.8,213.0,70.8,301.5,7.2,73.6,25.0,75.6,128.6,1.5,2.2,23.5,2.9,6.2,1.9,2.2,3.7
2019-02-18,109.5,125.1,236.6,71.3,268.0,35.7,30.4,42.9,3.9,78.8,322.6,237.1,399.3,11.5,17.6,159.5,167.8,217.6,70.6,302.2,7.1,73.3,24.8,73.5,132.4,1.5,2.2,23.8,2.7,6.3,1.8,2.2,3.8
2019-02-19,106.7,127.3,234.3,69.2,270.0,39.6,29.8,49.4,3.6,78.1,319.9,238.5,403.5,11.5,17.9,160.8,169.7,212.9,70.2,294.6,6.6,74.1,24.4,74.4,127.1,1.4,2.2,23.9,2.8,6.2,1.9,2.2,4.3
2019-02-20,101.5,118.2,232.0,67.0,264.3,36.6,27.4,48.9,3.3,79.0,312.3,235.3,392.4,11.9,17.8,159.1,172.1,200.4,64.3,282.4,6.5,74.0,23.4,73.3,119.8,1.2,2.2,22.6,2.9,6.2,2.0,2.2,3.6
2019-02-21,155.9,165.3,248.1,111.8,428.2,45.0,28.9,46.7,5.2,94.3,385.7,224.0,509.5,12.4,14.6,197.0,176.0,194.9,85.6,345.5,9.2,105.3,28.2,96.5,185.5,1.3,2.2,25.2,2.5,4.7,1.5,2.2,5.0
2019-02-22,166.3,173.6,257.9,114.9,435.6,46.5,29.4,47.8,5.4,89.0,391.1,227.4,516.4,11.8,17.4,201.0,181.8,214.1,88.1,356.2,9.4,108.7,28.5,89.5,186.1,1.3,2.1,28.0,2.7,5.0,1.7,2.0,5.0
2019-02-23,175.9,179.3,256.2,121.6,444.4,46.3,29.2,47.2,5.6,85.0,389.9,226.3,515.8,12.3,16.7,197.1,186.6,206.3,79.6,345.2,8.9,107.7,28.2,86.6,198.1,1.1,2.2,28.6,2.8,5.3,1.8,2.1,5.6
2019-02-24,183.6,185.9,250.0,128.1,469.0,46.7,30.3,47.0,6.0,88.6,394.1,226.4,509.6,12.3,17.8,183.2,177.5,213.1,85.1,349.5,9.3,92.4,26.3,91.6,189.0,1.0,2.1,27.0,2.5,4.9,1.7,2.2,5.3
2019-02-25,188.8,189.1,255.7,131.6,445.2,47.8,30.5,47.4,6.2,86.2,392.8,226.6,505.9,12.3,16.5,196.3,181.2,212.7,84.1,343.0,9.2,80.5,24.8,96.6,175.9,1.2,2.1,26.7,2.4,4.9,1.7,2.1,4.8
2019-02-26,186.4,188.4,261.6,132.2,438.9,47.7,28.8,42.3,6.4,37.2,393.0,223.9,500.6,12.3,17.2,197.3,170.9,198.9,81.7,336.8,8.6,99.7,25.3,96.8,176.0,1.2,2.2,28.8,2.2,5.5,1.8,2.2,3.3
2019-02-27,186.9,182.0,260.2,132.7,439.0,43.0,27.0,46.8,6.0,88.5,376.2,215.2,489.6,12.3,16.3,194.2,167.0,184.8,77.6,313.7,8.2,88.8,25.1,85.8,153.4,0.9,2.0,29.8,2.3,5.9,1.7,2.5,4.4
2019-02-28,107.5,123.5,238.4,69.0,281.2,38.9,28.4,51.2,4.6,82.3,332.4,255.7,454.7,9.8,17.2,182.9,215.0,228.3,72.1,296.7,7.0,79.9,26.3,70.1,113.9,2.1,2.2,22.7,2.9,6.7,1.5,2.3,3.4
2019-03-01,107.5,123.5,238.4,69.0,281.2,38.9,28.4,51.2,4.6,82.3,332.4,255.7,454.7,9.8,17.2,182.9,215.0,228.3,72.1,296.7,7.0,79.9,26.3,70.1,113.9,2.1,2.2,22.7,2.9,6.7,1.5,2.3,3.4
2019-03-02,102.9,116.3,240.6,72.1,270.4,38.7,28.6,52.2,4.4,80.8,338.0,258.5,467.0,10.2,18.9,187.8,218.5,233.3,74.2,307.0,7.4,80.6,26.3,71.0,119.5,2.2,2.2,23.4,2.9,6.6,1.7,2.4,3.6
2019-03-03,104.2,123.1,240.9,71.8,271.8,38.5,29.2,48.4,4.3,80.8,330.5,259.6,461.9,10.2,18.8,191.0,219.7,235.8,75.0,302.4,7.9,76.8,24.2,71.5,114.1,2.2,2.1,23.2,2.6,6.6,1.7,2.2,4.2
2019-03-04,106.9,124.0,240.9,71.1,271.2,39.3,30.8,49.9,4.1,83.2,327.8,258.0,454.7,10.0,18.7,191.8,219.4,239.4,74.1,308.0,7.4,80.6,26.1,71.2,120.5,2.0,2.1,24.1,2.6,6.5,1.6,2.1,3.9
2019-03-05,111.2,125.6,243.6,73.0,282.1,39.6,31.8,51.3,4.4,81.9,330.4,262.8,448.3,9.2,18.4,190.0,224.4,240.7,75.0,314.3,7.4,78.9,25.6,70.1,118.9,2.0,2.5,22.0,2.6,6.4,1.8,2.1,3.9
2019-03-06,111.6,124.7,243.7,68.0,276.9,39.2,30.8,51.1,4.0,80.8,324.0,264.8,443.4,10.6,17.8,188.6,210.8,233.8,73.7,306.3,7.6,76.8,24.1,70.1,119.8,2.1,2.2,23.0,2.6,6.6,1.7,2.1,4.0
2019-03-07,106.1,116.3,242.5,67.3,276.8,36.3,27.7,49.5,3.7,81.6,316.4,265.1,435.6,9.1,17.8,182.7,204.6,217.7,67.0,282.7,6.7,78.0,24.7,75.1,111.4,1.9,2.2,21.6,2.6,6.7,1.7,2.2,3.6
2019-03-08,245.8,186.0,229.7,111.7,362.8,39.8,28.7,35.2,5.4,88.7,319.9,166.9,423.5,10.2,18.8,175.5,218.1,172.7,62.9,284.8,7.7,109.4,23.9,87.6,163.7,0.8,2.3,36.8,2.6,5.5,1.7,2.3,5.1
2019-03-09,256.7,204.4,232.4,121.6,405.5,43.6,29.4,40.8,6.1,87.7,313.0,169.2,429.0,10.2,18.8,184.6,225.4,182.3,63.4,302.4,8.2,111.8,24.8,88.5,167.1,0.9,2.3,37.0,2.6,5.2,1.7,2.3,5.6
2019-03-10,265.3,217.0,221.0,128.0,429.1,45.7,30.0,41.6,6.5,93.2,302.4,175.4,439.3,11.1,18.8,187.2,235.2,186.2,61.7,312.0,8.4,115.4,25.3,84.8,170.3,0.9,2.2,33.8,2.4,5.7,1.6,2.4,5.3
2019-03-11,266.5,214.8,217.3,132.7,430.6,44.2,30.7,42.1,6.0,96.3,305.7,182.6,449.4,11.3,19.1,194.8,241.7,191.8,65.6,310.8,8.6,117.8,24.9,89.2,173.5,1.0,2.2,37.2,2.5,5.6,1.8,2.4,5.4
2019-03-12,257.9,214.0,212.7,132.6,431.3,44.3,29.8,39.7,6.1,96.4,316.9,185.6,431.4,11.4,19.0,190.4,239.4,192.7,65.6,307.0,8.5,117.6,27.8,94.8,178.5,1.0,2.3,36.4,2.7,5.3,1.8,2.2,6.0
2019-03-13,260.3,218.3,214.6,129.7,439.7,43.4,31.5,41.7,6.2,97.0,323.9,186.8,402.8,11.4,18.4,182.7,205.2,184.8,66.1,303.6,8.4,117.6,27.0,95.7,177.2,0.9,2.4,34.9,2.5,5.4,1.8,2.1,4.7
2019-03-14,233.4,194.6,203.9,113.9,409.2,34.9,27.7,37.9,5.3,95.7,300.1,184.0,374.7,9.7,17.9,167.9,170.6,172.1,60.2,278.7,7.4,117.9,25.9,96.9,165.2,0.6,2.1,35.2,2.4,5.2,1.7,2.1,4.7
2019-03-15,87.5,87.9,164.0,57.8,235.1,19.2,13.6,41.8,2.7,67.7,277.2,175.7,404.6,8.7,4.0,148.6,140.0,196.3,63.9,228.7,4.5,67.3,20.4,59.5,98.4,1.1,1.4,19.1,1.9,4.3,1.5,2.0,2.8
2019-03-16,81.5,86.6,165.4,51.2,222.1,20.1,14.0,40.8,2.6,64.1,286.2,168.3,405.7,9.7,4.7,150.9,137.0,201.7,66.2,230.9,5.2,71.9,20.4,63.0,97.7,1.4,2.0,19.6,2.3,4.1,1.6,2.0,3.4
2019-03-17,89.6,93.4,180.1,58.4,249.0,21.6,14.7,41.5,2.6,67.5,291.0,182.2,408.1,9.3,5.1,155.8,131.8,206.8,68.5,236.3,5.4,67.1,20.3,66.1,91.6,1.3,1.5,19.9,2.1,4.2,1.4,2.1,3.4
2019-03-18,96.5,102.4,188.8,63.0,276.4,22.6,15.6,41.8,2.8,68.2,294.3,186.1,408.8,10.0,5.4,142.2,130.5,184.0,65.4,221.8,5.4,74.1,21.4,65.5,97.1,1.3,1.5,19.8,2.1,4.1,1.4,2.0,3.4
2019-03-19,103.4,108.4,190.9,66.1,287.7,22.4,16.1,41.2,3.0,70.9,296.2,189.2,405.1,10.1,5.7,151.3,140.2,189.7,67.7,228.8,5.7,83.8,22.5,67.5,106.8,1.3,1.4,21.5,2.2,4.4,1.4,1.8,3.1
2019-03-20,109.0,114.4,198.4,69.6,268.6,21.7,15.9,41.4,3.1,73.0,292.6,186.9,400.2,9.1,5.3,151.8,133.8,189.7,67.5,234.4,5.4,70.2,21.8,67.4,101.9,1.0,1.5,21.8,2.2,4.2,1.4,1.9,3.7
2019-03-21,109.0,112.5,206.6,68.3,287.1,23.3,16.7,38.3,3.2,74.7,295.5,193.3,409.9,9.7,5.8,157.9,137.0,187.9,70.5,245.3,6.2,71.3,22.0,70.2,95.6,1.3,1.7,21.7,2.0,4.0,1.4,1.8,4.5
2019-03-22,101.7,114.5,216.7,62.5,260.8,33.1,27.9,44.5,3.2,71.6,334.9,248.2,438.0,12.3,18.3,169.5,178.7,196.3,72.0,269.1,6.8,66.6,24.4,72.1,107.5,1.5,2.2,22.6,2.5,5.9,1.7,2.1,3.5
2019-03-23,100.3,114.2,214.5,63.5,258.2,34.1,28.4,44.2,3.4,72.8,339.2,250.9,442.3,12.3,18.5,169.5,180.8,182.1,73.0,280.8,7.0,68.3,24.7,74.4,110.8,1.6,2.1,22.7,2.4,5.7,1.7,2.1,3.4
2019-03-24,98.0,108.2,218.6,62.6,258.4,34.6,28.6,40.1,3.5,71.5,336.5,253.4,441.0,12.3,18.6,169.9,170.8,185.8,73.5,280.3,7.2,68.7,24.2,73.8,113.4,1.6,2.0,23.3,2.6,5.8,1.8,2.2,3.6
2019-03-25,99.4,100.3,213.0,62.4,238.2,30.2,28.2,37.9,3.5,71.4,334.7,252.8,443.7,12.5,17.7,168.6,169.0,190.8,73.8,265.8,7.1,69.3,24.1,74.5,113.0,1.6,2.1,23.1,2.6,5.5,1.8,2.2,3.6
2019-03-26,102.8,109.9,212.3,63.5,236.2,34.2,29.2,44.3,3.5,71.9,336.7,250.3,443.7,12.9,18.4,167.7,168.6,195.3,74.2,264.7,7.3,69.0,24.3,74.9,114.1,1.5,2.1,22.9,2.4,5.5,1.8,2.2,3.9
2019-03-27,101.4,108.5,213.3,60.4,240.5,34.2,29.1,44.1,3.3,71.7,333.5,250.7,445.0,12.9,18.3,170.0,167.3,190.9,72.0,250.0,6.9,69.0,24.5,77.5,115.6,1.4,2.2,23.0,2.5,6.0,1.8,2.2,3.4
2019-03-28,92.9,97.7,210.3,57.2,232.6,30.9,25.8,43.8,3.1,70.5,318.3,246.0,424.4,12.9,17.7,151.7,159.2,162.3,64.2,211.8,5.8,66.8,23.6,83.8,102.1,1.2,2.1,20.4,2.6,5.9,1.8,2.1,3.4
2019-03-29,118.3,117.7,209.5,61.7,291.7,35.2,26.9,45.8,3.1,94.2,351.5,199.3,471.3,12.4,18.3,197.7,223.9,252.5,84.7,345.9,8.5,79.5,24.7,87.1,152.1,1.3,2.0,24.8,2.1,5.7,1.7,2.7,3.9
2019-03-30,123.5,123.4,216.3,64.3,279.4,35.2,26.2,45.1,3.1,96.0,355.6,200.8,484.0,12.4,18.2,197.6,229.2,273.3,86.3,341.9,8.4,62.1,23.1,98.4,145.2,1.5,2.2,23.2,2.3,5.5,1.9,2.7,3.8
2019-03-31,126.9,124.6,215.4,65.9,297.6,35.8,26.7,46.1,3.2,98.1,357.6,203.1,489.6,12.4,18.4,198.1,226.8,256.3,86.4,350.1,8.4,72.8,23.9,98.7,145.8,1.5,2.0,22.7,2.4,5.6,1.9,2.1,3.8
2019-04-01,126.9,124.6,215.4,65.9,297.6,35.8,26.7,46.1,3.2,98.1,357.6,203.1,489.6,12.4,18.4,198.1,226.8,256.3,86.4,350.1,8.4,72.8,23.9,98.7,145.8,1.5,2.0,22.7,2.4,5.6,1.9,2.1,3.8
2019-04-02,129.8,126.3,214.8,67.4,308.6,24.0,25.5,44.4,3.2,97.2,364.6,204.8,487.7,12.4,18.5,198.8,225.6,254.3,86.7,346.0,8.5,78.7,23.8,90.5,160.1,1.4,2.1,24.6,2.5,5.7,1.9,2.2,3.9
2019-04-03,131.5,129.4,222.9,71.8,317.9,36.9,25.6,36.0,3.4,97.6,366.5,205.8,483.3,12.4,18.3,199.6,227.8,255.8,86.5,351.1,8.4,81.5,23.8,90.8,172.7,1.3,2.3,25.8,2.4,6.0,1.6,2.1,4.1
2019-04-04,130.8,127.6,220.4,73.9,320.0,36.8,25.1,41.9,3.4,102.9,366.4,208.4,484.0,12.4,18.3,200.4,229.1,253.5,85.9,349.3,8.4,84.1,23.8,91.3,164.2,1.3,2.3,25.6,2.5,5.6,1.6,2.3,4.2
2019-04-05,121.4,113.9,217.5,69.1,292.2,34.1,23.1,41.6,3.0,97.8,350.5,202.5,462.0,12.4,17.7,196.7,219.1,232.7,79.3,327.0,7.8,85.1,24.0,83.1,158.4,0.8,1.8,15.2,2.0,5.4,1.4,1.8,3.8
2019-04-06,101.8,117.4,232.4,61.4,261.4,35.9,28.6,46.7,3.3,82.4,326.2,226.5,439.4,10.9,18.2,190.1,217.3,235.1,75.2,318.5,7.6,72.5,17.4,76.4,111.8,1.2,1.9,23.7,2.7,6.5,1.9,2.1,3.7
2019-04-07,100.3,117.4,228.8,64.1,259.6,36.2,29.8,47.3,3.3,89.8,319.2,223.9,433.9,10.9,18.4,194.2,218.5,234.5,77.1,327.6,7.7,73.0,21.1,75.0,112.5,1.3,2.2,22.8,2.1,6.6,1.7,2.1,2.9
2019-04-08,101.6,117.2,222.5,66.1,241.9,37.0,30.8,48.2,3.5,92.1,314.6,212.0,432.9,10.9,18.5,199.6,219.5,237.7,78.2,332.8,7.9,62.3,21.1,77.4,109.7,1.6,2.2,22.4,2.7,6.4,1.7,2.1,3.5
2019-04-09,101.6,117.2,222.5,66.1,241.9,37.0,30.8,48.2,3.5,92.1,314.6,212.0,432.9,10.9,18.5,196.8,215.5,246.3,77.8,335.5,8.1,63.8,20.7,75.9,109.3,1.2,2.3,19.8,2.7,6.6,1.8,2.0,2.8
2019-04-10,106.8,123.7,231.3,65.4,268.0,37.0,29.5,50.5,3.4,92.3,322.6,222.6,420.9,9.7,17.7,192.9,218.9,251.6,77.0,340.9,8.1,69.1,21.0,75.3,115.4,1.4,2.1,22.9,2.5,6.7,1.8,2.1,3.4
2019-04-11,105.9,111.9,223.6,63.0,258.0,36.8,30.4,48.8,3.4,92.3,322.6,223.5,431.1,10.0,17.3,190.8,214.6,247.3,77.6,334.6,7.8,70.7,23.3,86.2,113.0,1.5,2.1,23.6,2.7,6.8,1.8,2.2,3.7
2019-04-12,93.1,95.0,212.0,60.2,230.0,31.7,26.9,46.0,2.9,90.0,319.7,203.8,419.7,10.0,18.0,189.7,218.4,222.6,71.5,312.9,7.4,71.3,22.9,86.8,109.4,1.3,2.1,22.3,2.4,6.4,1.5,2.1,3.1
2019-04-13,249.8,197.7,240.6,123.2,383.0,40.1,28.7,48.5,6.2,85.2,340.6,190.4,436.2,12.4,18.6,176.2,151.8,191.5,71.4,329.9,8.4,109.3,25.3,91.1,183.4,1.2,2.4,33.2,2.6,5.6,1.9,2.4,5.7
2019-04-14,250.6,209.8,242.9,126.1,407.9,44.4,29.1,44.8,6.2,91.1,334.7,195.1,451.0,12.4,18.7,178.1,156.6,199.2,73.2,347.7,8.8,113.8,25.6,92.9,195.2,1.1,2.3,32.7,2.5,5.7,1.5,2.5,5.4
2019-04-15,274.1,219.4,248.5,135.1,416.9,46.5,30.8,45.8,6.5,90.5,330.8,192.8,458.8,12.4,18.9,179.0,162.2,198.1,74.2,330.3,8.6,99.1,24.3,97.7,181.6,1.2,2.3,27.7,2.4,5.3,1.8,2.5,5.1
2019-04-16,269.4,219.1,249.5,135.2,435.1,46.7,31.3,46.0,6.4,89.6,340.2,191.7,448.7,12.4,19.1,178.2,165.6,198.2,75.9,334.0,8.5,95.6,21.6,96.4,182.4,1.3,2.2,28.4,2.6,5.8,2.0,2.3,6.6
2019-04-17,282.7,219.7,254.7,133.5,446.8,47.2,31.7,48.8,6.7,87.3,331.8,188.4,407.6,12.4,18.5,185.0,163.5,195.2,76.1,337.3,8.6,103.1,25.2,88.4,175.9,1.3,2.2,29.6,2.6,5.4,1.7,2.2,5.5
2019-04-18,281.5,224.5,255.7,136.7,452.6,48.6,31.5,44.6,6.8,89.7,328.2,187.4,388.5,10.9,17.1,184.6,147.0,191.8,77.2,339.7,8.6,101.1,25.3,90.4,176.3,1.2,2.3,31.1,2.8,5.8,1.7,2.2,5.4
2019-04-19,286.0,211.8,246.4,136.0,445.1,44.9,28.5,42.3,6.1,86.3,319.5,171.4,371.1,10.0,17.4,174.3,136.3,170.3,70.3,319.5,8.1,100.3,25.7,88.4,162.5,1.0,2.2,32.7,2.7,6.0,1.7,2.2,5.5
2019-04-20,121.8,120.5,242.6,63.9,259.9,34.9,27.5,48.4,3.4,75.8,356.3,252.2,495.9,10.5,18.7,195.0,255.1,242.7,77.6,311.6,7.5,64.5,22.2,70.3,116.3,1.4,2.3,20.7,2.6,5.5,1.9,2.1,3.6
2019-04-21,124.8,124.7,244.8,63.6,250.0,35.3,28.9,46.6,3.4,72.2,354.7,249.8,494.2,10.9,18.7,197.6,255.2,250.1,79.3,323.8,7.9,61.2,21.0,71.7,113.5,1.6,2.0,22.7,2.5,6.0,1.9,2.2,3.5
2019-04-22,124.9,124.8,245.1,63.8,257.7,35.6,29.2,48.3,3.5,77.2,347.2,250.4,491.4,10.8,18.9,201.2,253.3,249.6,79.7,325.6,8.0,63.8,22.1,70.0,115.4,1.7,2.2,19.2,2.5,5.9,1.7,2.3,3.3
2019-04-23,121.8,123.0,245.7,62.5,250.6,36.0,29.1,48.8,3.5,79.2,344.5,250.6,493.4,10.9,19.1,199.0,249.7,252.0,80.6,328.3,7.9,69.0,22.3,67.5,119.7,1.5,2.1,21.0,2.6,5.7,1.6,2.2,3.4
2019-04-24,113.0,123.0,246.2,63.8,274.9,36.0,28.8,49.0,3.5,81.9,362.0,252.9,492.9,11.1,18.5,200.7,254.0,253.3,80.5,329.1,7.8,69.8,23.8,69.5,119.9,1.6,2.1,22.7,2.6,5.8,1.7,2.2,3.5
2019-04-25,96.9,108.0,236.0,60.3,247.3,34.9,27.9,42.7,3.5,83.7,361.6,248.3,484.8,11.6,19.4,200.8,255.9,248.0,79.2,326.4,7.8,68.2,24.1,69.2,120.5,1.6,2.1,23.1,2.7,5.9,1.6,2.2,3.4
2019-04-26,97.8,94.5,230.1,57.9,215.8,31.3,25.0,46.3,3.4,85.1,346.4,222.4,456.8,11.6,17.0,194.0,247.7,224.3,71.9,302.8,7.1,70.8,23.9,67.4,111.1,1.3,2.1,21.1,2.6,5.5,1.7,2.1,3.4
2019-04-27,112.8,125.5,232.5,74.2,280.7,38.8,30.0,50.8,4.4,78.0,326.4,246.6,447.6,12.9,18.9,166.1,218.6,203.7,71.9,277.7,6.8,72.2,25.9,65.7,106.8,1.9,2.4,22.8,2.5,6.0,1.9,2.1,3.3
2019-04-28,118.6,131.1,232.8,76.9,276.6,39.1,30.4,51.4,4.5,78.2,329.8,239.7,456.7,13.1,19.0,167.7,223.4,209.0,72.5,285.9,6.7,71.6,24.1,66.9,111.8,2.0,2.2,21.7,2.7,6.0,1.8,2.2,3.5
2019-04-29,121.2,132.1,235.6,76.9,277.3,40.0,30.0,52.5,4.5,78.6,325.4,237.4,447.8,10.9,19.0,164.5,225.7,204.1,66.9,261.1,6.4,75.4,25.1,65.6,110.3,2.0,2.2,22.5,2.7,6.4,1.8,2.2,3.7
2019-04-30,123.3,134.5,232.7,79.2,293.2,42.2,30.6,52.4,4.9,74.5,324.4,242.8,427.8,13.1,18.9,168.2,222.7,207.2,72.7,272.4,6.8,75.2,24.0,65.3,109.6,2.2,2.2,22.4,2.6,6.3,1.9,2.3,3.8
2019-05-01,123.3,134.5,232.7,79.2,293.2,42.2,30.6,52.4,4.9,74.5,324.4,242.8,427.8,13.1,18.9,168.2,222.7,207.2,72.7,272.4,6.8,75.2,24.0,65.3,109.6,2.2,2.2,22.4,2.6,6.3,1.9,2.3,3.8
2019-05-02,120.9,133.6,235.0,82.0,304.8,41.4,30.4,52.5,4.9,75.3,320.9,245.1,428.5,13.5,18.7,172.6,225.7,211.6,74.4,271.4,6.8,77.7,25.1,66.2,107.0,2.1,2.3,22.8,2.7,6.2,1.7,2.3,3.3
2019-05-03,122.1,133.0,234.6,80.4,297.0,41.5,30.0,53.4,4.7,75.8,317.6,246.2,425.5,13.4,18.7,170.1,208.3,208.1,73.6,276.3,6.7,76.1,24.5,70.3,111.1,2.1,2.2,22.4,2.6,6.4,1.7,2.3,3.5
2019-05-04,113.8,124.6,231.0,78.0,308.0,39.1,27.5,52.7,4.4,77.2,306.7,246.9,415.3,13.3,18.4,163.0,204.8,193.3,66.5,259.2,6.2,80.2,25.2,71.6,100.7,1.9,2.1,21.4,2.4,6.2,1.7,2.1,3.4
2019-05-05,213.9,179.6,225.8,98.5,326.9,38.3,29.2,41.0,5.0,103.5,317.2,164.0,409.6,11.0,18.4,158.1,179.5,177.3,71.4,280.4,7.6,98.1,26.6,89.7,166.7,1.0,2.0,27.2,2.5,5.8,1.6,2.0,4.7
2019-05-06,220.3,186.1,228.5,99.3,328.4,39.7,29.8,39.8,5.3,98.6,320.5,163.5,403.0,11.0,18.6,153.1,169.4,158.3,70.2,282.4,7.5,98.1,24.1,95.0,153.1,0.9,2.0,24.7,2.3,5.7,1.6,2.0,4.2
2019-05-07,222.9,185.6,225.0,102.4,335.1,40.4,30.7,39.8,5.3,86.6,312.7,166.5,391.5,12.2,18.5,153.9,153.7,159.2,68.8,282.3,7.3,89.0,22.4,89.4,139.1,1.0,2.1,25.7,2.3,6.1,1.6,2.0,4.3
2019-05-08,219.3,184.2,226.6,102.6,301.8,39.9,29.4,41.3,5.2,84.2,306.6,162.9,385.4,11.9,18.5,147.7,154.1,154.8,68.1,280.9,7.4,69.5,21.8,87.6,142.8,1.0,1.4,28.8,2.4,6.4,1.6,2.1,4.5
2019-05-09,197.7,179.5,222.0,100.9,276.3,38.8,28.7,39.5,4.7,81.3,289.4,162.4,379.7,11.9,18.4,149.7,148.7,164.7,70.2,293.5,7.7,70.4,22.1,84.1,140.9,1.0,1.9,29.6,2.3,6.1,1.7,2.1,4.4
2019-05-10,165.1,169.3,210.8,94.6,261.3,36.5,27.3,30.1,4.3,80.8,279.2,152.4,385.6,11.9,18.4,154.2,160.2,163.0,71.3,291.6,7.8,53.0,20.1,83.2,133.4,1.2,2.3,29.4,2.4,6.1,1.4,2.2,4.7
2019-05-11,122.6,143.0,197.9,84.7,244.4,33.0,24.5,34.5,3.4,76.2,257.9,154.1,380.7,11.3,18.1,160.0,166.3,156.0,65.1,274.7,7.3,43.5,19.0,78.9,122.6,1.2,2.2,26.5,2.2,6.1,1.6,2.4,4.1
2019-05-12,245.9,194.3,242.2,116.6,422.1,42.9,30.7,42.4,6.3,110.2,342.2,219.0,441.2,11.4,18.9,165.3,184.1,171.9,60.0,297.9,7.7,104.2,27.1,98.7,194.3,1.3,2.2,29.5,2.6,5.8,1.9,2.2,5.6
2019-05-13,253.7,211.3,251.4,129.0,428.8,43.3,30.4,42.8,6.8,111.6,355.4,229.2,451.4,11.0,19.2,168.2,191.1,164.5,60.7,299.0,7.8,97.4,24.8,102.5,192.2,1.2,2.3,27.8,2.5,5.4,1.9,2.0,4.8
2019-05-14,264.8,208.1,256.8,130.4,406.8,45.4,32.0,42.9,6.4,106.5,354.3,220.4,446.0,11.3,19.1,175.2,198.7,172.9,62.7,312.3,8.5,88.2,22.5,97.4,180.5,1.2,2.4,29.2,2.5,5.4,2.1,2.2,4.9
2019-05-15,229.6,183.2,219.3,115.2,372.2,40.7,29.5,37.0,6.0,100.1,346.8,197.9,423.8,11.3,19.0,174.1,199.0,163.7,65.7,312.5,8.5,90.6,22.7,86.9,174.5,0.9,2.3,31.7,2.6,5.6,1.9,2.3,4.7
2019-05-16,220.4,177.2,218.3,109.3,357.5,39.5,29.5,42.5,5.5,96.7,338.8,185.2,400.5,11.3,19.0,158.7,174.1,174.8,65.6,300.7,8.4,97.1,23.2,86.2,172.5,0.9,2.3,31.4,2.6,5.6,1.7,2.2,5.0
2019-05-17,206.3,157.8,198.7,100.7,359.1,38.3,28.9,40.5,4.9,91.7,334.6,183.2,374.0,11.3,18.7,154.9,167.8,165.4,66.3,305.3,8.0,91.9,22.2,87.9,166.0,0.8,2.3,30.5,2.4,5.7,1.6,2.3,4.6
2019-05-18,210.9,153.9,159.3,98.9,364.1,37.4,26.3,37.3,4.9,93.7,314.9,175.8,364.8,11.3,18.7,151.0,161.1,160.8,62.2,284.4,7.4,91.4,21.8,89.0,151.3,0.5,2.3,30.9,2.6,5.5,1.6,2.3,4.8
2019-05-19,122.1,128.2,205.5,91.9,342.3,38.3,25.4,44.2,4.1,99.9,381.2,206.1,495.0,13.8,18.7,177.6,161.6,235.4,79.3,324.7,8.9,93.5,23.4,79.9,151.5,1.2,1.9,23.8,2.6,5.0,1.6,2.1,4.3
2019-05-20,129.0,138.6,216.8,99.3,362.0,39.5,26.0,43.0,4.4,100.5,359.9,212.0,494.5,13.8,16.2,178.2,164.1,230.6,68.5,323.2,9.0,89.4,24.1,90.8,160.4,1.3,2.2,25.8,2.6,5.5,1.7,2.2,5.3
2019-05-21,108.6,141.7,221.1,106.7,380.7,41.2,24.8,33.7,4.6,102.6,379.2,216.4,500.6,13.8,18.1,186.1,171.1,233.1,77.4,337.7,8.9,98.1,25.1,92.0,170.0,1.4,2.1,27.1,2.6,5.4,1.8,2.0,5.6
2019-05-22,126.4,144.5,226.7,111.4,387.1,40.5,25.4,41.7,4.8,103.9,387.3,219.3,513.1,13.5,19.0,189.3,176.0,241.9,78.4,342.2,9.1,99.8,26.5,95.4,181.2,1.4,2.2,28.9,2.8,5.0,1.8,2.1,5.4
2019-05-23,132.7,146.7,226.5,109.7,387.1,41.2,27.5,42.6,4.8,105.5,392.9,221.0,511.8,13.5,18.4,193.3,176.9,236.5,84.3,352.2,9.1,99.6,27.4,96.5,178.9,1.2,2.3,27.0,2.7,5.3,1.9,2.1,5.1
2019-05-24,133.3,143.3,228.3,103.2,364.0,40.9,28.1,46.3,4.5,104.0,389.6,221.0,513.3,13.5,18.2,193.3,176.9,236.5,84.3,352.2,9.1,99.6,27.4,96.5,178.9,1.2,2.3,27.0,2.7,5.3,1.9,2.1,5.1
2019-05-25,126.3,132.9,224.7,98.7,358.7,38.7,25.7,44.2,4.1,104.1,375.4,217.3,504.1,13.5,18.3,189.0,171.1,219.1,79.3,325.7,8.3,94.2,26.5,94.6,177.7,1.0,2.1,22.0,1.9,5.3,1.8,2.2,4.5
2019-05-26,86.3,93.0,178.7,46.1,240.8,22.5,13.0,45.6,2.4,81.6,282.4,182.1,395.6,7.4,13.5,176.7,219.7,226.4,69.9,276.5,6.1,68.2,21.5,66.5,100.4,1.0,2.1,19.0,2.4,5.6,1.6,2.2,3.1
2019-05-27,74.7,92.0,171.9,48.7,247.4,21.7,20.5,44.7,2.4,86.4,291.0,183.4,403.6,6.9,15.0,181.4,224.9,238.3,75.3,302.6,7.0,63.0,23.2,69.1,114.7,1.4,1.9,21.5,2.7,5.8,1.8,2.1,3.5
2019-05-28,69.6,85.9,171.4,46.0,241.6,19.5,15.6,42.8,2.3,80.8,263.0,178.9,394.4,7.2,12.9,175.4,210.7,231.2,69.9,290.7,5.0,69.9,23.9,74.7,106.4,1.5,2.0,21.3,2.6,5.3,1.7,2.0,3.6
2019-05-29,63.1,76.7,161.2,46.1,239.9,18.2,12.8,44.6,2.3,75.2,238.2,160.0,357.9,6.2,3.2,162.1,207.4,214.9,66.7,256.3,4.2,72.7,24.2,79.1,107.8,1.4,2.1,19.5,2.3,5.0,1.5,2.1,3.5
2019-05-30,66.9,74.7,127.9,44.1,238.9,18.0,12.0,43.2,2.3,73.4,207.5,150.3,328.0,6.9,2.2,159.7,202.5,213.6,65.7,245.9,4.1,73.3,23.2,82.7,111.8,1.3,2.0,19.1,2.5,4.7,1.6,2.1,3.2
2019-05-31,57.6,65.9,105.8,44.4,217.3,17.0,12.9,42.9,2.4,77.0,192.3,131.8,348.2,7.0,2.0,160.4,202.7,217.4,66.6,244.7,4.1,76.3,23.7,80.7,117.0,1.3,2.0,20.6,2.5,4.3,1.8,2.1,3.1
2019-06-01,57.6,65.9,105.8,44.4,217.3,17.0,12.9,42.9,2.4,77.0,192.3,131.8,348.2,7.0,2.0,160.4,202.7,217.4,66.6,244.7,4.1,76.3,23.7,80.7,117.0,1.3,2.0,20.6,2.5,4.3,1.8,2.1,3.1
2019-06-02,56.1,64.8,123.5,42.4,219.4,16.9,12.6,40.9,2.2,73.6,201.7,142.8,351.0,6.8,1.7,161.0,208.6,214.6,67.5,244.5,4.1,67.3,23.0,82.8,125.2,1.3,1.9,21.0,2.4,3.7,1.5,2.0,3.6
2019-06-03,113.4,125.5,203.1,78.4,296.7,35.1,26.6,41.8,3.7,74.1,351.2,171.0,357.7,10.8,18.2,152.5,143.2,146.0,63.3,253.7,7.0,84.4,22.4,83.8,158.2,0.9,2.0,26.2,2.4,5.6,1.7,2.1,5.0
2019-06-04,119.7,132.4,202.6,75.9,290.5,34.7,27.2,42.6,3.4,76.7,347.8,169.7,383.7,10.8,17.1,146.7,146.8,146.2,65.9,257.5,7.2,82.6,23.9,85.8,159.6,1.1,2.0,26.9,2.5,5.9,1.7,2.2,4.7
2019-06-05,124.5,137.0,200.6,74.2,286.8,34.8,27.8,42.3,3.7,75.7,337.8,164.3,387.9,11.5,18.3,144.4,146.2,147.4,65.6,262.0,7.3,80.2,23.6,79.8,149.6,1.1,2.2,26.7,2.7,5.9,1.7,2.1,3.8
2019-06-06,125.7,137.9,202.3,75.9,286.7,35.9,27.4,43.5,3.7,72.8,327.4,164.9,383.7,10.5,18.6,146.6,145.2,147.2,65.1,259.4,7.1,74.1,20.0,70.8,124.8,1.2,2.0,24.6,2.5,6.1,1.7,2.1,4.1
2019-06-07,122.0,134.7,204.3,76.0,302.9,36.0,27.6,43.2,3.7,73.9,312.7,171.3,363.2,10.5,18.2,151.4,149.4,141.8,64.9,266.0,7.7,70.3,19.9,70.5,110.6,1.2,2.1,22.3,2.5,5.7,1.7,2.1,3.9
2019-06-08,117.0,124.8,197.0,69.1,287.8,32.7,25.2,42.6,3.4,73.5,279.0,170.3,347.4,10.5,17.2,149.8,149.4,140.1,62.4,241.5,7.0,71.1,22.9,73.9,116.3,1.0,2.1,20.3,2.5,5.5,1.8,2.1,3.7
2019-06-09,90.7,104.3,185.3,60.8,290.0,26.1,17.0,43.1,2.9,68.5,233.3,162.8,313.9,8.9,12.0,146.1,141.9,132.6,57.2,195.7,5.3,77.9,24.5,76.1,113.9,0.8,2.2,22.7,2.5,5.6,1.7,2.4,4.1
2019-06-10,102.8,115.2,225.2,67.9,259.4,35.0,29.0,43.1,3.7,80.8,333.9,243.7,412.4,12.0,17.9,165.2,181.9,211.9,62.7,278.2,6.9,75.3,22.8,67.6,120.6,1.3,2.2,23.2,2.9,6.2,1.8,2.1,3.9
2019-06-11,92.4,97.9,208.1,67.7,231.2,28.6,27.7,41.1,3.8,79.9,329.3,238.3,417.1,12.0,18.1,166.6,184.4,216.2,63.9,281.6,7.0,75.8,24.5,81.9,124.5,1.7,2.1,23.5,2.6,6.2,1.9,2.1,3.8
2019-06-12,105.3,118.9,227.0,70.8,242.7,37.3,29.3,45.3,3.8,82.7,327.6,241.9,417.4,12.0,18.2,167.5,185.8,216.0,65.1,289.8,7.0,68.7,24.5,81.8,125.7,1.4,2.1,23.3,2.8,5.9,1.9,2.2,3.9
2019-06-13,104.0,118.3,224.8,70.4,259.8,38.2,29.8,45.4,3.8,80.8,327.4,235.6,413.3,12.0,18.2,169.7,184.0,218.7,66.6,294.9,7.1,63.7,24.6,73.5,127.2,1.3,2.4,23.5,2.9,6.0,1.9,2.2,3.7
2019-06-14,105.3,113.7,219.2,72.5,246.2,38.9,29.9,53.0,3.8,79.2,322.5,218.1,397.6,12.0,18.1,169.7,176.9,219.4,68.3,298.9,7.2,71.2,22.7,75.4,124.9,1.4,2.3,23.8,2.8,6.3,1.9,2.1,3.8
2019-06-15,95.3,107.2,221.5,58.6,239.0,33.4,25.5,51.6,3.3,64.5,297.7,214.8,351.6,11.5,14.9,168.6,157.7,202.8,64.6,283.2,6.4,69.0,23.5,84.1,114.8,1.2,2.2,22.6,2.6,6.3,2.0,2.2,3.4
2019-06-16,97.9,103.7,221.8,63.7,249.1,35.6,26.9,48.9,3.3,69.2,300.2,222.0,361.6,9.8,16.2,162.7,140.1,197.3,61.2,272.9,6.5,69.8,22.3,82.2,112.4,1.1,2.2,22.5,2.9,5.9,2.0,2.2,3.1
2019-06-17,146.2,158.0,226.8,102.8,412.7,44.0,27.9,41.8,5.1,92.2,382.1,219.1,507.0,11.8,17.7,193.1,172.2,225.8,85.2,348.9,8.8,106.2,28.4,93.9,184.1,1.1,2.0,26.0,2.3,5.2,1.8,2.1,4.4
2019-06-18,158.9,167.3,230.7,110.8,413.5,45.1,29.2,48.3,5.3,92.3,387.9,222.8,513.6,12.4,18.2,201.7,173.0,221.7,86.8,359.7,9.1,107.3,28.7,85.0,193.3,1.1,2.1,27.6,2.6,5.2,1.8,2.1,5.1
2019-06-19,169.5,171.5,233.6,114.0,428.3,35.8,13.1,48.1,5.5,88.9,384.3,225.1,513.9,12.4,18.0,202.5,171.3,219.4,87.7,364.0,8.8,105.8,27.5,81.5,192.0,1.0,2.2,27.1,2.6,5.2,1.9,2.3,5.2
2019-06-20,161.7,164.4,240.3,114.5,442.0,47.2,29.4,48.7,5.2,92.3,391.1,227.8,522.1,12.4,18.1,202.5,175.1,218.9,89.4,365.3,9.3,96.5,25.2,94.3,172.7,1.1,2.1,25.5,2.4,5.2,1.8,2.2,4.7
2019-06-21,139.4,147.7,234.0,105.5,398.2,45.1,28.8,43.5,4.9,93.5,388.3,223.8,505.3,12.4,17.9,199.9,172.5,205.3,82.8,355.5,8.5,104.7,26.0,92.0,184.2,1.1,2.2,24.7,2.2,5.4,1.5,2.4,3.6
2019-06-22,142.4,156.0,238.8,109.2,406.1,44.6,29.1,44.6,4.6,92.1,384.8,223.5,503.3,12.4,17.9,201.0,172.6,194.1,81.2,351.6,9.0,102.3,26.0,91.0,155.6,1.2,2.3,25.0,2.3,5.1,1.6,2.4,3.6
2019-06-23,150.2,151.0,239.8,99.9,414.7,41.9,26.6,46.4,4.3,92.8,372.0,219.1,487.5,12.4,17.7,199.1,171.1,176.0,77.8,328.3,8.5,101.0,26.2,90.7,154.9,1.1,2.2,25.8,2.5,5.3,1.7,2.2,5.2
2019-06-24,105.1,126.4,234.2,77.7,281.2,40.0,32.2,51.0,4.5,78.7,324.8,235.9,445.9,9.9,18.3,177.3,211.8,233.6,73.3,283.0,6.9,78.2,25.3,69.0,112.2,1.8,2.4,21.5,2.8,6.5,1.9,2.3,3.5
2019-06-25,106.5,129.6,240.4,75.9,283.7,41.0,32.8,51.3,4.3,79.8,327.1,243.1,457.6,10.1,18.6,180.6,216.6,233.8,75.7,294.0,6.9,79.0,26.2,68.4,122.3,1.9,2.1,22.9,2.4,6.5,1.6,2.1,3.5
2019-06-26,111.2,130.3,238.7,76.6,283.2,39.6,31.3,49.8,4.2,77.1,329.1,242.1,460.2,10.3,18.8,182.4,216.3,234.8,74.9,297.4,7.0,81.6,25.9,70.3,118.8,1.9,2.1,24.1,2.3,6.6,1.6,2.1,4.5
2019-06-27,111.0,129.6,238.6,75.0,270.6,39.3,31.6,50.6,4.2,80.8,337.6,242.8,464.3,10.4,18.5,184.3,218.9,233.2,76.0,302.3,7.1,79.4,25.6,71.0,118.3,2.1,2.3,22.8,2.7,6.5,1.9,2.5,3.4
2019-06-28,112.9,131.6,237.6,76.0,283.9,39.9,32.1,50.3,4.2,82.2,341.5,250.7,466.0,10.1,19.0,182.8,217.2,233.6,76.3,300.3,7.5,79.7,26.0,69.5,121.4,2.7,2.3,23.1,2.7,6.6,1.9,2.5,3.5
2019-06-29,114.3,130.9,245.5,71.4,284.6,39.9,30.1,50.9,4.1,83.7,339.1,255.7,464.7,10.0,18.7,183.0,213.6,228.6,74.0,299.5,7.3,78.7,26.4,70.4,119.1,2.8,2.1,23.2,2.7,6.7,2.0,2.3,3.4
2019-06-30,99.3,116.7,231.0,60.3,282.3,33.5,26.6,49.9,4.1,80.0,312.7,254.5,424.1,8.7,14.9,178.7,208.0,214.7,65.3,270.3,6.3,82.8,26.6,70.1,107.5,2.1,2.3,22.2,2.8,6.5,1.9,2.3,3.3
2019-07-01,163.9,157.5,180.9,103.8,379.4,33.9,24.2,34.8,4.8,94.5,300.2,172.3,424.5,11.7,18.9,164.3,217.8,158.5,65.6,282.0,7.5,104.7,22.1,89.8,151.8,0.9,2.3,34.2,2.4,5.2,1.6,2.4,4.9
2019-07-02,192.4,176.4,196.9,110.9,388.0,40.3,25.7,41.0,5.1,94.0,307.4,172.8,433.7,11.8,18.9,161.9,217.9,160.1,67.4,281.3,7.4,110.7,24.2,96.4,166.7,1.0,2.2,36.0,2.6,5.7,1.7,2.4,5.0
2019-07-03,209.5,187.7,215.6,117.8,379.5,41.4,26.7,41.2,5.5,94.2,312.7,174.0,431.6,11.9,18.4,159.9,217.8,169.0,67.2,283.3,7.7,111.8,26.2,107.0,180.0,1.0,2.4,38.0,2.5,5.4,1.6,2.5,5.3
2019-07-04,221.9,189.8,222.0,115.7,372.6,40.7,27.5,41.8,5.7,96.9,313.2,173.9,426.7,11.9,19.0,160.9,204.2,168.4,65.7,279.8,7.4,114.5,25.8,99.8,184.4,0.8,2.6,37.2,2.9,5.4,1.8,2.6,5.3
2019-07-05,239.1,200.7,231.7,117.0,400.1,42.9,29.7,41.6,5.6,97.5,313.4,181.0,426.8,11.9,18.9,164.7,193.4,168.0,63.9,284.2,7.5,110.8,24.8,95.2,168.6,0.7,2.6,33.2,2.1,5.5,1.8,2.7,5.1
2019-07-06,245.6,195.7,237.9,110.1,368.5,40.8,28.7,42.5,5.1,95.0,287.5,174.5,424.0,11.3,18.7,165.4,210.6,160.0,64.6,284.2,7.9,100.7,24.7,94.0,161.6,0.8,2.4,34.8,2.5,5.5,1.9,2.5,4.4
2019-07-07,239.4,175.1,229.1,102.1,341.6,37.1,25.6,39.5,4.3,90.8,290.3,165.6,414.1,10.2,18.4,166.8,212.1,155.9,58.4,261.3,7.4,103.1,23.0,87.8,151.5,0.6,2.1,35.1,2.4,5.4,1.8,2.4,4.6
2019-07-08,77.9,86.6,171.8,57.8,280.3,21.6,12.1,46.6,2.5,76.5,261.3,179.6,380.5,7.8,2.7,168.7,143.8,196.4,69.6,253.7,5.4,80.8,24.4,69.7,118.8,1.0,1.4,15.8,2.5,4.0,1.4,2.0,3.3
2019-07-09,68.5,84.4,163.0,56.8,260.2,22.6,13.9,40.4,2.4,70.6,268.0,185.8,399.1,8.2,3.0,169.3,142.9,207.2,71.3,255.0,5.6,64.0,18.8,64.7,82.4,1.3,1.1,14.8,2.1,3.8,1.4,1.4,3.5
2019-07-10,83.7,92.4,167.2,59.9,284.4,23.3,14.2,43.9,2.7,75.2,278.9,186.2,410.2,8.9,3.3,170.5,144.9,205.5,70.6,261.7,5.7,75.3,19.0,67.3,99.8,1.5,1.3,16.8,2.1,4.1,1.4,1.8,2.9
2019-07-11,91.6,96.6,168.0,62.2,296.3,23.9,14.6,42.4,2.8,72.5,275.4,183.3,404.4,9.5,3.8,159.1,140.9,198.2,70.3,259.0,5.6,73.6,22.3,55.0,97.8,1.4,1.3,17.0,2.1,4.3,1.4,1.8,2.9
2019-07-12,100.0,115.0,211.8,62.6,268.3,34.1,27.4,43.5,3.4,70.7,318.5,235.2,429.8,12.0,18.0,173.8,190.6,183.5,72.6,291.4,7.4,67.8,23.9,73.6,111.2,1.5,2.1,23.6,2.6,5.9,1.8,2.1,3.5
2019-07-13,104.4,116.7,215.5,63.4,266.6,34.6,27.9,44.4,3.4,71.6,326.4,240.6,433.4,13.0,18.4,168.6,197.2,186.2,71.6,279.1,7.2,68.2,24.3,74.8,112.6,1.8,2.1,23.3,2.5,6.0,2.2,2.3,4.0
2019-07-14,106.3,116.3,218.7,64.0,265.9,34.5,27.3,44.5,3.4,72.3,334.4,244.0,429.8,13.0,18.3,169.6,190.4,186.4,71.9,273.6,7.2,68.7,24.2,74.1,114.2,1.9,2.0,23.7,2.4,6.0,1.7,2.1,3.6
2019-07-15,102.7,114.6,220.6,60.4,260.0,34.7,28.2,43.0,3.3,71.2,331.3,245.0,431.0,13.0,18.3,169.3,177.5,188.0,72.0,267.5,6.9,67.6,24.6,73.8,113.9,1.9,2.1,23.3,2.5,6.2,1.8,2.1,3.6
2019-07-16,98.9,105.6,215.0,58.0,255.2,31.5,25.7,43.7,2.9,70.8,321.7,246.0,417.1,11.8,18.0,167.3,174.0,176.5,65.8,244.6,6.3,67.8,24.1,72.1,102.9,1.2,2.2,21.7,2.6,6.1,1.8,2.1,3.3
2019-07-17,124.5,123.4,220.5,61.6,289.0,35.5,26.6,46.2,3.0,81.1,342.9,203.6,457.5,9.8,18.3,192.4,225.2,247.7,80.3,338.2,7.9,76.7,20.6,75.7,129.3,0.9,2.2,23.7,2.4,6.1,1.8,2.1,3.9
2019-07-18,130.5,127.0,218.3,61.7,297.0,34.8,26.9,46.3,3.1,93.1,341.0,207.8,466.3,10.5,18.4,196.9,229.8,252.8,83.3,348.0,8.3,78.3,22.4,85.3,144.4,1.1,2.1,23.1,2.5,6.0,1.9,2.2,3.9
2019-07-19,124.2,121.7,211.7,60.1,295.8,32.1,26.4,45.2,3.1,87.0,326.8,205.1,462.2,10.9,18.2,197.8,231.2,250.4,83.3,349.7,8.4,76.4,23.6,85.1,148.9,1.2,2.1,23.4,2.4,5.9,1.8,2.2,3.9
2019-07-20,115.1,98.4,187.8,46.1,274.1,23.1,18.9,45.4,2.5,69.9,256.6,186.3,406.8,9.3,12.1,193.1,218.0,247.6,81.4,339.8,7.5,72.9,21.9,81.6,136.7,1.0,2.0,22.3,2.4,5.8,1.8,2.1,3.8
2019-07-21,114.6,109.1,199.1,54.4,268.5,27.3,21.7,40.9,3.0,79.3,300.0,193.0,439.2,9.9,14.0,196.4,225.6,248.4,82.2,347.6,8.2,74.6,21.2,80.0,136.4,1.2,2.0,21.2,2.7,5.7,1.8,2.0,3.8
2019-07-22,119.6,114.1,208.2,57.9,267.7,32.3,25.5,45.7,2.9,87.3,333.3,198.8,460.8,11.7,17.4,200.7,224.6,249.4,82.6,349.2,8.7,75.5,22.6,83.3,140.5,1.2,2.0,21.7,2.5,6.1,1.8,2.0,4.0
2019-07-23,117.9,113.6,211.1,58.2,279.9,33.0,24.6,46.4,2.7,91.3,333.7,200.9,452.0,12.4,17.9,195.8,222.0,240.6,77.5,328.1,8.0,77.1,22.9,84.9,137.4,1.1,1.9,23.2,2.6,5.9,1.7,2.1,3.9
2019-07-24,96.6,115.0,217.7,64.2,256.7,36.6,29.0,47.8,3.5,84.3,324.5,218.2,419.4,11.9,17.5,190.1,195.8,220.3,72.7,319.7,7.5,70.0,22.0,74.6,120.4,1.5,2.2,20.9,2.9,6.3,1.7,2.2,3.9
2019-07-25,96.3,116.6,232.5,65.0,257.1,36.1,27.3,47.9,3.2,84.5,327.9,223.4,425.1,11.9,18.0,192.8,203.3,233.1,75.2,330.9,7.8,68.5,22.9,76.8,127.1,1.5,2.2,21.9,2.3,6.7,1.8,2.2,4.0
2019-07-26,101.0,116.2,231.1,65.3,261.5,37.7,29.0,47.6,3.4,88.5,329.9,227.2,436.2,11.8,18.4,187.7,205.3,234.9,76.6,326.0,7.7,69.4,22.1,77.0,116.3,1.0,2.2,22.2,2.9,6.5,1.7,2.1,3.8
2019-07-27,97.9,113.4,233.4,65.0,263.7,37.0,30.8,42.9,3.4,91.1,335.8,222.8,442.4,11.2,18.5,193.6,205.5,231.5,76.9,323.0,7.7,71.1,23.0,78.0,137.0,1.4,2.2,23.6,2.6,6.5,1.8,2.2,3.8
2019-07-28,102.1,118.2,235.0,65.6,263.8,37.4,27.5,43.0,3.4,92.1,335.9,231.0,443.5,10.9,18.4,192.6,212.4,229.0,75.1,321.0,7.8,73.0,22.3,80.6,139.4,1.6,2.2,23.4,2.6,6.4,1.8,2.2,3.6
2019-07-29,102.4,119.6,235.3,61.1,265.3,37.2,28.3,43.4,3.2,92.2,328.5,232.4,441.3,10.9,18.2,191.9,211.4,228.6,74.0,318.7,7.8,70.6,22.9,83.1,139.5,1.6,2.2,23.9,2.6,6.3,2.0,2.1,3.9
2019-07-30,98.4,110.4,231.4,59.2,263.6,34.4,24.7,42.3,3.0,92.7,313.7,229.2,424.4,10.9,18.1,190.2,209.9,215.4,68.0,294.7,7.2,73.1,23.7,82.0,131.2,1.1,2.0,22.6,2.1,6.1,1.8,1.9,3.9
2019-07-31,232.0,169.4,235.1,114.8,405.1,41.8,29.0,49.3,6.0,83.8,330.9,195.0,473.9,11.5,17.5,193.4,166.1,218.2,75.0,347.5,8.9,108.7,27.2,87.4,187.7,1.2,2.4,30.2,2.3,5.1,1.5,2.3,5.0
2019-08-01,206.1,140.6,223.7,99.3,384.1,42.6,29.4,44.9,5.5,87.9,316.1,202.7,476.8,11.5,17.8,197.0,171.0,217.5,75.8,354.1,9.2,106.4,27.3,82.8,176.5,1.2,2.4,32.7,2.3,5.7,1.5,2.3,5.7
2019-08-02,246.5,172.2,208.5,106.4,394.1,44.2,29.6,45.9,5.7,89.6,319.2,187.8,473.8,11.5,17.9,204.0,172.7,218.4,73.3,355.5,9.0,106.7,26.6,92.9,192.0,1.3,2.3,33.9,2.5,6.0,1.7,2.2,5.8
2019-08-03,228.4,179.9,224.0,112.0,389.6,44.1,29.8,44.9,5.7,88.9,338.8,196.1,479.4,11.5,18.2,195.3,170.2,218.4,72.0,348.5,9.1,108.4,25.6,102.3,184.5,1.3,2.2,35.1,2.6,5.9,1.8,2.3,5.4
2019-08-04,242.1,189.3,228.2,122.7,425.1,45.8,30.1,45.4,5.5,85.9,352.0,203.1,474.3,13.1,18.2,183.0,149.4,203.3,66.7,336.7,9.7,109.2,22.8,82.2,175.3,1.3,2.3,33.2,2.6,6.0,1.7,2.2,5.4
2019-08-05,263.8,197.7,241.8,118.5,398.6,46.0,30.4,44.2,5.6,75.1,354.3,198.1,463.8,12.4,18.3,183.0,149.4,203.3,66.7,336.7,9.7,80.4,21.0,79.8,170.0,1.3,2.2,32.0,2.6,5.7,1.7,2.1,5.1
2019-08-06,259.3,196.1,240.1,121.0,382.0,40.8,28.2,41.0,5.6,76.7,335.9,189.1,429.1,12.4,18.2,169.6,144.8,182.3,63.4,310.1,8.7,97.7,24.0,84.3,163.8,1.0,2.3,32.3,2.5,6.0,1.8,2.4,5.3
2019-08-07,259.3,196.1,240.1,121.0,382.0,40.8,28.2,41.0,5.6,76.7,335.9,189.1,429.1,12.4,18.2,169.6,144.8,182.3,63.4,310.1,8.7,97.7,24.0,84.3,163.8,1.0,2.3,32.3,2.5,6.0,1.8,2.4,5.3
2019-08-08,135.7,128.2,220.8,75.7,361.1,28.0,20.6,43.0,3.4,75.7,299.7,204.5,404.9,9.1,7.3,177.6,144.2,192.5,63.7,277.3,6.8,101.6,26.3,81.3,149.0,0.9,1.9,21.5,2.4,4.8,1.5,2.2,4.6
2019-08-09,142.3,135.5,225.6,78.7,367.1,30.6,22.4,43.3,3.8,76.3,303.5,205.3,418.3,10.3,7.4,174.1,149.5,169.2,63.3,270.5,7.0,105.9,26.9,83.4,157.7,1.3,1.9,27.6,2.6,5.0,1.5,2.1,5.5
2019-08-10,143.6,134.0,231.8,81.3,370.6,31.7,23.6,44.2,3.9,76.2,307.0,208.3,420.9,10.5,7.9,164.7,151.3,174.0,65.6,274.7,6.9,102.2,26.5,74.2,148.2,1.2,1.9,30.9,2.6,5.2,1.7,2.1,4.1
2019-08-11,145.4,139.8,230.0,82.3,383.2,32.9,23.8,45.3,4.0,74.8,308.6,203.8,426.2,10.6,8.1,175.5,159.8,188.0,70.1,296.7,7.7,93.3,19.3,57.4,75.1,1.2,2.0,28.4,2.4,5.0,1.6,2.2,3.7
2019-08-12,160.4,142.4,233.5,84.8,382.7,33.7,24.3,43.4,4.2,78.0,316.6,207.2,434.5,10.6,8.2,186.9,166.9,196.5,71.2,302.2,7.8,81.6,17.4,70.0,51.5,1.1,2.1,20.2,2.8,4.4,1.5,2.3,3.7
2019-08-13,168.2,154.5,237.2,91.7,402.6,35.2,24.8,44.9,4.5,79.2,317.1,209.3,442.1,10.3,8.6,192.3,173.3,201.3,72.4,306.5,8.2,92.5,23.5,77.2,78.3,1.3,2.0,21.7,2.4,4.7,1.7,2.3,4.1
2019-08-14,171.0,158.0,244.1,95.2,417.5,36.1,24.1,41.2,4.6,79.4,315.2,216.6,443.5,10.7,8.1,195.9,168.1,201.2,74.0,311.9,8.1,98.6,27.3,84.5,102.9,1.3,1.5,23.6,2.5,5.1,1.4,2.1,4.7
2019-08-15,130.8,138.4,247.1,62.6,289.7,35.7,27.0,49.1,3.5,85.3,352.8,270.2,484.7,10.2,18.3,193.5,247.4,240.0,77.3,311.3,6.9,75.3,24.0,71.6,121.0,1.8,2.5,22.6,2.7,6.7,1.8,2.3,3.4
2019-08-16,129.7,142.3,250.9,64.0,292.4,36.7,26.9,48.8,3.5,86.9,353.0,272.0,493.9,10.3,18.7,197.3,252.5,244.1,77.4,317.5,7.3,74.8,23.9,71.1,125.4,1.8,2.2,22.5,2.6,6.2,1.6,2.3,3.5
2019-08-17,120.4,138.8,250.6,65.1,291.2,35.7,28.0,51.6,3.7,86.5,356.3,272.3,497.9,10.7,18.7,198.1,254.3,247.8,76.5,321.5,7.5,76.1,23.6,73.3,124.2,1.9,2.2,22.4,2.7,6.3,1.6,2.2,3.5
2019-08-18,110.3,127.1,246.9,63.6,279.7,36.5,26.9,47.0,3.6,88.6,363.5,271.7,499.8,10.9,18.5,197.4,250.3,246.6,75.3,319.1,7.5,76.5,23.7,74.6,124.8,1.8,2.3,23.1,2.8,6.3,1.6,2.1,3.2
2019-08-19,105.7,107.8,248.9,64.3,234.2,32.8,26.2,50.2,3.4,88.7,334.7,264.2,491.7,10.6,18.4,194.6,254.3,243.4,74.7,314.8,7.7,76.2,24.5,71.5,130.0,1.8,2.1,22.9,2.8,6.1,1.6,2.1,3.4
2019-08-20,118.0,115.6,247.3,60.7,247.1,34.6,26.8,49.5,3.3,88.1,349.9,255.9,489.1,10.6,18.5,194.6,252.2,236.8,76.9,316.4,7.4,64.0,24.3,71.6,124.9,1.7,2.0,22.8,2.6,6.0,1.7,2.1,3.4
2019-08-21,114.3,112.1,236.3,59.4,250.7,32.7,25.8,47.6,3.1,86.0,341.7,252.0,477.6,9.4,18.4,191.3,249.5,230.0,71.1,291.0,7.2,70.2,23.6,70.6,113.2,1.4,2.1,20.0,2.6,5.9,1.6,2.2,3.2
2019-08-22,103.0,114.3,217.9,67.6,243.5,37.1,29.7,48.8,4.2,72.7,307.5,221.8,434.9,12.5,18.5,155.9,204.5,195.5,68.7,255.2,6.8,64.1,22.4,68.4,109.9,1.7,2.1,20.9,2.5,6.0,1.8,2.1,3.4
2019-08-23,105.0,119.2,222.5,70.2,253.5,38.5,30.0,48.9,4.2,75.8,309.1,223.8,445.4,12.7,18.6,158.2,208.6,198.9,67.1,266.2,7.0,65.4,24.2,68.9,112.9,1.8,2.1,21.2,2.6,5.9,1.8,2.1,3.5
2019-08-24,109.4,120.7,223.2,70.2,263.3,39.3,31.5,50.2,4.4,76.2,316.4,224.1,444.6,12.4,18.8,160.2,211.7,196.4,69.8,270.6,7.1,71.0,23.9,69.3,111.2,1.8,2.1,22.0,2.6,6.0,1.8,2.2,3.5
2019-08-25,107.5,122.4,227.8,73.2,266.5,39.4,31.1,48.1,4.5,76.8,329.4,230.9,444.1,11.5,18.8,166.5,215.6,202.9,71.2,274.3,7.1,67.3,24.0,66.7,112.4,1.9,2.0,20.9,2.5,6.0,1.6,2.0,3.6
2019-08-26,114.0,125.4,234.8,74.8,271.7,38.8,30.4,50.9,4.4,77.9,332.8,236.3,443.7,11.5,18.6,167.6,214.2,204.9,71.7,281.8,7.1,71.7,24.6,67.0,109.4,1.9,2.1,22.1,2.8,6.1,1.9,2.2,3.4
2019-08-27,114.7,124.1,233.4,70.7,267.8,38.5,30.3,48.0,4.3,77.0,329.7,239.5,443.6,12.7,18.7,167.4,216.1,202.6,70.0,268.8,6.9,71.5,25.2,65.8,112.6,1.9,2.2,22.1,2.6,6.2,1.9,2.2,3.5
2019-08-28,111.3,115.8,227.9,70.0,266.1,36.0,28.2,50.6,3.9,79.7,316.0,240.9,431.0,11.9,18.5,164.8,216.4,192.6,64.7,254.8,6.3,73.4,25.3,66.4,104.1,1.7,2.1,20.3,2.5,5.9,1.9,2.1,3.5
2019-08-29,238.1,212.7,243.9,124.6,405.3,41.0,29.6,39.7,6.0,97.0,301.1,172.7,407.9,11.8,18.6,172.8,199.8,188.3,67.7,276.8,7.4,108.4,25.1,105.3,175.3,1.0,2.2,31.6,2.6,5.4,1.6,2.1,5.9
2019-08-30,239.6,209.7,245.4,125.1,393.2,38.2,30.0,41.2,5.9,89.8,311.6,167.7,412.2,11.3,18.1,162.7,194.5,179.8,69.2,274.6,6.9,93.4,25.1,103.0,174.9,1.1,2.1,31.4,2.4,5.3,1.6,2.1,5.3
2019-08-31,243.0,208.4,245.5,121.0,351.9,37.7,31.5,42.2,5.8,90.6,316.1,169.8,399.2,11.5,18.7,159.2,161.5,177.7,68.4,282.1,7.5,79.2,25.4,105.7,164.1,1.2,2.3,33.1,2.4,5.3,1.6,2.3,5.2
2019-09-01,224.0,200.4,240.5,113.9,350.6,40.2,30.5,39.1,5.4,95.8,320.2,174.1,386.2,11.5,18.4,153.8,167.1,171.9,68.6,277.0,7.4,96.1,26.2,109.6,172.8,1.1,2.3,36.1,2.4,5.5,1.7,2.4,5.8
2019-09-02,225.2,200.8,242.4,113.4,375.3,40.8,29.8,42.7,5.2,100.0,321.0,173.2,383.2,11.5,18.1,152.4,165.1,177.6,70.0,287.2,7.4,104.5,26.6,105.0,183.4,1.0,2.2,35.5,2.5,5.7,1.8,2.2,5.0
2019-09-03,227.9,196.3,237.8,108.1,378.5,41.0,31.0,43.0,5.2,101.4,314.9,172.9,389.6,11.8,18.4,159.3,167.0,180.1,70.3,282.9,7.5,98.8,25.7,93.3,176.2,1.1,2.1,36.2,2.5,5.8,1.6,2.2,5.1
2019-09-04,216.8,169.5,222.2,94.0,316.7,33.6,27.0,40.0,5.2,103.6,294.1,162.8,386.6,11.0,18.1,156.6,169.4,169.8,66.3,264.6,7.0,93.1,26.4,86.8,162.8,0.8,2.0,31.4,2.3,5.9,1.7,2.1,4.8
2019-09-05,95.3,105.7,205.6,59.2,232.8,33.2,24.6,42.6,3.3,85.1,338.0,202.7,490.5,10.4,18.7,201.2,241.2,255.6,83.0,337.6,8.0,71.7,23.7,79.4,129.0,1.4,2.1,23.4,2.3,5.4,1.6,2.1,3.9
2019-09-06,96.5,111.5,213.6,60.2,240.9,33.8,24.1,43.1,3.2,89.8,349.9,205.4,499.3,11.1,18.9,205.1,247.4,256.9,84.5,346.2,8.3,72.0,24.5,79.6,142.0,1.4,2.0,23.9,2.6,5.4,1.7,2.2,3.8
2019-09-07,96.5,111.5,213.6,60.2,240.9,33.8,24.1,43.1,3.2,89.8,349.9,205.4,499.3,11.1,18.9,205.1,247.4,256.9,84.5,346.2,8.3,72.0,24.5,79.6,142.0,1.4,2.0,23.9,2.6,5.4,1.7,2.2,3.8
2019-09-08,102.4,115.1,215.2,60.7,249.9,34.0,24.7,46.0,3.2,89.1,355.9,203.4,479.6,10.9,19.0,204.3,256.2,256.0,84.7,347.2,8.3,73.4,24.4,80.3,142.2,1.4,2.2,23.7,2.9,5.4,1.8,2.2,3.8
2019-09-09,103.9,116.2,216.8,60.6,256.7,33.7,24.7,44.8,3.1,83.7,364.5,200.5,479.0,10.6,19.1,201.3,247.4,258.6,85.3,345.6,8.3,74.1,23.9,69.3,141.3,1.4,2.2,24.2,2.9,5.2,1.8,2.1,3.8
2019-09-10,105.6,117.4,210.3,63.4,263.0,34.4,21.5,47.3,3.1,83.6,362.3,195.1,478.2,10.5,18.9,198.5,236.7,251.1,84.5,348.3,8.5,75.2,22.9,64.8,140.2,1.3,2.3,24.2,2.9,5.8,1.8,2.1,3.9
2019-09-11,105.7,115.1,202.4,59.1,255.7,33.4,21.1,47.7,2.8,84.4,357.9,191.5,468.2,9.9,18.9,192.9,236.8,244.8,81.7,339.8,8.3,68.6,23.3,71.6,135.2,1.4,2.2,24.0,2.7,5.8,1.8,2.2,3.8
2019-09-12,166.0,175.3,256.5,118.5,353.6,37.8,28.3,39.9,4.4,104.7,362.2,202.0,432.0,11.3,18.7,172.3,174.7,194.8,70.0,303.6,7.6,89.3,26.4,107.6,181.7,0.7,2.4,24.5,2.5,5.1,1.7,2.1,3.9
2019-09-13,133.7,157.5,264.3,108.0,331.6,36.5,28.3,41.3,4.3,105.6,368.8,209.7,444.6,11.4,18.9,178.1,182.5,201.1,70.0,312.7,8.2,95.7,26.5,103.0,180.8,0.5,2.4,27.3,2.4,5.3,1.7,2.3,4.2
2019-09-14,147.9,147.1,261.6,91.6,363.8,39.1,29.1,43.0,4.7,105.8,372.6,216.6,457.9,11.4,18.8,181.9,185.7,202.6,69.2,324.5,8.4,97.7,25.6,91.6,183.8,1.0,2.4,28.4,2.5,5.7,1.8,2.3,5.3
2019-09-15,177.2,148.6,245.1,100.6,390.3,41.2,29.3,42.7,5.0,102.1,379.3,218.7,460.0,11.4,18.9,179.2,183.3,199.3,66.6,318.3,8.3,104.5,25.8,101.1,194.7,1.2,2.0,32.0,2.5,5.3,1.7,2.1,5.0
2019-09-16,192.9,171.8,240.0,108.6,407.1,42.4,29.5,41.5,5.3,98.7,390.7,218.6,449.2,11.4,18.8,169.0,182.0,195.4,61.3,308.9,7.8,106.1,26.1,96.0,188.9,1.5,2.1,33.6,2.6,5.6,1.6,2.5,4.7
2019-09-17,206.0,177.1,244.3,111.1,415.0,44.6,30.3,43.1,5.5,101.8,387.4,213.6,430.9,11.4,18.9,165.5,165.9,186.6,60.5,291.4,7.9,105.8,26.9,95.5,190.0,1.2,2.2,33.0,2.5,5.7,1.5,2.3,5.0
2019-09-18,211.6,171.5,240.5,105.6,418.2,41.2,28.0,40.5,5.2,108.5,339.6,209.9,405.6,11.4,19.1,164.9,170.3,168.0,56.0,282.4,6.5,109.9,27.4,95.3,182.7,1.0,2.2,30.4,2.5,5.6,1.8,2.3,6.2
2019-09-19,118.1,127.4,205.8,97.2,351.0,39.0,23.2,41.6,4.1,102.1,379.8,202.9,483.8,11.8,18.4,193.5,195.2,243.1,83.0,352.6,8.5,92.8,24.6,95.1,171.1,1.2,2.0,22.3,1.7,5.2,1.7,2.0,3.7
2019-09-20,95.9,95.5,159.2,89.2,284.6,37.5,25.3,39.3,4.0,100.0,359.3,176.6,478.3,14.0,18.9,193.9,193.8,249.3,87.3,362.1,8.7,88.5,26.6,93.8,178.0,1.2,2.1,20.4,2.1,5.3,1.9,2.1,4.6
2019-09-21,100.7,98.7,146.4,73.7,251.5,34.6,26.0,39.4,3.2,99.6,335.8,154.0,470.4,13.8,18.7,193.9,189.0,241.5,82.4,360.3,8.7,69.1,22.6,90.5,162.6,1.0,2.1,15.6,1.5,4.1,1.9,2.1,4.2
2019-09-22,98.6,106.5,168.3,74.4,269.9,33.7,25.8,46.7,3.2,101.8,355.9,181.0,482.3,13.8,18.7,195.6,186.3,217.0,76.5,306.4,7.2,81.1,23.5,91.2,170.5,1.1,2.1,23.9,1.7,5.1,1.8,2.1,4.5
2019-09-23,104.6,114.3,178.1,75.2,301.0,37.5,26.6,44.7,3.2,93.6,358.8,192.0,477.8,13.8,18.5,193.5,173.3,220.7,69.2,329.0,8.7,86.6,19.7,80.7,166.0,1.0,2.1,26.1,1.9,5.3,1.8,2.1,4.4
2019-09-24,112.8,116.2,187.2,78.7,315.6,38.1,26.1,44.7,3.5,95.6,367.5,200.5,487.4,13.8,18.4,187.8,167.9,228.6,74.9,330.5,9.2,89.8,22.6,79.9,164.3,1.2,2.1,23.8,1.8,5.3,1.6,2.2,3.6
2019-09-25,108.5,110.9,190.4,79.2,320.3,35.2,22.5,43.0,3.3,95.9,363.6,201.3,468.5,10.3,18.5,178.1,164.6,216.0,69.5,304.2,8.4,92.3,21.1,80.9,155.0,1.0,2.1,22.9,2.2,5.2,1.8,2.1,4.3
2019-09-26,146.2,155.4,206.5,85.8,324.6,35.5,27.4,40.8,3.8,87.8,341.8,181.8,438.4,12.8,18.1,165.1,175.4,160.2,68.7,301.2,8.2,92.9,24.2,89.9,141.5,0.8,2.1,29.5,2.4,5.5,1.7,2.1,4.5
2019-09-27,151.2,157.7,211.2,86.0,326.3,36.1,26.8,40.3,4.3,87.1,348.0,184.5,446.6,12.8,18.2,164.4,179.7,160.7,69.6,292.1,7.7,92.2,24.1,84.4,148.2,0.9,2.1,29.4,2.5,5.6,1.6,2.3,4.8
2019-09-28,141.5,157.5,213.1,88.3,330.1,35.8,28.1,38.9,3.9,86.8,357.3,185.5,452.7,12.8,18.3,156.5,180.8,158.1,67.7,282.1,7.5,93.3,24.0,80.8,141.6,0.8,2.3,30.0,2.4,5.3,1.7,2.2,4.6
2019-09-29,138.5,156.1,215.5,87.9,327.3,35.6,28.1,41.3,4.2,89.5,360.1,187.7,458.8,12.8,18.6,152.3,173.4,161.8,67.4,266.3,7.4,95.0,24.7,81.5,154.3,0.9,2.0,31.0,2.5,5.5,1.7,2.2,4.8
2019-09-30,118.8,145.9,213.0,86.4,323.6,35.7,28.1,30.5,4.1,83.1,364.7,187.1,441.8,12.8,18.3,154.9,163.4,162.5,67.9,276.9,7.5,95.5,25.5,81.7,161.1,0.9,2.1,30.1,2.6,5.4,1.7,1.8,4.9
2019-10-01,118.9,142.9,208.4,80.7,316.5,34.9,27.8,39.9,3.9,78.2,362.1,182.7,400.0,10.3,18.2,155.4,147.6,154.6,67.0,264.2,6.9,88.1,24.4,88.0,164.8,0.9,1.9,30.2,2.4,5.5,1.7,1.9,4.6
2019-10-02,110.9,137.5,202.2,75.3,299.3,31.8,23.7,40.0,3.3,75.7,343.1,168.1,368.4,10.8,18.1,149.7,142.9,138.3,61.8,249.8,6.6,83.8,22.3,90.4,156.5,0.8,2.1,29.1,2.2,6.0,1.8,1.9,4.9
2019-10-03,108.1,126.0,231.0,68.9,282.8,38.2,28.5,50.2,3.7,81.2,256.6,250.5,414.6,9.5,16.6,159.1,179.7,210.7,66.9,275.1,7.4,76.7,24.8,71.5,114.3,1.6,2.1,23.9,2.9,6.4,1.8,2.1,3.9
2019-10-04,116.9,131.7,237.6,72.2,295.3,40.6,25.8,52.5,3.8,80.1,282.7,249.2,418.4,9.5,17.3,151.4,171.6,204.2,67.9,240.3,6.5,74.5,21.4,71.9,116.8,1.3,2.2,22.9,2.9,6.5,1.9,2.1,3.8
2019-10-05,118.0,132.0,240.9,72.3,291.3,39.7,30.3,48.5,4.0,79.5,316.4,251.6,421.8,9.5,17.7,151.2,174.0,212.2,67.1,227.9,6.0,73.9,22.8,73.8,121.4,1.4,2.1,21.4,2.9,6.1,1.8,2.2,3.9
2019-10-06,120.1,131.3,244.1,72.2,293.4,39.1,29.7,50.3,3.8,77.8,327.5,251.9,421.0,9.5,17.9,157.0,178.2,215.5,66.3,238.1,6.0,75.3,22.4,71.8,117.2,1.4,2.2,22.8,2.8,6.6,1.9,2.1,4.1
2019-10-07,120.1,131.3,244.1,72.2,293.4,39.1,29.7,50.3,3.8,77.8,327.5,251.9,421.0,9.5,17.9,157.0,178.2,215.5,66.3,238.1,6.0,75.3,22.4,71.8,117.2,1.4,2.2,22.8,2.8,6.6,1.9,2.1,4.1
2019-10-08,119.0,132.4,241.1,73.9,294.9,39.5,29.9,51.6,3.8,82.9,329.8,253.4,413.7,11.9,17.8,163.4,182.1,215.6,66.4,265.1,6.7,76.7,21.7,72.8,121.5,1.4,2.2,23.3,2.8,5.4,1.7,2.2,4.2
2019-10-09,114.9,129.5,242.0,66.2,293.8,39.1,29.3,50.4,3.6,83.3,329.0,250.8,413.1,12.0,16.8,165.2,182.5,211.7,66.1,268.0,7.0,75.1,21.7,74.0,122.6,1.3,2.3,23.2,2.8,6.6,1.6,2.1,4.1
2019-10-10,109.1,118.6,239.6,64.6,280.0,36.2,25.3,49.0,3.4,84.7,321.9,250.8,403.2,12.0,17.2,163.4,181.2,197.4,58.8,264.6,6.5,76.2,23.2,73.3,111.0,1.1,2.3,22.2,3.0,6.4,1.8,2.1,4.0
2019-10-11,156.3,152.5,215.5,110.5,399.9,42.9,27.7,46.6,5.1,91.9,378.4,200.3,499.8,11.5,18.0,193.3,167.1,219.6,85.3,341.5,9.0,104.2,26.5,91.0,174.5,1.1,1.8,19.0,2.1,4.7,1.7,1.8,4.6
2019-10-12,151.4,152.1,212.5,106.0,405.6,43.0,28.0,46.5,4.8,90.3,378.9,208.4,500.6,11.5,18.2,197.0,169.7,223.6,85.1,344.4,8.9,100.3,23.7,81.6,157.1,1.2,2.1,21.5,2.4,5.1,1.9,1.9,4.0
2019-10-13,153.8,150.7,221.5,102.7,401.4,41.7,29.6,45.9,4.8,87.4,376.5,213.9,497.9,11.5,18.1,196.7,170.1,225.7,84.6,339.4,9.4,100.2,25.5,81.0,166.7,1.1,2.1,23.8,2.4,5.1,1.7,2.2,4.2
2019-10-14,151.1,151.4,211.8,101.8,404.7,40.7,28.2,46.0,4.6,90.4,377.8,215.3,495.2,11.5,18.2,197.6,170.1,225.0,83.4,343.8,9.2,99.5,26.3,82.2,184.1,0.9,2.2,24.9,2.2,5.3,1.8,1.9,4.4
2019-10-15,137.9,143.5,192.2,100.9,394.2,40.8,28.2,46.1,4.7,94.1,374.3,216.6,495.1,11.5,17.9,197.4,175.9,222.2,83.6,348.3,9.2,103.1,28.9,90.0,192.9,1.1,2.3,24.8,2.3,5.0,1.7,2.1,4.4
2019-10-16,136.9,137.8,194.9,88.4,364.1,41.7,27.2,45.9,4.4,91.0,371.8,213.3,496.7,11.5,17.8,197.7,173.4,220.9,81.5,335.7,9.0,103.6,28.6,94.9,192.9,1.1,2.2,24.5,2.5,5.3,1.7,2.0,4.2
2019-10-17,134.9,141.2,211.2,89.8,400.3,40.8,23.7,46.8,3.9,91.8,360.5,211.6,481.3,11.5,17.4,196.5,166.2,211.5,78.2,320.9,8.3,106.3,27.8,92.6,172.0,1.0,2.1,25.3,2.4,5.1,1.6,2.0,4.0
2019-10-18,96.1,120.7,226.5,74.9,296.5,39.3,28.4,33.6,4.6,77.0,324.1,245.5,445.4,9.4,18.9,170.4,211.0,222.7,69.3,294.7,7.1,83.8,24.6,66.2,110.9,2.1,2.2,23.1,2.7,5.9,1.6,2.2,3.5
2019-10-19,105.4,123.2,226.8,74.9,289.5,38.9,28.7,38.1,4.7,78.4,257.6,247.7,452.7,10.5,18.1,166.7,211.4,230.7,70.4,287.0,7.1,82.5,24.8,68.2,113.8,1.9,2.3,22.3,2.6,6.0,1.6,2.1,3.7
2019-10-20,111.4,127.7,233.3,75.4,284.0,39.1,30.7,43.8,4.6,77.8,273.3,236.9,441.2,10.1,17.9,156.0,201.5,220.5,70.2,238.5,5.7,80.7,24.9,67.8,111.2,1.9,2.2,20.5,2.7,5.9,1.3,2.1,3.8
2019-10-21,112.0,125.3,225.9,76.4,253.9,39.8,31.1,42.2,4.7,78.8,309.7,214.5,438.8,10.0,18.2,153.7,200.8,227.3,70.1,227.2,5.2,77.1,25.4,65.6,113.8,1.9,2.3,20.9,3.2,6.1,1.6,2.2,3.7
2019-10-22,111.6,125.3,228.1,77.3,260.9,39.1,31.1,49.6,4.6,79.3,322.9,225.0,431.4,9.5,18.0,167.5,209.8,233.0,71.4,246.6,5.4,74.2,25.2,67.9,115.0,2.0,2.2,22.0,2.8,6.0,1.6,2.3,3.6
2019-10-23,110.4,126.1,230.2,73.3,279.8,39.6,31.3,49.9,4.3,72.5,322.1,230.2,431.8,9.3,18.1,169.5,209.8,228.3,72.3,262.1,6.1,73.0,24.3,68.4,116.0,1.2,2.2,22.6,2.6,6.1,1.6,2.3,3.5
2019-10-24,104.6,115.6,228.2,71.7,271.3,36.7,28.7,50.0,3.9,78.7,313.5,229.3,426.8,8.7,18.1,170.2,208.6,192.3,67.8,246.7,6.0,75.0,24.0,68.4,107.4,1.6,2.2,22.7,2.6,6.1,1.6,2.2,3.4
2019-10-25,256.1,206.9,211.5,115.5,449.7,39.9,29.1,42.9,6.0,92.7,270.6,195.4,379.0,10.3,18.5,186.0,196.4,154.5,55.0,306.7,8.5,110.7,24.5,94.1,164.8,0.8,2.2,33.9,2.4,5.2,1.7,2.4,5.5
2019-10-26,229.1,204.7,214.5,117.8,420.6,41.4,29.6,38.7,6.3,87.9,292.7,186.9,396.2,10.5,18.9,183.4,191.9,160.5,58.6,312.4,8.6,96.5,22.9,91.3,150.5,0.8,2.2,32.6,2.4,5.1,1.8,2.4,4.7
2019-10-27,233.8,192.2,207.5,113.9,393.0,42.3,29.4,35.7,6.0,80.5,293.4,169.4,399.4,10.5,18.5,183.6,200.8,161.3,59.4,306.8,8.1,99.9,23.2,93.9,152.2,0.7,2.1,33.4,2.5,5.5,1.7,2.2,5.4
2019-10-28,220.4,170.6,171.0,98.7,379.2,33.8,22.8,40.3,5.2,80.3,231.5,140.7,344.5,10.5,14.9,184.7,190.6,149.9,58.1,286.0,7.3,104.7,24.5,96.6,138.2,0.5,2.2,30.3,2.5,5.6,1.6,2.3,4.7
2019-10-29,226.5,177.7,156.0,107.7,377.1,36.1,26.6,38.5,5.6,88.3,258.5,149.7,378.1,11.3,16.2,183.3,213.1,164.2,62.5,301.6,7.0,108.1,25.2,103.9,157.1,0.8,2.0,33.2,2.4,5.5,1.3,2.2,4.5
2019-10-30,176.1,150.9,147.3,99.2,370.6,37.5,29.6,33.5,5.0,97.4,281.8,164.8,399.9,11.7,18.2,174.0,218.9,158.1,63.8,272.1,6.9,107.8,24.4,104.5,151.0,0.9,2.0,35.2,2.3,5.5,1.4,2.2,4.8
2019-10-31,124.2,125.4,163.0,89.1,353.2,30.0,34.0,38.8,3.6,96.0,282.4,169.2,399.2,11.7,18.4,164.1,217.0,142.7,60.0,260.2,6.5,104.9,21.8,89.8,144.9,0.6,2.3,33.3,2.3,5.3,1.7,2.2,4.5
2019-11-01,78.2,79.7,159.5,52.4,271.0,20.1,12.1,40.7,2.4,78.2,249.5,177.2,392.2,7.1,2.2,154.9,167.8,198.4,67.9,228.2,4.5,82.8,22.7,72.8,130.3,0.9,1.5,19.2,2.1,3.9,1.5,2.3,3.1
2019-11-02,82.0,83.4,162.7,56.4,282.3,21.3,13.1,40.4,2.6,78.3,260.7,179.9,391.7,7.7,2.4,158.7,164.6,206.6,70.8,239.1,4.7,88.8,24.8,74.8,143.3,1.2,1.6,21.7,2.0,4.2,1.6,2.3,4.0
2019-11-03,88.1,88.5,168.6,60.8,290.0,21.1,12.8,43.2,2.7,78.9,263.5,180.8,392.2,7.7,2.4,160.9,167.4,208.4,70.8,243.8,4.8,91.6,23.5,78.5,151.4,1.2,1.7,21.3,2.4,4.2,1.7,2.2,4.3
2019-11-04,84.5,91.5,170.4,62.8,289.0,22.1,13.3,40.7,2.9,77.5,261.7,180.7,395.0,7.9,2.4,163.0,159.7,217.0,70.6,248.2,4.9,70.3,21.8,77.8,137.6,1.3,1.2,16.4,1.9,3.6,1.3,1.7,3.4
2019-11-05,85.4,91.8,169.7,63.0,293.3,22.5,14.0,42.9,3.0,78.3,264.5,182.2,402.2,8.2,2.5,165.0,157.8,219.8,69.5,252.5,5.1,82.7,23.5,76.2,127.2,1.2,1.3,15.9,1.8,3.7,1.6,1.9,3.2
2019-11-06,83.3,89.2,169.2,65.2,290.0,22.9,14.1,39.7,2.9,83.4,269.0,188.7,401.9,8.1,2.6,166.6,157.7,219.0,71.0,254.9,5.2,82.9,24.6,77.9,130.9,1.2,1.4,15.2,1.9,3.6,1.6,2.0,3.2
2019-11-07,83.3,89.2,169.2,65.2,290.0,22.9,14.1,39.7,2.9,83.4,269.0,188.7,401.9,8.1,2.6,166.6,157.7,219.0,71.0,254.9,5.2,82.9,24.6,77.9,130.9,1.2,1.4,15.2,1.9,3.6,1.6,2.0,3.2
2019-11-08,67.8,83.5,170.4,62.1,280.4,21.6,11.8,42.4,2.6,79.5,263.7,182.1,400.2,8.1,2.7,171.0,152.7,204.4,72.1,259.0,5.5,81.0,24.4,69.4,125.8,1.1,1.4,14.9,2.0,3.8,1.3,2.0,2.4
2019-11-09,99.0,107.9,212.4,63.2,269.0,32.9,27.3,36.2,3.3,72.1,308.7,209.1,402.5,12.2,17.7,173.2,160.5,168.5,67.9,286.3,6.5,74.8,23.9,73.3,109.0,1.2,2.1,23.6,2.3,5.9,1.8,2.2,4.3
2019-11-10,98.0,114.1,214.4,59.9,267.4,33.0,26.8,38.1,3.2,71.7,314.2,214.7,408.4,12.5,18.1,176.0,174.7,173.2,69.7,293.5,7.6,71.3,23.6,78.4,115.2,1.3,2.0,23.8,2.4,5.9,1.7,2.1,3.6
2019-11-11,102.6,113.3,215.3,62.0,268.7,33.7,27.9,39.3,3.5,70.8,314.5,218.5,414.3,12.4,18.1,173.3,176.6,177.3,70.8,295.1,7.6,69.1,23.9,70.4,115.8,1.5,2.2,23.7,2.4,6.0,1.8,2.1,4.0
2019-11-12,104.0,114.0,196.9,63.2,276.1,34.0,28.5,39.2,3.4,71.2,309.8,221.1,409.9,12.4,18.0,171.9,183.5,175.6,71.4,297.1,7.6,69.7,24.7,65.0,112.3,1.4,2.1,23.5,2.4,5.7,1.7,2.2,4.1
2019-11-13,101.8,114.4,194.3,60.6,277.4,34.3,27.8,38.8,3.5,71.2,307.0,222.6,410.3,12.4,18.0,165.5,194.0,172.8,72.6,288.3,7.4,72.7,24.7,65.2,117.8,1.3,2.0,24.7,2.4,5.6,1.7,2.1,4.0
2019-11-14,101.3,110.5,200.5,60.4,272.1,33.3,27.6,41.8,3.3,70.8,313.7,224.7,416.2,12.9,18.2,168.3,192.5,172.0,72.1,273.6,7.4,71.2,23.8,66.7,115.7,1.4,2.1,24.1,2.5,5.8,1.9,2.2,3.8
2019-11-15,93.0,101.8,203.7,58.5,257.1,30.9,25.3,42.0,3.0,70.8,299.7,227.0,406.7,12.0,17.7,168.3,189.2,164.1,65.4,260.2,6.7,69.4,23.9,64.2,106.1,1.1,2.0,22.4,2.5,5.7,1.7,2.1,3.5
2019-11-16,106.3,118.8,222.7,61.2,276.5,34.7,28.1,45.8,3.2,96.9,333.7,218.8,449.1,11.6,18.1,196.6,223.7,244.2,79.9,340.7,8.1,75.2,23.9,88.4,137.9,1.5,2.2,24.3,2.5,6.3,1.6,2.2,3.6
2019-11-17,110.6,122.5,230.4,61.4,280.6,35.7,28.1,45.5,3.2,95.5,334.4,222.0,463.7,11.6,18.6,199.2,220.4,248.9,80.8,343.0,8.3,75.2,24.7,88.8,148.7,1.4,2.3,24.2,2.4,6.3,1.7,1.9,4.0
2019-11-18,111.8,125.2,225.0,62.2,283.1,36.9,29.9,47.3,3.3,96.3,330.9,219.1,459.1,11.6,18.6,198.1,220.9,247.0,80.7,340.0,8.2,77.2,24.1,86.2,153.4,1.3,2.4,24.1,2.2,6.2,1.6,2.1,3.8
2019-11-19,107.5,115.7,219.4,61.4,271.5,35.5,29.2,46.9,3.3,94.5,332.3,212.2,452.8,11.6,18.7,197.4,228.0,247.8,81.2,341.4,8.2,76.4,22.1,86.0,156.5,1.3,2.3,24.6,2.4,6.1,1.7,2.1,3.9
2019-11-20,111.0,118.4,218.2,64.2,278.8,35.7,29.1,45.8,3.2,97.5,334.5,210.7,448.9,11.6,18.2,197.4,229.3,249.9,80.9,340.8,8.7,78.0,20.0,85.5,143.7,1.1,2.1,24.7,2.3,6.2,1.6,2.1,3.9
2019-11-21,116.5,122.6,220.9,59.4,289.1,36.0,28.0,47.1,3.1,94.2,334.3,212.6,451.2,10.7,18.1,196.6,229.4,242.1,79.8,339.5,8.1,79.4,20.8,84.3,142.6,1.2,2.1,24.0,2.3,6.1,1.5,2.0,4.3
2019-11-22,116.9,114.9,215.3,57.5,288.7,33.7,25.2,43.2,2.8,91.9,327.0,199.5,439.0,10.7,18.2,192.0,224.4,230.0,73.9,313.3,7.5,78.2,20.1,81.3,133.5,1.1,2.1,23.4,2.6,6.1,1.9,2.2,4.0
2019-11-23,101.4,118.1,233.3,66.8,256.7,37.3,28.4,50.0,3.5,85.4,316.8,231.6,403.7,12.3,18.2,172.2,190.9,207.9,72.9,301.7,7.1,70.9,23.8,72.0,118.7,1.2,2.0,22.5,2.8,6.0,2.0,2.0,4.3
2019-11-24,105.8,123.0,236.5,67.1,257.5,37.8,29.0,49.4,3.6,86.6,323.4,236.3,420.1,12.3,18.1,174.8,193.1,212.3,73.2,309.9,7.4,72.1,24.2,73.7,126.9,1.3,2.1,23.2,2.5,6.0,2.0,2.1,3.4
2019-11-25,104.8,122.9,236.6,66.5,267.0,37.9,28.0,46.9,3.5,82.8,324.3,236.7,428.0,12.6,17.5,174.5,192.6,219.5,74.3,310.6,7.3,68.5,23.8,74.1,128.7,1.4,2.2,23.4,2.4,6.1,1.8,2.1,3.8
2019-11-26,102.9,111.5,227.5,67.0,246.1,37.0,27.5,46.7,3.5,89.0,328.1,213.6,431.0,11.9,18.3,174.2,194.7,223.2,74.8,313.9,7.4,69.8,23.9,83.9,129.3,1.4,2.2,23.9,2.7,6.0,1.8,2.2,3.9
2019-11-27,105.3,116.5,230.5,68.5,236.4,35.8,26.9,38.6,3.5,85.9,324.4,198.8,418.4,11.9,18.3,175.9,192.1,226.2,75.9,321.4,7.5,70.8,22.2,83.6,130.4,1.5,2.2,24.0,2.8,6.1,1.9,2.1,3.9
2019-11-28,103.6,118.4,233.4,64.9,246.0,35.6,28.3,42.8,3.5,70.7,320.9,210.3,413.0,11.9,18.0,178.1,189.8,226.8,76.1,315.8,7.5,66.3,19.5,68.2,124.7,1.3,2.2,23.4,2.5,6.3,1.9,2.1,3.8
2019-11-29,98.7,107.4,227.8,61.6,250.5,35.7,27.9,42.2,3.1,82.1,311.7,216.8,404.0,11.9,17.4,184.3,194.5,210.2,70.1,301.0,6.9,68.4,22.4,74.9,114.6,1.3,2.0,19.2,2.4,5.9,1.7,2.0,3.3
2019-11-30,203.3,194.8,269.8,136.7,449.6,46.2,29.3,47.7,6.3,92.4,398.0,221.9,459.6,11.9,17.4,181.0,165.1,187.2,65.8,327.3,8.7,96.9,27.3,94.2,186.0,1.2,2.3,30.5,2.3,6.0,1.7,2.3,4.8
2019-12-01,210.1,199.8,278.0,139.1,461.2,48.1,30.1,42.0,6.7,91.5,398.0,225.2,471.4,11.9,16.6,191.0,169.3,185.6,67.2,332.0,8.8,90.2,27.2,105.6,186.4,1.2,2.3,31.8,2.6,5.8,1.7,2.2,5.8
2019-12-02,185.6,176.2,265.9,135.2,403.0,38.4,29.2,41.0,6.0,92.2,368.3,221.2,463.4,11.9,16.5,197.3,169.2,179.2,64.6,337.6,9.2,87.6,24.6,102.9,184.3,1.4,2.2,35.1,2.5,5.9,1.6,2.2,6.2
2019-12-03,228.6,185.3,244.4,136.1,430.6,45.5,30.2,48.3,6.2,92.1,302.6,210.1,457.8,10.4,16.0,198.4,168.5,178.9,64.5,338.7,8.9,86.7,23.1,82.2,168.4,1.3,2.2,34.9,2.8,5.8,1.7,2.1,5.1
2019-12-04,256.0,203.2,257.8,134.7,453.9,53.2,30.8,48.9,6.5,92.8,328.7,211.2,460.8,11.5,16.9,198.7,169.8,190.3,69.0,339.2,8.8,108.2,26.8,92.3,190.8,1.3,2.2,31.0,2.7,6.1,1.7,2.2,5.4
2019-12-05,240.2,201.3,257.9,130.7,450.6,46.9,31.1,46.9,6.1,89.6,342.9,203.4,464.0,11.5,17.4,201.8,168.4,198.1,71.9,332.9,9.1,106.1,27.3,87.1,180.4,1.1,2.1,31.8,2.2,6.1,1.8,2.1,5.0
2019-12-06,237.6,165.9,223.1,117.9,413.3,42.7,27.8,46.8,5.7,86.9,325.4,191.1,455.8,11.5,17.3,197.6,166.4,192.8,69.0,330.6,8.5,110.7,26.4,77.4,177.0,0.9,2.2,30.0,2.5,5.8,1.8,2.3,5.1
2019-12-07,237.6,165.9,223.1,117.9,413.3,42.7,27.8,46.8,5.7,86.9,325.4,191.1,455.8,11.5,17.3,197.6,166.4,192.8,69.0,330.6,8.5,110.7,26.4,77.4,177.0,0.9,2.2,30.0,2.5,5.8,1.8,2.3,5.1
2019-12-08,110.1,101.3,205.2,69.4,251.6,21.4,16.5,36.1,3.0,69.2,299.7,180.1,407.7,9.5,7.5,175.6,139.9,192.6,68.6,289.3,7.1,87.5,20.5,74.9,131.3,1.1,1.8,26.5,2.3,4.7,1.7,2.2,4.7
2019-12-09,116.2,110.5,204.7,67.7,217.0,23.5,20.1,40.4,3.2,72.9,305.2,173.9,392.5,10.6,7.8,180.6,142.8,199.4,72.5,303.8,7.7,68.2,20.3,76.9,120.0,1.3,1.9,27.1,2.4,4.7,1.7,2.3,4.2
2019-12-10,114.1,115.6,203.2,71.8,278.0,26.8,21.0,42.3,3.3,75.4,305.5,192.6,425.7,10.1,8.0,178.7,147.5,208.4,72.2,296.7,7.0,91.4,22.6,80.4,138.7,1.3,1.9,27.5,2.5,4.9,1.6,2.1,4.5
2019-12-11,123.5,121.8,203.5,73.1,312.5,28.6,21.4,43.2,3.4,75.0,301.9,196.0,421.3,9.9,7.9,180.5,150.8,214.7,72.7,296.1,7.2,97.8,23.6,80.4,140.3,1.4,2.0,21.6,2.5,4.7,1.5,2.1,4.6
2019-12-12,115.0,113.6,215.1,72.2,322.0,28.9,20.7,38.3,3.3,78.7,303.4,202.0,411.2,9.8,7.8,174.5,154.9,214.5,73.2,302.7,7.3,97.1,22.3,81.9,143.5,1.3,2.2,21.5,2.4,4.7,1.7,2.2,4.1
2019-12-13,121.2,120.4,219.7,72.0,339.7,30.1,21.9,43.2,3.4,79.4,306.3,202.9,405.5,10.0,7.5,181.9,156.8,209.5,71.9,303.5,7.6,100.6,23.2,81.2,145.2,1.2,2.0,22.2,2.3,5.1,1.6,2.1,4.2
2019-12-14,129.8,128.5,225.2,73.3,350.6,30.5,22.4,43.8,3.5,76.5,306.5,205.5,405.1,8.9,7.6,185.5,152.8,204.1,71.2,296.5,7.4,101.9,25.9,81.3,151.7,0.9,1.9,22.1,2.2,5.1,1.5,2.4,4.2
2019-12-15,130.1,131.9,243.3,68.5,290.4,37.5,28.0,50.4,3.9,73.7,329.0,267.4,457.1,9.5,17.1,180.7,192.4,231.5,73.8,304.3,7.5,77.5,25.9,80.6,119.7,1.9,2.2,22.1,2.5,6.6,1.6,2.3,3.4
2019-12-16,129.2,136.6,248.1,69.5,295.5,38.7,29.2,53.0,4.0,73.7,343.5,269.9,471.1,11.2,18.5,184.5,210.8,233.9,75.1,310.0,7.4,77.6,25.2,80.0,120.9,1.9,2.2,22.6,2.7,6.7,1.6,2.3,3.6
2019-12-17,134.2,137.8,249.0,68.8,288.0,38.6,28.8,51.8,3.9,78.7,341.0,271.4,476.8,11.9,18.7,186.4,216.8,237.7,76.0,311.9,7.7,77.1,24.9,77.8,123.3,1.8,2.2,22.7,3.0,6.6,1.8,2.2,3.5
2019-12-18,131.3,136.9,249.0,66.8,282.1,37.6,27.1,46.4,3.8,80.9,348.6,271.8,475.8,12.0,18.7,187.8,223.0,240.9,78.2,315.1,7.7,76.1,24.6,78.5,122.5,1.9,2.3,23.1,2.9,6.6,1.8,2.3,3.6
2019-12-19,131.4,136.8,248.1,66.8,273.9,37.2,27.2,48.3,3.7,82.6,348.7,271.4,474.7,11.3,18.5,189.0,225.7,244.6,77.6,324.0,7.8,75.6,23.0,73.6,121.7,2.0,2.2,23.6,2.7,6.7,1.6,2.2,3.8
2019-12-20,132.6,136.2,249.3,62.6,278.7,36.7,26.6,48.1,3.5,83.8,347.0,269.4,474.5,9.9,18.4,189.7,236.2,242.0,78.5,307.8,7.6,74.8,23.5,71.2,120.6,2.0,2.3,22.8,2.7,6.6,1.6,2.3,3.6
2019-12-21,126.9,129.1,245.5,61.1,286.6,34.3,25.2,48.8,3.2,83.8,335.0,265.3,461.2,9.3,18.0,189.7,235.6,225.3,71.9,296.6,6.8,77.4,23.5,71.1,115.9,1.7,2.2,21.4,2.8,6.5,1.6,2.3,3.4
2019-12-22,110.7,118.4,222.6,62.8,244.7,34.7,29.4,46.0,3.6,73.5,328.8,253.5,442.9,12.3,18.6,155.9,182.7,184.5,70.6,258.0,6.9,67.6,24.4,75.1,110.4,1.7,2.1,21.3,2.5,6.2,1.8,2.1,3.4
2019-12-23,114.1,122.1,228.8,62.9,249.2,36.1,29.7,47.2,3.5,74.4,335.5,256.0,454.0,12.8,19.0,159.7,187.2,188.0,71.5,274.8,7.2,70.3,24.5,76.7,114.3,1.8,2.1,20.0,2.5,6.0,1.7,2.1,3.4
2019-12-24,110.8,121.0,229.9,65.4,253.4,36.4,30.3,46.9,3.7,76.2,332.2,257.5,455.5,12.8,19.0,163.0,192.7,196.1,72.5,278.4,7.1,67.9,24.8,76.5,113.5,1.8,2.3,21.1,2.6,6.3,1.7,2.2,3.4
2019-12-25,97.8,111.3,211.8,64.8,239.8,36.5,31.2,45.9,4.1,76.9,325.9,243.8,451.3,12.4,19.0,160.7,197.3,196.6,72.6,287.5,6.5,69.1,24.5,76.4,114.3,1.8,2.1,18.9,2.7,6.0,1.7,2.2,3.2
2019-12-26,94.7,95.7,202.2,66.8,186.8,29.5,29.2,38.9,4.3,75.8,319.3,211.0,438.7,12.6,18.8,159.3,199.6,204.2,72.4,283.2,7.3,53.8,24.0,76.2,113.2,1.8,2.1,19.0,2.6,6.0,1.7,2.1,3.3
2019-12-27,103.7,110.4,211.4,63.8,229.9,33.4,29.3,44.2,3.8,75.8,317.1,228.5,435.7,12.2,18.6,156.6,200.1,197.7,70.4,256.1,6.8,54.9,23.2,79.8,112.0,1.7,2.0,20.1,2.6,5.8,2.0,2.1,3.4
2019-12-28,97.2,101.7,212.7,62.0,234.2,32.7,27.6,47.7,3.4,74.2,299.5,220.9,422.9,11.4,18.2,154.2,199.6,178.7,63.4,223.8,6.1,63.9,21.8,75.8,108.3,1.6,2.0,19.7,2.5,6.0,1.7,2.1,3.4
2019-12-29,237.2,214.1,232.7,128.5,421.3,42.0,29.9,40.0,6.4,78.9,284.7,174.7,395.1,11.0,18.6,181.9,200.5,187.0,67.1,318.2,8.3,113.0,25.3,95.7,166.9,1.0,2.0,34.2,2.4,5.3,1.7,2.1,4.9
2019-12-30,251.9,220.1,246.5,126.9,437.4,43.3,31.6,42.8,6.4,83.8,278.2,180.4,395.6,11.8,18.7,186.9,205.9,191.6,64.5,329.9,8.8,103.6,23.6,99.2,173.9,1.1,2.3,35.0,2.4,5.6,1.8,2.1,4.9
2019-12-31,255.0,223.2,253.5,134.9,424.0,44.3,31.6,42.9,6.7,86.5,277.2,179.5,400.3,11.8,18.7,186.6,206.8,189.5,58.9,313.2,7.9,109.1,25.5,98.5,174.3,1.0,2.2,34.7,2.5,5.7,1.7,2.2,5.0
