filename,column_index,Mean,Median,Min,Max,Variance,P2P_amplitude,Trend_slope,Spectral_centroid,Spectral_rolloff,Spectral_entropy,Strength_of_trend,Mean_crossing_rate,Median_crossing_rate,is_stationary
c:\Users\User\Desktop\Project_repos\tsvalidation\tsvalidation\experiments\datasets/processed_data\aire_discharge_environment_data.csv,0,3.236645646015032,0.7542637145,0.0,43.5818064,31.35014053341882,43.5818064,0.0011336784647083525,0.2109159002043719,0.46677215189873417,0.9103869542403809,0.8477877894217916,0.28661916072842436,0.3072050673000792,True
c:\Users\User\Desktop\Project_repos\tsvalidation\tsvalidation\experiments\datasets/processed_data\aire_discharge_environment_data.csv,1,3.5451695786261865,0.7722382685,0.0,51.70369929,37.47001693413934,51.70369929,0.0012332846792744842,0.21184356501813345,0.46677215189873417,0.911376495119987,0.842911173224811,0.30245447347585114,0.30641330166270786,True
c:\Users\User\Desktop\Project_repos\tsvalidation\tsvalidation\experiments\datasets/processed_data\aire_discharge_environment_data.csv,2,19.092943037974685,11.05,3.3,192.0,454.0311513068815,188.7,0.00820168471739409,0.1396878563178406,0.43037974683544306,0.7384862231720088,1.671501874139503,0.08076009501187649,0.06334125098970704,True
c:\Users\User\Desktop\Project_repos\tsvalidation\tsvalidation\experiments\datasets/processed_data\aire_discharge_environment_data.csv,3,8.188431170886076,4.16,0.515,85.3,119.93583600000939,84.785,0.004133716039534965,0.1355181203055676,0.42563291139240506,0.744166273431734,1.727199979331289,0.09026128266033254,0.06730007917656373,True
c:\Users\User\Desktop\Project_repos\tsvalidation\tsvalidation\experiments\datasets/processed_data\aire_discharge_environment_data.csv,4,0.8855973101265823,0.5774999999999999,-0.179,4.286,0.8136212943282063,4.465,0.0003070543448253243,0.13038532840227932,0.42325949367088606,0.6876932208200843,1.9059777217617857,0.09026128266033254,0.06809184481393507,True
c:\Users\User\Desktop\Project_repos\tsvalidation\tsvalidation\experiments\datasets/processed_data\aire_discharge_environment_data.csv,5,0.5647784810126583,0.444,0.083,3.104,0.18028373415718635,3.021,0.00016225658911071298,0.125963997703095,0.41218354430379744,0.7123291483022615,1.841917856958809,0.08392715756136183,0.06967537608867776,True
c:\Users\User\Desktop\Project_repos\tsvalidation\tsvalidation\experiments\datasets/processed_data\aire_discharge_environment_data.csv,6,1.6071352848101266,1.561,1.428,2.367,0.0236059555904252,0.9390000000000001,5.656834008613791e-05,0.06778453295991346,0.3560126582278481,0.6740371630613878,2.0291995548429025,0.0855106888361045,0.06413301662707839,False
c:\Users\User\Desktop\Project_repos\tsvalidation\tsvalidation\experiments\datasets/processed_data\aire_discharge_weather_data.csv,0,7.357990506329114,7.0,2.6,14.7,5.152309569530131,12.1,-7.09169392409062e-05,0.11559445842664587,0.4153481012658228,0.5202504561902754,1.979164565105961,0.14489311163895488,0.17181314330958036,False
c:\Users\User\Desktop\Project_repos\tsvalidation\tsvalidation\experiments\datasets/processed_data\aire_discharge_weather_data.csv,1,78.97943037974683,78.8,44.7,101.2,87.80244081477335,56.5,0.0005280267090473662,0.11272802790022096,0.43117088607594933,0.7693455015411439,1.2025501190866532,0.2596991290577989,0.26286619160728425,True
c:\Users\User\Desktop\Project_repos\tsvalidation\tsvalidation\experiments\datasets/processed_data\aire_discharge_weather_data.csv,2,9.493591772151898,8.9,-4.5,24.0,26.24653330170444,28.5,-0.00022217440148447715,0.11330545211377238,0.4050632911392405,0.46330032661849935,2.5048805750609486,0.10530482977038796,0.1330166270783848,False
c:\Users\User\Desktop\Project_repos\tsvalidation\tsvalidation\experiments\datasets/processed_data\aire_discharge_weather_data.csv,3,1007.1609177215189,1008.55,963.9,1038.2,149.17910548690128,74.30000000000007,0.0006077988697402643,0.017608692869066626,0.1305379746835443,0.7830134755160065,1.6800916143624154,0.16785431512272367,0.18210609659540775,True
c:\Users\User\Desktop\Project_repos\tsvalidation\tsvalidation\experiments\datasets/processed_data\aire_discharge_weather_data.csv,4,1.6534810126582278,1.3,0.1,5.5,1.479671426854674,5.4,-0.00010014288384837321,0.16073632184115982,0.4564873417721519,0.5110987096711258,1.6604069573747653,0.14251781472684086,0.1559778305621536,False
c:\Users\User\Desktop\Project_repos\tsvalidation\tsvalidation\experiments\datasets/processed_data\aire_discharge_weather_data.csv,5,4.263212025316456,3.0,-4.7,17.9,26.057088100614898,22.599999999999998,-0.00038792643959666454,0.16783821394643364,0.46360759493670883,0.44046454510773836,1.8334035793054873,0.11797307996832937,0.10292953285827396,False
c:\Users\User\Desktop\Project_repos\tsvalidation\tsvalidation\experiments\datasets/processed_data\aire_discharge_weather_data.csv,6,29.286392405063292,30.7,13.3,45.0,44.02600154222079,31.7,0.0028329275073928537,0.06821343198322086,0.37183544303797467,0.44402231330422387,3.9597285126627084,0.05463182897862233,0.06175771971496437,False
c:\Users\User\Desktop\Project_repos\tsvalidation\tsvalidation\experiments\datasets/processed_data\aire_discharge_weather_data.csv,7,10.102294303797468,9.0,0.0,26.0,33.3241798627524,26.0,-0.00018549141264862458,0.07483995574336533,0.34651898734177217,0.2966041227284547,5.587433683356263,0.0332541567695962,0.0395882818685669,False
c:\Users\User\Desktop\Project_repos\tsvalidation\tsvalidation\experiments\datasets/processed_data\aire_discharge_weather_data.csv,8,3.4093354430379743,3.1,0.8,9.3,2.262222976085571,8.5,0.00012200032158670418,0.1657251974265233,0.4477848101265823,0.861605937806867,1.0504869711388551,0.28661916072842436,0.3167062549485352,True
c:\Users\User\Desktop\Project_repos\tsvalidation\tsvalidation\experiments\datasets/processed_data\aire_discharge_weather_data.csv,9,2.2637658227848103,0.2,0.0,41.0,20.521661767945883,41.0,0.0008538762784883814,0.21974321855074272,0.46439873417721517,0.9211318005598296,0.8049234521132022,0.28186856690419637,0.38717339667458434,True
c:\Users\User\Desktop\Project_repos\tsvalidation\tsvalidation\experiments\datasets/processed_data\aire_discharge_weather_data.csv,10,4.686708860759493,1.2,0.0,85.2,61.29355752283296,85.2,0.0010113925595580137,0.21673491489650376,0.46360759493670883,0.9198297417239664,0.8102255317585495,0.3159144893111639,0.3238321456848773,True
c:\Users\User\Desktop\Project_repos\tsvalidation\tsvalidation\experiments\datasets/processed_data\aire_discharge_weather_data.csv,11,2.717088607594937,0.4,0.0,40.6,27.73413835923718,40.6,0.0009309495352501696,0.21501259150512253,0.4675632911392405,0.917062641447736,0.828508457620189,0.28978622327790976,0.35233570863024544,True
c:\Users\User\Desktop\Project_repos\tsvalidation\tsvalidation\experiments\datasets/processed_data\aire_discharge_weather_data.csv,12,2.2528481012658226,0.2,0.0,43.4,19.558599483255765,43.4,0.0007125355946923696,0.21720341571188004,0.4651898734177215,0.9168346918424967,0.8194964591005033,0.2723673792557403,0.38558986539984164,True
c:\Users\User\Desktop\Project_repos\tsvalidation\tsvalidation\experiments\datasets/processed_data\aire_discharge_weather_data.csv,13,3.0561708860759493,0.4,0.0,74.6,35.74807900877264,74.6,0.0014258680256180776,0.22073387649562906,0.46677215189873417,0.918997385259455,0.8020380232675655,0.28741092636579574,0.35629453681710216,True
c:\Users\User\Desktop\Project_repos\tsvalidation\tsvalidation\experiments\datasets/processed_data\aire_discharge_weather_data.csv,14,2.890981012658228,0.4,0.0,40.8,28.907766759133118,40.8,0.0010922747053993653,0.2168392369315049,0.4699367088607595,0.917856835063565,0.8210661411516044,0.28186856690419637,0.35312747426761676,True
c:\Users\User\Desktop\Project_repos\tsvalidation\tsvalidation\experiments\datasets/processed_data\aire_discharge_weather_data.csv,15,3.4348101265822786,0.4,0.0,50.4,39.68600344496028,50.4,0.0009495792217435399,0.20814782206393345,0.46677215189873417,0.9076184785922793,0.862498720831012,0.2755344418052256,0.33808392715756136,True
c:\Users\User\Desktop\Project_repos\tsvalidation\tsvalidation\experiments\datasets/processed_data\air_quality_Rajamahendravaram_13052024.csv,0,34.59719581164707,24.5,0.25,723.0,951.0770856388679,722.75,-7.479469707067703e-05,0.12673237543492263,0.4145526822671202,0.5175210379482126,3.132567666170306,0.045408905555214034,0.05893321858158644,False
c:\Users\User\Desktop\Project_repos\tsvalidation\tsvalidation\experiments\datasets/processed_data\air_quality_Rajamahendravaram_13052024.csv,1,71.46679050038932,59.5,0.25,835.5,2343.8562990860414,835.25,-9.294730084480758e-05,0.12806130398910978,0.4138764804721118,0.5501669468081734,2.883570138120943,0.059097149648572773,0.06641257351283786,False
c:\Users\User\Desktop\Project_repos\tsvalidation\tsvalidation\experiments\datasets/processed_data\air_quality_Rajamahendravaram_13052024.csv,2,2.506646858735298,1.9,0.03,216.17,24.93790174361748,216.14,-3.5145049428824284e-05,0.23176780028957866,0.4699397565673538,0.7845821817988982,0.741305352458286,0.19659433208335894,0.2693592344419172,False
c:\Users\User\Desktop\Project_repos\tsvalidation\tsvalidation\experiments\datasets/processed_data\air_quality_Rajamahendravaram_13052024.csv,3,15.419984631777387,12.85,0.1,166.25,112.30362545978747,166.15,-0.00017224479135180933,0.14337426737297532,0.43110938076308347,0.6306845822402752,2.0564212165414695,0.1279891805495789,0.13071453453822668,False
c:\Users\User\Desktop\Project_repos\tsvalidation\tsvalidation\experiments\datasets/processed_data\air_quality_Rajamahendravaram_13052024.csv,4,10.177941477808288,8.62,0.0,166.0,51.54160721693491,166.0,-0.00011891027345658959,0.18263421235903482,0.4583828531617557,0.7224311125657058,1.14466961733059,0.14938218479129525,0.15280424581463495,False
c:\Users\User\Desktop\Project_repos\tsvalidation\tsvalidation\experiments\datasets/processed_data\air_quality_Rajamahendravaram_13052024.csv,5,13.5638340641777,11.85,0.1,118.25,73.91853198041639,118.15,-0.00022760362765618595,0.12743742756064885,0.42069997131265113,0.5887092855234498,2.675644667815772,0.101637261531526,0.1052642363885986,False
c:\Users\User\Desktop\Project_repos\tsvalidation\tsvalidation\experiments\datasets/processed_data\air_quality_Rajamahendravaram_13052024.csv,6,8.43268144748166,7.25,0.1,183.3,37.492753340147175,183.20000000000002,-9.537870155285191e-05,0.14799074528258468,0.435187082496619,0.7402121113800265,1.8057684233535525,0.10895268539579107,0.1154074711583779,False
c:\Users\User\Desktop\Project_repos\tsvalidation\tsvalidation\experiments\datasets/processed_data\air_quality_Rajamahendravaram_13052024.csv,7,0.6852292938813984,0.62,0.0,18.69,0.19311914438343697,18.69,-4.651773775789399e-06,0.1862854705153426,0.45684603090037296,0.7921803884598738,1.1836825028738305,0.18302903629023995,0.19884838425442103,False
c:\Users\User\Desktop\Project_repos\tsvalidation\tsvalidation\experiments\datasets/processed_data\air_quality_Rajamahendravaram_13052024.csv,8,41.18330109421745,33.83,0.2,198.4,1066.5095967336406,198.20000000000002,-0.0011526109896662273,0.1361030260480893,0.44092455227244787,0.4700929194318865,2.9759985078780073,0.07440421302842155,0.07612548923177803,False
c:\Users\User\Desktop\Project_repos\tsvalidation\tsvalidation\experiments\datasets/processed_data\air_quality_Rajamahendravaram_13052024.csv,9,0.5681916724724397,0.35,0.0,50.9,0.6298633645156506,50.9,1.6846935251666454e-05,0.20591785013467337,0.4626449735666571,0.7050407796854385,1.0907214006243728,0.08473187024856048,0.09469068256798016,False
c:\Users\User\Desktop\Project_repos\tsvalidation\tsvalidation\experiments\datasets/processed_data\air_quality_Rajamahendravaram_13052024.csv,10,3.5121574935453466,2.1,0.0,276.57,31.46881228919845,276.57,9.519226674577385e-05,0.17127905624976553,0.4545305520265563,0.7133835892493385,1.53108873232385,0.08885063830659208,0.08844081063912625,False
c:\Users\User\Desktop\Project_repos\tsvalidation\tsvalidation\experiments\datasets/processed_data\air_quality_Rajamahendravaram_13052024.csv,11,69.67183312159338,72.75,15.0,100.0,221.04102053213606,85.0,-7.004730415526147e-05,0.0991194674423605,0.3861522068767674,0.4628215662478919,3.2931489039769275,0.08202700764328599,0.0883178623388865,False
c:\Users\User\Desktop\Project_repos\tsvalidation\tsvalidation\experiments\datasets/processed_data\air_quality_Rajamahendravaram_13052024.csv,12,2.769875414942011,2.55,0.2,45.9,2.636682108162195,45.699999999999996,-3.525892941379635e-06,0.14073685100444708,0.4349411909347978,0.6871321451711648,2.0264750454073304,0.14208725231040348,0.14964857277514804,False
c:\Users\User\Desktop\Project_repos\tsvalidation\tsvalidation\experiments\datasets/processed_data\air_quality_Rajamahendravaram_13052024.csv,13,184.36305991557725,187.67,45.33,326.0,4349.398364615462,280.67,6.07595475525026e-05,0.15157541807316574,0.4412933896151797,0.7151107745214264,1.7871789538395784,0.12776377533247268,0.12930062908546955,False
c:\Users\User\Desktop\Project_repos\tsvalidation\tsvalidation\experiments\datasets/processed_data\air_quality_Rajamahendravaram_13052024.csv,14,194.67781197491905,116.5,0.0,455.75,36811.93096567723,455.75,-0.00012420403834165225,0.1382082674319029,0.43225687471824925,0.2502626734986649,2.3575955355944025,0.08255978361099157,0.08266224052785803,True
c:\Users\User\Desktop\Project_repos\tsvalidation\tsvalidation\experiments\datasets/processed_data\air_quality_Rajamahendravaram_13052024.csv,15,752.0515659194294,752.25,736.5,808.25,25.39180099037821,71.75,8.710940683675977e-06,0.022213395851708312,0.20501208966845622,0.3110198150811087,4.118156216143072,0.030224790475605008,0.03760168848998996,False
c:\Users\User\Desktop\Project_repos\tsvalidation\tsvalidation\experiments\datasets/processed_data\air_quality_Rajamahendravaram_13052024.csv,16,0.005640342608909472,0.0,-0.28,15.0,0.008422831836683804,15.28,-7.220987023346847e-08,0.2313800211834702,0.47246014507602146,0.897985902113692,0.8650443011956086,0.14802975348865802,0.233499313538657,False
c:\Users\User\Desktop\Project_repos\tsvalidation\tsvalidation\experiments\datasets/processed_data\air_quality_Rajamahendravaram_13052024.csv,17,28.02983053973198,28.27,4.5,45.85,20.7255319556286,41.35,-1.4654767532645219e-05,0.09297237743960389,0.38402114667431664,0.40571604853694243,3.9905710457676915,0.06323640908997766,0.0663101165959714,False
c:\Users\User\Desktop\Project_repos\tsvalidation\tsvalidation\experiments\datasets/processed_data\air_quality_Rajamahendravaram_13052024.csv,18,0.038088807835744434,0.0,0.0,42.2,0.19620773417292126,42.2,8.262004922690456e-07,0.21594908101841148,0.4665382566288267,0.9479208889036782,0.8607495017949923,0.047621974959529516,0.0476629577262761,False
c:\Users\User\Desktop\Project_repos\tsvalidation\tsvalidation\experiments\datasets/processed_data\air_quality_Rajamahendravaram_13052024.csv,19,0.7256747674275645,0.33,0.0,64.02,1.6593979310256697,64.02,1.3472080621027872e-05,0.16104978558293237,0.44678496782918736,0.7022636259819577,1.6374620411159617,0.09889141615950493,0.13165713817339808,False
c:\Users\User\Desktop\Project_repos\tsvalidation\tsvalidation\experiments\datasets/processed_data\covid19_17052024.csv,0,9.111374407582938,3.0,-1.0,101.0,289.6961265470222,102.0,0.0030769909399822122,0.1424286232734952,0.4609004739336493,0.4652538325244354,2.498247783108332,0.11150652431791222,0.28825622775800713,False
c:\Users\User\Desktop\Project_repos\tsvalidation\tsvalidation\experiments\datasets/processed_data\covid19_17052024.csv,1,4.14218009478673,3.0,0.0,21.0,22.228599986523342,21.0,0.0011811166247628932,0.14003117539329363,0.4514218009478673,0.45561612214429303,2.315175004888165,0.1494661921708185,0.21352313167259787,False
c:\Users\User\Desktop\Project_repos\tsvalidation\tsvalidation\experiments\datasets/processed_data\covid19_17052024.csv,2,8.145734597156398,7.0,0.0,49.0,57.932552896385744,49.0,0.0012014056834713258,0.12647216203453107,0.44905213270142186,0.48134754823741216,2.53494195328963,0.1423487544483986,0.199288256227758,False
c:\Users\User\Desktop\Project_repos\tsvalidation\tsvalidation\experiments\datasets/processed_data\covid19_17052024.csv,3,0.18127962085308058,0.0,0.0,6.0,0.30481542418185054,6.0,-0.00030996452258986594,0.23544486909271367,0.4680094786729858,0.8854753475364117,0.7624665870598729,0.18505338078291814,0.18505338078291814,True
c:\Users\User\Desktop\Project_repos\tsvalidation\tsvalidation\experiments\datasets/processed_data\covid19_17052024.csv,4,2.248815165876777,1.0,0.0,26.0,10.338564946879025,26.0,0.0028931020094551205,0.19306400957612382,0.4680094786729858,0.62647336283978,1.2153954497843704,0.19691577698695137,0.29537366548042704,False
c:\Users\User\Desktop\Project_repos\tsvalidation\tsvalidation\experiments\datasets/processed_data\covid19_17052024.csv,5,0.009478672985781991,0.0,0.0,1.0,0.009388827744210532,1.0,4.486945792086151e-05,0.2502924892075158,0.4845971563981043,0.931512957455983,0.7033300545871947,0.018979833926453145,0.018979833926453145,False
c:\Users\User\Desktop\Project_repos\tsvalidation\tsvalidation\experiments\datasets/processed_data\covid19_17052024.csv,6,0.16113744075829384,0.0,0.0,12.0,0.6683475213943914,12.0,0.0004205314096684302,0.24368399203248275,0.4727488151658768,0.9180032494531093,0.727685696861293,0.12099644128113879,0.12099644128113879,False
c:\Users\User\Desktop\Project_repos\tsvalidation\tsvalidation\experiments\datasets/processed_data\covid19_17052024.csv,7,152.521327014218,103.5,0.0,791.0,25569.26139349968,791.0,0.031739173521750444,0.15404277276097764,0.4561611374407583,0.4310931055437321,1.8237218386451022,0.132858837485172,0.09252669039145907,False
c:\Users\User\Desktop\Project_repos\tsvalidation\tsvalidation\experiments\datasets/processed_data\covid19_17052024.csv,8,10.216824644549764,6.0,0.0,70.0,130.93047522517452,70.0,0.010633073520942091,0.15289542120343352,0.45853080568720384,0.4668834531964589,2.0616484061277887,0.11150652431791222,0.17200474495848161,False
c:\Users\User\Desktop\Project_repos\tsvalidation\tsvalidation\experiments\datasets/processed_data\covid19_17052024.csv,9,0.25118483412322273,0.0,0.0,13.0,0.609891961097014,13.0,0.0003040265049157307,0.23950219620758667,0.47393364928909953,0.917202491477157,0.7287897528436946,0.2538552787663108,0.2538552787663108,False
c:\Users\User\Desktop\Project_repos\tsvalidation\tsvalidation\experiments\datasets/processed_data\covid19_17052024.csv,10,9.209715639810426,1.0,0.0,142.0,309.6420383077646,142.0,0.0395745525104891,0.1520806768937142,0.46445497630331756,0.5095223588253531,2.0180506768487634,0.08896797153024912,0.13167259786476868,False
c:\Users\User\Desktop\Project_repos\tsvalidation\tsvalidation\experiments\datasets/processed_data\covid19_17052024.csv,11,21.686018957345972,12.0,0.0,239.0,830.1016528716777,239.0,0.02004464191707554,0.15638403644211313,0.44194312796208535,0.4756502627312356,1.8727812585487895,0.1257413997627521,0.1269276393831554,False
c:\Users\User\Desktop\Project_repos\tsvalidation\tsvalidation\experiments\datasets/processed_data\covid19_17052024.csv,12,11.503554502369669,7.0,0.0,47.0,147.80448973518085,47.0,0.01607483259530593,0.11670049506197595,0.4561611374407583,0.4054299193492155,3.448403664465547,0.066429418742586,0.09489916963226572,False
c:\Users\User\Desktop\Project_repos\tsvalidation\tsvalidation\experiments\datasets/processed_data\covid19_17052024.csv,13,0.9478672985781991,0.0,0.0,35.0,9.210552323622574,35.0,0.0017582121037957512,0.2406816955723279,0.4751184834123223,0.8928989112713104,0.7433924681967486,0.2918149466192171,0.2918149466192171,False
c:\Users\User\Desktop\Project_repos\tsvalidation\tsvalidation\experiments\datasets/processed_data\covid19_17052024.csv,14,1.7523696682464456,0.0,0.0,29.0,13.468300071876081,29.0,0.00025473596828958883,0.15536456178423413,0.4620853080568721,0.5609875074335179,1.890730486020781,0.17556346381969157,0.2277580071174377,False
c:\Users\User\Desktop\Project_repos\tsvalidation\tsvalidation\experiments\datasets/processed_data\covid19_17052024.csv,15,34.50947867298578,20.0,0.0,264.0,2528.5532276903105,264.0,0.019598232726181827,0.0866043180920191,0.4241706161137441,0.38204338618189,5.741317083645619,0.12099644128113879,0.09845788849347568,False
c:\Users\User\Desktop\Project_repos\tsvalidation\tsvalidation\experiments\datasets/processed_data\covid19_17052024.csv,16,0.5118483412322274,0.0,0.0,24.0,2.1337458727342233,24.0,0.0020541349610620737,0.22476148852682404,0.46919431279620855,0.8422007952984749,0.8542332493523555,0.17912218268090155,0.17912218268090155,False
c:\Users\User\Desktop\Project_repos\tsvalidation\tsvalidation\experiments\datasets/processed_data\covid19_17052024.csv,17,8.26777251184834,9.0,0.0,22.0,23.238724422182397,22.0,0.014275214045577439,0.1201723891697726,0.4514218009478673,0.27268051756115036,3.051383243119388,0.05219454329774614,0.13523131672597866,False
c:\Users\User\Desktop\Project_repos\tsvalidation\tsvalidation\experiments\datasets/processed_data\covid19_17052024.csv,18,37.45616113744076,20.0,-39.0,324.0,2791.778883841319,363.0,-0.04923204465708651,0.0875045606514483,0.4218009478672986,0.4390654144639143,5.097328551989459,0.0830367734282325,0.09489916963226572,True
c:\Users\User\Desktop\Project_repos\tsvalidation\tsvalidation\experiments\datasets/processed_data\covid19_17052024.csv,19,0.7997630331753555,0.0,0.0,16.0,3.2430805125671283,16.0,0.001004842328664987,0.2250590736205313,0.46563981042654035,0.8138372675220638,0.8508957495147327,0.26334519572953735,0.26334519572953735,False
c:\Users\User\Desktop\Project_repos\tsvalidation\tsvalidation\experiments\datasets/processed_data\covid19_17052024.csv,20,0.19194312796208532,0.0,0.0,9.0,0.7143426697513429,9.0,-1.9859924658032624e-05,0.2501406362819089,0.48104265402843605,0.9183730818495166,0.7113663165474756,0.13523131672597866,0.13523131672597866,False
c:\Users\User\Desktop\Project_repos\tsvalidation\tsvalidation\experiments\datasets/processed_data\covid19_17052024.csv,21,0.15758293838862558,0.0,0.0,10.0,0.5806178544956274,10.0,0.00045421344269398794,0.25268965119791287,0.46919431279620855,0.878447572688837,0.6996142955857253,0.14472123368920523,0.14472123368920523,True
c:\Users\User\Desktop\Project_repos\tsvalidation\tsvalidation\experiments\datasets/processed_data\covid19_17052024.csv,22,0.023696682464454975,0.0,0.0,2.0,0.02787448619752482,2.0,0.0001398178615372041,0.2392709074790776,0.47393364928909953,0.9189075415083636,0.7479839379274559,0.03558718861209965,0.03558718861209965,False
c:\Users\User\Desktop\Project_repos\tsvalidation\tsvalidation\experiments\datasets/processed_data\covid19_17052024.csv,23,25.997630331753555,16.0,0.0,136.0,781.630326138228,136.0,-0.014481877020360627,0.1414979837755862,0.4549763033175356,0.44328199797955475,2.2331385649732134,0.09727164887307237,0.12455516014234876,False
c:\Users\User\Desktop\Project_repos\tsvalidation\tsvalidation\experiments\datasets/processed_data\covid19_17052024.csv,24,18.69312796208531,10.0,0.0,165.0,531.9449290784131,165.0,0.022400907209342274,0.19704967499317255,0.4632701421800948,0.6206539075837548,1.1663127105291367,0.14709371293001186,0.14472123368920523,False
c:\Users\User\Desktop\Project_repos\tsvalidation\tsvalidation\experiments\datasets/processed_data\covid19_17052024.csv,25,3.1860189573459716,0.0,0.0,141.0,142.6869609285489,141.0,0.005719907798054307,0.24587089388128747,0.4514218009478673,0.7028823940457163,0.6845703269348846,0.232502965599051,0.3274021352313167,False
c:\Users\User\Desktop\Project_repos\tsvalidation\tsvalidation\experiments\datasets/processed_data\covid19_17052024.csv,26,787.8199052132701,614.5,0.0,4211.0,584234.3538217917,4211.0,-0.04631549995264528,0.12664198863534945,0.4289099526066351,0.3631065594905974,2.0179660732993248,0.13048635824436536,0.1494661921708185,False
c:\Users\User\Desktop\Project_repos\tsvalidation\tsvalidation\experiments\datasets/processed_data\covid19_17052024.csv,27,0.07227488151658767,0.0,0.0,7.0,0.3111270524022344,7.0,0.00024653252202380823,0.2305530991392365,0.4680094786729858,0.9183575251041085,0.7703201075580538,0.03795966785290629,0.03795966785290629,True
c:\Users\User\Desktop\Project_repos\tsvalidation\tsvalidation\experiments\datasets/processed_data\covid19_17052024.csv,28,0.259478672985782,0.0,0.0,9.0,0.7158461737157719,9.0,0.0012280918334892025,0.21116335636903671,0.4727488151658768,0.7459415457980239,1.0217847497757175,0.09727164887307237,0.09727164887307237,False
c:\Users\User\Desktop\Project_repos\tsvalidation\tsvalidation\experiments\datasets/processed_data\covid19_17052024.csv,29,43.89099526066351,21.0,0.0,334.0,2863.9478336066104,334.0,0.08069053457029061,0.17386993799997497,0.4431279620853081,0.5264069363239263,1.2475443009805276,0.1376037959667853,0.09845788849347568,False
c:\Users\User\Desktop\Project_repos\tsvalidation\tsvalidation\experiments\datasets/processed_data\DailyDelhiClimate_12052024.csv,0,25.227828033112036,27.166666666666668,6.0,38.71428571428572,53.89418029894321,32.71428571428572,0.000933833454562397,0.0810914475442061,0.39936507936507937,0.3121957435356795,4.35781086846733,0.0349428208386277,0.048284625158831,True
c:\Users\User\Desktop\Project_repos\tsvalidation\tsvalidation\experiments\datasets/processed_data\DailyDelhiClimate_12052024.csv,1,60.429086599529164,62.38095238095238,13.428571428571429,100.0,287.9095376511815,86.57142857142857,-0.002995761723825288,0.11227104827639026,0.4247619047619048,0.5838532370114947,2.0657423918744406,0.1365946632782719,0.1340533672172808,True
c:\Users\User\Desktop\Project_repos\tsvalidation\tsvalidation\experiments\datasets/processed_data\DailyDelhiClimate_12052024.csv,2,6.901900350938872,6.369999999999998,0.0,42.22,20.33566398791605,42.22,0.00014925417244487154,0.1905246420905783,0.45714285714285713,0.8654685414634123,0.9457119678419569,0.306861499364676,0.3062261753494282,False
c:\Users\User\Desktop\Project_repos\tsvalidation\tsvalidation\experiments\datasets/processed_data\DailyDelhiClimate_12052024.csv,3,1011.1973643220331,1009.1111111111112,-3.0416666666666665,7679.333333333333,30134.700874295428,7682.375,0.004993976666808038,0.1924556654675343,0.46793650793650793,0.990619400128045,0.7080078453366133,0.04764930114358323,0.05273189326556544,True
c:\Users\User\Desktop\Project_repos\tsvalidation\tsvalidation\experiments\datasets/processed_data\ecg_alcohol_17052024.csv,0,4.11353515625,4.751,-13.316,19.887,44.81915705345151,33.203,0.03200151386186772,0.09572221194370852,0.32421875,0.6081370580629212,2.154345164140867,0.13725490196078433,0.17647058823529413,False
c:\Users\User\Desktop\Project_repos\tsvalidation\tsvalidation\experiments\datasets/processed_data\euro-daily-hist_1999_2024_14052024.csv,0,1.579927904155293,1.6006,1.1639,2.0735,0.02164118795657204,0.9096000000000002,-2.6201016028718597e-05,0.028891966909262823,0.22262663026994237,0.28597783941724453,13.967185613508956,0.02153799484301532,0.02290307902320643,False
c:\Users\User\Desktop\Project_repos\tsvalidation\tsvalidation\experiments\datasets/processed_data\euro-daily-hist_1999_2024_14052024.csv,1,1.4655858356081286,1.4635,1.2139,1.8123,0.009164394142712457,0.5984,-7.427831878161882e-06,0.028760015866960094,0.2256596906278435,0.36291779897587806,10.856395556399283,0.024571515243440013,0.023964811163355075,False
c:\Users\User\Desktop\Project_repos\tsvalidation\tsvalidation\experiments\datasets/processed_data\euro-daily-hist_1999_2024_14052024.csv,2,1.3155948437973917,1.237,0.926,1.6803,0.05065103130795999,0.7542999999999999,-0.00010817045465267299,0.028308331854331237,0.21868365180467092,0.1587667724239706,45.188827804818885,0.00197178826027605,0.0059153647808281515,False
c:\Users\User\Desktop\Project_repos\tsvalidation\tsvalidation\experiments\datasets/processed_data\euro-daily-hist_1999_2024_14052024.csv,3,27.948861995753717,27.021,22.968,38.583,12.560762590903153,15.614999999999998,-0.0014967771739043346,0.023572642573944987,0.17986047922353657,0.24792660785539014,36.27282954158998,0.004095252540573335,0.01471257394205976,False
c:\Users\User\Desktop\Project_repos\tsvalidation\tsvalidation\experiments\datasets/processed_data\euro-daily-hist_1999_2024_14052024.csv,4,7.448300151653018,7.4481,7.4234,7.4732,0.00012589923261273214,0.04980000000000029,1.1261441441060571e-06,0.0009804236575566942,0.0,0.38651666607478347,10.120074134789169,0.014864249962080994,0.016836038222357047,False
c:\Users\User\Desktop\Project_repos\tsvalidation\tsvalidation\experiments\datasets/processed_data\euro-daily-hist_1999_2024_14052024.csv,5,0.779904253867152,0.81475,0.5711,0.97855,0.009819114255835478,0.40745,4.285547828329172e-05,0.023253631373778078,0.17743403093721566,0.20795697552866615,25.30594125025711,0.0056120127407856815,0.0022751403003185198,False
c:\Users\User\Desktop\Project_repos\tsvalidation\tsvalidation\experiments\datasets/processed_data\euro-daily-hist_1999_2024_14052024.csv,6,9.240694009705793,9.1801,6.4361,12.4702,1.464571787699943,6.0341000000000005,5.412049091252989e-05,0.024578239086867872,0.1894146193509251,0.1998107972692504,22.349495040884165,0.011224025481571363,0.014257545881996056,False
c:\Users\User\Desktop\Project_repos\tsvalidation\tsvalidation\experiments\datasets/processed_data\euro-daily-hist_1999_2024_14052024.csv,7,293.88010312405214,284.725,228.16,430.65,1941.3022067530926,202.48999999999998,0.021167991948327,0.030630242854561646,0.23415225962996664,0.21525861114375133,27.447098742234402,0.007735477021082967,0.007128772940998028,False
c:\Users\User\Desktop\Project_repos\tsvalidation\tsvalidation\experiments\datasets/processed_data\euro-daily-hist_1999_2024_14052024.csv,8,13186.315959963604,13530.675,6707.81,18239.61,8173209.154069787,11531.8,1.37391735755906,0.0341335899887598,0.25447376402790417,0.22777319612919567,28.933438839134258,0.0031851964204459276,0.0031851964204459276,False
c:\Users\User\Desktop\Project_repos\tsvalidation\tsvalidation\experiments\datasets/processed_data\euro-daily-hist_1999_2024_14052024.csv,9,128.97823020928118,129.515,89.3,169.75,264.1768342503097,80.45,0.002001701393227114,0.029135893365306347,0.2267212617531089,0.2739988832596395,18.081895724848845,0.023964811163355075,0.021841346883057788,False
c:\Users\User\Desktop\Project_repos\tsvalidation\tsvalidation\experiments\datasets/processed_data\euro-daily-hist_1999_2024_14052024.csv,10,1353.155873521383,1337.4850000000001,938.67,1993.95,25105.60580230809,1055.2800000000002,0.019584676601915246,0.02984075614054217,0.2294510160752199,0.2678535400965327,15.828971763279762,0.02123464280297285,0.02578492340360989,False
c:\Users\User\Desktop\Project_repos\tsvalidation\tsvalidation\experiments\datasets/processed_data\euro-daily-hist_1999_2024_14052024.csv,11,16.754043099787687,17.01115,7.6238,27.0896,21.411203124251006,19.4658,0.0022025535079882586,0.032497666060564805,0.24977252047315743,0.16163761668380994,31.041060273349885,0.012892461701804945,0.012892461701804945,False
c:\Users\User\Desktop\Project_repos\tsvalidation\tsvalidation\experiments\datasets/processed_data\euro-daily-hist_1999_2024_14052024.csv,12,4.441959736123749,4.5883,3.1551,5.1857,0.22051351753714518,2.0305999999999997,0.0001426756738924593,0.024837209531546743,0.1913861085835608,0.2468429635254418,18.80821338467108,0.010010617321401486,0.020172910662824207,False
c:\Users\User\Desktop\Project_repos\tsvalidation\tsvalidation\experiments\datasets/processed_data\euro-daily-hist_1999_2024_14052024.csv,13,8.761128222626631,8.281,7.2225,12.3165,1.201416043936575,5.093999999999999,0.0004509568388882512,0.02677618119886195,0.20761298149833182,0.22707928654187218,23.75919970646215,0.006977096920976793,0.01638101016229334,False
c:\Users\User\Desktop\Project_repos\tsvalidation\tsvalidation\experiments\datasets/processed_data\euro-daily-hist_1999_2024_14052024.csv,14,1.8121526387625115,1.7678,1.3884,2.5535,0.03958421936291887,1.1651,-6.887072005851837e-05,0.03034924730017924,0.23248407643312102,0.2423551009932156,15.702642763497007,0.01076899742150766,0.01698771424237828,False
c:\Users\User\Desktop\Project_repos\tsvalidation\tsvalidation\experiments\datasets/processed_data\euro-daily-hist_1999_2024_14052024.csv,15,57.5436457385502,58.5475,36.836,76.758,59.170481467158766,39.922,0.0008893726596361828,0.02702611021611761,0.210797694874128,0.27047013646520046,21.722422971508554,0.012892461701804945,0.016836038222357047,False
c:\Users\User\Desktop\Project_repos\tsvalidation\tsvalidation\experiments\datasets/processed_data\euro-daily-hist_1999_2024_14052024.csv,16,4.181893842887473,4.20185,3.2053,4.9525,0.09516270462996994,1.7471999999999999,8.718029758365718e-05,0.024148392800342935,0.18501668183196845,0.31387790401398025,13.664818843734462,0.029576823904140754,0.021993022903079022,False
c:\Users\User\Desktop\Project_repos\tsvalidation\tsvalidation\experiments\datasets/processed_data\euro-daily-hist_1999_2024_14052024.csv,17,4.006621747042766,4.30265,1.2912,4.9783,0.7737137828603963,3.6871,0.00041077046531221657,0.03820630231222762,0.27722171671216256,0.2656179054894062,61.49995696878683,0.001668436220233581,0.004398604580615805,False
c:\Users\User\Desktop\Project_repos\tsvalidation\tsvalidation\experiments\datasets/processed_data\euro-daily-hist_1999_2024_14052024.csv,18,9.580160646041856,9.325,8.055,11.9872,0.6087920338819601,3.9322,0.00028507419372822,0.022374845209955918,0.16954807400667274,0.2755338941548128,19.73192988809181,0.009858941301380252,0.021993022903079022,False
c:\Users\User\Desktop\Project_repos\tsvalidation\tsvalidation\experiments\datasets/processed_data\euro-daily-hist_1999_2024_14052024.csv,19,1.7288773278738248,1.6433499999999999,1.3838,2.2323,0.048428746876026336,0.8485,-7.056303053952623e-05,0.025525460179067316,0.1980588413709433,0.16156879138471897,26.780454588233503,0.011679053541635067,0.009858941301380252,False
c:\Users\User\Desktop\Project_repos\tsvalidation\tsvalidation\experiments\datasets/processed_data\euro-daily-hist_1999_2024_14052024.csv,20,41.47551995753716,40.03235,33.204,53.536,22.11322184192796,20.332,-0.0013048057925452107,0.025683471446752718,0.2004852896572642,0.19299331505517012,18.87363198971721,0.009555589261337783,0.014105869861974821,False
c:\Users\User\Desktop\Project_repos\tsvalidation\tsvalidation\experiments\datasets/processed_data\euro-daily-hist_1999_2024_14052024.csv,21,4.83394881710646,2.28705,0.3701,35.1825,42.20234407798543,34.8124,0.0024028959367929227,0.0638578157570934,0.3583560812860176,0.330105829532741,63.371159752283006,0.0004550280600637039,0.002578492340360989,False
c:\Users\User\Desktop\Project_repos\tsvalidation\tsvalidation\experiments\datasets/processed_data\euro-daily-hist_1999_2024_14052024.csv,22,1.1872310433727633,1.1787,0.8252,1.599,0.02455927897716427,0.7737999999999999,6.462746982983191e-06,0.02483413854228096,0.19184106763724598,0.19720377366101488,22.313998461629676,0.00849385712118914,0.013802517821932352,False
c:\Users\User\Desktop\Project_repos\tsvalidation\tsvalidation\experiments\datasets/processed_data\euro-daily-hist_1999_2024_14052024.csv,23,12.29995671822869,11.3617,6.0785,21.1567,16.740034568842507,15.0782,0.0020269308630135787,0.04190246845873516,0.29314528359114345,0.22932240784328398,33.77474600456072,0.0031851964204459276,0.006218716820870621,False
c:\Users\User\Desktop\Project_repos\tsvalidation\tsvalidation\experiments\datasets/processed_data\forest_fires_Rio_Janeiro.csv,0,48.96652719665272,16.0,0.0,728.0,7909.312687102816,728.0,0.3622850813965754,0.20155866865220412,0.44351464435146437,0.7458998898619161,0.918174291901619,0.18487394957983194,0.24789915966386555,False
c:\Users\User\Desktop\Project_repos\tsvalidation\tsvalidation\experiments\datasets/processed_data\jena_climate_data.csv,0,989.2187783529166,989.59,913.6,1015.35,69.85127081702437,101.75,7.042207427642961e-06,0.006477753944924461,0.009081013765305346,0.50248245381837,52.83834821032435,0.0036457231674537215,0.004216110103691592,False
c:\Users\User\Desktop\Project_repos\tsvalidation\tsvalidation\experiments\datasets/processed_data\jena_climate_data.csv,1,9.44357988250057,9.42,-23.01,37.28,70.82913717018042,60.290000000000006,7.651234223836868e-06,0.044548588228250585,0.2567210434253555,0.22629970716202488,33.9346536063106,0.00611739989115116,0.006500034460877398,False
c:\Users\User\Desktop\Project_repos\tsvalidation\tsvalidation\experiments\datasets/processed_data\jena_climate_data.csv,2,283.48566019754355,283.45,250.6,311.34,72.2005458186039,60.73999999999998,7.1032293202191084e-06,0.020785466509903733,0.14092326412654954,0.23444728657802333,33.907475724508636,0.006635501358233892,0.006956344009867694,False
c:\Users\User\Desktop\Project_repos\tsvalidation\tsvalidation\experiments\datasets/processed_data\jena_climate_data.csv,3,4.957595325690167,5.23,-25.01,23.11,45.26389373959974,48.120000000000005,7.175940711693016e-06,0.0503182220802152,0.29681439653205566,0.23458229527826593,35.249686649761045,0.005913011238999256,0.005948660422514123,False
c:\Users\User\Desktop\Project_repos\tsvalidation\tsvalidation\experiments\datasets/processed_data\jena_climate_data.csv,4,76.04313685926687,79.3,12.95,100.0,270.92500334047827,87.05,-1.2863756108770244e-06,0.05438343082829673,0.2847958970263898,0.4432171196468802,13.594024568599856,0.018668289100618633,0.021717482597256914,False
c:\Users\User\Desktop\Project_repos\tsvalidation\tsvalidation\experiments\datasets/processed_data\jena_climate_data.csv,5,13.56747331070804,11.82,0.95,63.77,59.75412256171841,62.82,5.533539456594763e-06,0.047718673508528944,0.27144649783253477,0.26892536645077186,26.686593560199086,0.006844643234854444,0.006858902908260391,False
c:\Users\User\Desktop\Project_repos\tsvalidation\tsvalidation\experiments\datasets/processed_data\jena_climate_data.csv,6,9.534043962468626,8.87,0.79,28.32,17.485982949305086,27.53,3.7742529802291873e-06,0.05269313638782643,0.3046928473648186,0.23817041377527787,29.35099094113543,0.005817946749626278,0.006188698258180894,False
c:\Users\User\Desktop\Project_repos\tsvalidation\tsvalidation\experiments\datasets/processed_data\jena_climate_data.csv,7,4.033346475967753,2.18,0.0,46.01,23.90507072676482,46.01,1.7592882831234614e-06,0.05562949251977408,0.2917379648642482,0.40078305480870363,16.006025297286342,0.0132044575739067,0.017577424085063704,False
c:\Users\User\Desktop\Project_repos\tsvalidation\tsvalidation\experiments\datasets/processed_data\jena_climate_data.csv,8,6.022553188455397,5.6,0.5,18.13,7.0465062288715785,17.63,2.353455417771098e-06,0.05263719836099451,0.3046025363145486,0.24026347904808795,29.276332729885542,0.005703869362378704,0.006395463522567121,False
c:\Users\User\Desktop\Project_repos\tsvalidation\tsvalidation\experiments\datasets/processed_data\jena_climate_data.csv,9,9.640453979390069,8.97,0.8,28.82,17.91679886988024,28.02,3.7564048502555826e-06,0.05253759878760671,0.3041509810631987,0.2399435633693649,29.35715073077369,0.005722882260253299,0.006019958789543857,False
c:\Users\User\Desktop\Project_repos\tsvalidation\tsvalidation\experiments\datasets/processed_data\jena_climate_data.csv,10,1216.096336080691,1213.86,1059.45,1393.54,1595.574256826268,334.0899999999999,-2.6968702408385074e-05,0.020222190847762424,0.13591813065632366,0.2679886154930367,36.465793717728346,0.006454878828425233,0.006808994051339577,False
c:\Users\User\Desktop\Project_repos\tsvalidation\tsvalidation\experiments\datasets/processed_data\jena_climate_data.csv,11,1.7007058521560583,1.76,-9999.0,28.49,4281.0452006541855,10027.49,-4.142299439685024e-06,0.10946541914541023,0.4164789147463685,0.8287070004453803,2.9952233466708957,0.11084044138442416,0.11250406994845127,True
c:\Users\User\Desktop\Project_repos\tsvalidation\tsvalidation\experiments\datasets/processed_data\jena_climate_data.csv,12,3.053835938094152,2.96,-9999.0,23.5,4760.853423576551,10022.5,-4.647758761712415e-06,0.1072665250625455,0.4181663054224656,0.8204629131700479,3.1610242975545155,0.09824914976697317,0.10470165198316408,True
c:\Users\User\Desktop\Project_repos\tsvalidation\tsvalidation\experiments\datasets/processed_data\jena_climate_data.csv,13,174.7192107764849,198.1,0.0,360.0,7505.737514959459,360.0,7.145703115700517e-06,0.1870685583118829,0.46213115065784466,0.8048914361771345,1.34212781271358,0.1267613667421637,0.13670035910610862,True
c:\Users\User\Desktop\Project_repos\tsvalidation\tsvalidation\experiments\datasets/processed_data\kalimati_tarkari_dataset_12052024.csv,0,124.42281066112842,105.0,55.0,290.0,1568.2610892272032,235.0,0.020478991458713833,0.08842919046864382,0.41086881273797166,0.46468210113652697,4.255892912585268,0.02943213296398892,0.06890581717451523,False
c:\Users\User\Desktop\Project_repos\tsvalidation\tsvalidation\experiments\datasets/processed_data\kalimati_tarkari_dataset_12052024.csv,1,101.38369678089305,115.0,52.5,305.0,789.8926694768168,252.5,0.0030258029687158664,0.10482859217907123,0.4392523364485982,0.37375020632596395,3.6497912236924517,0.009002770083102494,0.01592797783933518,False
c:\Users\User\Desktop\Project_repos\tsvalidation\tsvalidation\experiments\datasets/processed_data\kalimati_tarkari_dataset_12052024.csv,2,77.70941502249913,75.0,42.5,525.0,428.67023326802837,482.5,0.012262921612491798,0.17522691149755643,0.4707511249567325,0.6928769134823657,1.1598799890205262,0.04120498614958449,0.06994459833795014,True
c:\Users\User\Desktop\Project_repos\tsvalidation\tsvalidation\experiments\datasets/processed_data\kalimati_tarkari_dataset_12052024.csv,3,67.47144340602284,62.5,12.5,235.0,1231.237069602282,222.5,0.009743979592794513,0.1112869759354162,0.43094496365524404,0.33332777731760355,3.6532661509497273,0.062326869806094184,0.05574792243767313,True
c:\Users\User\Desktop\Project_repos\tsvalidation\tsvalidation\experiments\datasets/processed_data\kalimati_tarkari_dataset_12052024.csv,4,39.556593977154726,37.5,10.0,85.0,124.25216230001215,75.0,0.005580031804292903,0.11545872572629524,0.4319833852544133,0.6314025695686865,2.1947450030640137,0.09764542936288088,0.1682825484764543,True
c:\Users\User\Desktop\Project_repos\tsvalidation\tsvalidation\experiments\datasets/processed_data\kalimati_tarkari_dataset_12052024.csv,5,49.303392177223955,45.0,11.0,245.0,557.6974132075665,234.0,0.0051190009912228775,0.10630156084217421,0.4233298719280028,0.5269752770488214,3.214004399807256,0.04916897506925208,0.08898891966759002,True
c:\Users\User\Desktop\Project_repos\tsvalidation\tsvalidation\experiments\datasets/processed_data\kalimati_tarkari_dataset_12052024.csv,6,37.67410868812738,35.0,13.5,115.0,186.54254874692646,101.5,0.007665738448404513,0.11127277331167287,0.42782969885773625,0.5756730107756002,2.6637709117435002,0.06994459833795014,0.1018005540166205,True
c:\Users\User\Desktop\Project_repos\tsvalidation\tsvalidation\experiments\datasets/processed_data\kalimati_tarkari_dataset_12052024.csv,7,27.364312911041882,23.5,5.5,97.5,207.9942231433454,92.0,0.0035332526575631404,0.1001556469210093,0.4250605745932849,0.45083654557172187,3.9621235632923746,0.04085872576177285,0.04916897506925208,True
c:\Users\User\Desktop\Project_repos\tsvalidation\tsvalidation\experiments\datasets/processed_data\kalimati_tarkari_dataset_12052024.csv,8,75.8257182416061,67.5,12.5,275.0,965.6753198804658,262.5,0.006082619039635045,0.11601634962754481,0.43129110418830047,0.5664872943169538,2.596243762739811,0.08691135734072022,0.11011080332409973,True
c:\Users\User\Desktop\Project_repos\tsvalidation\tsvalidation\experiments\datasets/processed_data\kalimati_tarkari_dataset_12052024.csv,9,62.43406022845275,55.0,13.5,195.0,999.6611936564362,181.5,0.006687729617864461,0.10229352680919562,0.42263759086188996,0.3519043746032694,4.234773191269565,0.03393351800554017,0.05263157894736842,True
c:\Users\User\Desktop\Project_repos\tsvalidation\tsvalidation\experiments\datasets/processed_data\kalimati_tarkari_dataset_12052024.csv,10,48.303911388023536,45.0,9.0,195.0,637.8955229495716,186.0,0.008208898467581402,0.11642758635635647,0.43406022845275183,0.45361540623107505,3.1002266952757305,0.05678670360110803,0.09556786703601108,True
c:\Users\User\Desktop\Project_repos\tsvalidation\tsvalidation\experiments\datasets/processed_data\kalimati_tarkari_dataset_12052024.csv,11,248.51332641052267,235.0,42.5,425.0,3508.1220965500543,382.5,0.04546832844977875,0.08002802640401498,0.4157147802007615,0.2624497777310257,5.324310542937435,0.006578947368421052,0.012465373961218837,False
c:\Users\User\Desktop\Project_repos\tsvalidation\tsvalidation\experiments\datasets/processed_data\kalimati_tarkari_dataset_12052024.csv,12,63.75874004845967,57.5,25.0,295.0,678.0586160656813,270.0,0.011122206841331965,0.13460526786111135,0.4444444444444445,0.654182992474036,1.8927793007579956,0.09106648199445984,0.14162049861495846,True
c:\Users\User\Desktop\Project_repos\tsvalidation\tsvalidation\experiments\datasets/processed_data\kalimati_tarkari_dataset_12052024.csv,13,121.96053997923157,95.0,22.5,595.0,9016.207511788722,572.5,0.02521675156016306,0.12951050218711035,0.4482519903080651,0.5440536490600755,2.548602043879714,0.06786703601108034,0.13434903047091412,True
c:\Users\User\Desktop\Project_repos\tsvalidation\tsvalidation\experiments\datasets/processed_data\kalimati_tarkari_dataset_12052024.csv,14,62.62737971616476,57.5,22.5,190.0,601.9552178139455,167.5,0.009891055063278488,0.1069286294270458,0.42713741779162345,0.544096343327454,3.008821365027957,0.045013850415512466,0.06613573407202217,True
c:\Users\User\Desktop\Project_repos\tsvalidation\tsvalidation\experiments\datasets/processed_data\kalimati_tarkari_dataset_12052024.csv,15,55.41588785046729,52.5,13.5,165.0,609.9247354612861,151.5,0.013041767920710379,0.10840371631919553,0.42782969885773625,0.5585245425596094,2.9847678129339976,0.0896814404432133,0.11322714681440443,False
c:\Users\User\Desktop\Project_repos\tsvalidation\tsvalidation\experiments\datasets/processed_data\kalimati_tarkari_dataset_12052024.csv,16,59.245413637937006,55.0,17.5,145.0,545.1806859573211,127.5,0.010477258284303454,0.10198843355048051,0.41917618553132574,0.6091745695479386,2.9630757633680083,0.07548476454293629,0.13469529085872575,True
c:\Users\User\Desktop\Project_repos\tsvalidation\tsvalidation\experiments\datasets/processed_data\kalimati_tarkari_dataset_12052024.csv,17,193.44461751471098,175.0,77.5,655.0,7801.145773209523,577.5,0.03780187460534404,0.07237397456408808,0.3973693319487712,0.31837453736222004,7.5528091894943765,0.012119113573407203,0.02008310249307479,False
c:\Users\User\Desktop\Project_repos\tsvalidation\tsvalidation\experiments\datasets/processed_data\kalimati_tarkari_dataset_12052024.csv,18,98.75077881619937,95.0,32.5,410.0,2340.0779026471646,377.5,0.030160705718202563,0.10740388539783696,0.4212530287296643,0.45879670846962417,3.388582667949634,0.036703601108033244,0.07548476454293629,True
c:\Users\User\Desktop\Project_repos\tsvalidation\tsvalidation\experiments\datasets/processed_data\kalimati_tarkari_dataset_12052024.csv,19,100.25025960539979,92.5,42.5,285.0,2222.10074846152,242.5,0.0041113302238514286,0.08933744695528553,0.4209068881966079,0.30568064137381795,5.916810423685243,0.015581717451523546,0.01038781163434903,False
c:\Users\User\Desktop\Project_repos\tsvalidation\tsvalidation\experiments\datasets/processed_data\kalimati_tarkari_dataset_12052024.csv,20,345.9944617514711,350.0,65.0,1475.0,31125.27411263013,1410.0,-0.11153054668389836,0.0942493229951506,0.42229145032883353,0.4079183538073716,4.3320301975260165,0.0110803324099723,0.0221606648199446,False
c:\Users\User\Desktop\Project_repos\tsvalidation\tsvalidation\experiments\datasets/processed_data\kalimati_tarkari_dataset_12052024.csv,21,140.2673935617861,125.0,32.5,400.0,3735.0379676266793,367.5,0.029664787218029363,0.10427689037903214,0.4274835583246799,0.3530582703371857,4.077784156940422,0.038088642659279776,0.054709141274238225,False
c:\Users\User\Desktop\Project_repos\tsvalidation\tsvalidation\experiments\datasets/processed_data\kalimati_tarkari_dataset_12052024.csv,22,149.3575631706473,155.0,42.5,295.0,1638.5777560556305,252.5,-0.001455436520623414,0.11071009139556895,0.4295604015230184,0.5988621953334669,2.3264978501276463,0.08552631578947369,0.1513157894736842,True
c:\Users\User\Desktop\Project_repos\tsvalidation\tsvalidation\experiments\datasets/processed_data\kalimati_tarkari_dataset_12052024.csv,23,70.1472827968155,67.5,10.0,185.0,856.8548221425879,175.0,0.006918546983732581,0.1230112044627332,0.43994461751471103,0.38828031292519355,2.6687018035254106,0.07548476454293629,0.0907202216066482,True
c:\Users\User\Desktop\Project_repos\tsvalidation\tsvalidation\experiments\datasets/processed_data\kalimati_tarkari_dataset_12052024.csv,24,47.799930771893386,36.5,17.5,215.0,967.5672758692157,197.5,0.007042848225947754,0.0647665141506308,0.3703703703703704,0.38579359782094863,8.971887838815942,0.008310249307479225,0.03358725761772853,False
c:\Users\User\Desktop\Project_repos\tsvalidation\tsvalidation\experiments\datasets/processed_data\kalimati_tarkari_dataset_12052024.csv,25,72.81118033921773,62.5,17.5,237.5,1557.7411730270123,220.0,0.017384282042030803,0.10900533053085212,0.4326756663205262,0.472705117644825,3.4862701655789663,0.045013850415512466,0.06475069252077563,True
c:\Users\User\Desktop\Project_repos\tsvalidation\tsvalidation\experiments\datasets/processed_data\kalimati_tarkari_dataset_12052024.csv,26,100.73468328141226,105.0,55.0,165.0,347.156242552855,110.0,0.01710518626837358,0.08597548953063308,0.4049844236760125,0.48984106810816863,3.369899110256285,0.023199445983379502,0.04224376731301939,False
c:\Users\User\Desktop\Project_repos\tsvalidation\tsvalidation\experiments\datasets/processed_data\kalimati_tarkari_dataset_12052024.csv,27,212.6263412945656,205.0,85.0,495.0,2788.7301437962838,410.0,-0.010953352725019894,0.09261361261941328,0.4233298719280028,0.469814640019798,3.4747807774118105,0.030817174515235458,0.04847645429362881,False
c:\Users\User\Desktop\Project_repos\tsvalidation\tsvalidation\experiments\datasets/processed_data\kalimati_tarkari_dataset_12052024.csv,28,35.21616476289373,31.5,15.0,113.5,229.7165992058056,98.5,0.007836805937825866,0.07010055587457399,0.38940809968847356,0.3387299123755604,7.496343806882992,0.021121883656509695,0.04120498614958449,False
c:\Users\User\Desktop\Project_repos\tsvalidation\tsvalidation\experiments\datasets/processed_data\kalimati_tarkari_dataset_12052024.csv,29,29.90913811007269,27.5,12.5,65.0,64.85320136860277,52.5,0.005221053790147277,0.09219024938064069,0.4209068881966079,0.4469524413993847,3.6897043424318943,0.030817174515235458,0.07098337950138504,True
c:\Users\User\Desktop\Project_repos\tsvalidation\tsvalidation\experiments\datasets/processed_data\kalimati_tarkari_dataset_12052024.csv,30,25.756663205261336,22.5,6.5,77.5,149.5543212991695,71.0,0.004305545440477779,0.11311832103410216,0.43232952578746975,0.5246738075391534,2.969279870697434,0.047437673130193904,0.09037396121883656,True
c:\Users\User\Desktop\Project_repos\tsvalidation\tsvalidation\experiments\datasets/processed_data\kalimati_tarkari_dataset_12052024.csv,31,60.069228106611284,55.0,12.0,235.0,587.0002265069829,223.0,0.009814566412724218,0.10497986031103365,0.41744548286604366,0.5714581073204094,2.9386725405093297,0.05263157894736842,0.06994459833795014,True
c:\Users\User\Desktop\Project_repos\tsvalidation\tsvalidation\experiments\datasets/processed_data\kalimati_tarkari_dataset_12052024.csv,32,70.57718933887158,65.0,32.5,350.0,356.3692581437913,317.5,0.0035964717692981685,0.13302426543008644,0.4503288335064036,0.5562798727456659,2.033789741361611,0.030470914127423823,0.07063711911357341,False
c:\Users\User\Desktop\Project_repos\tsvalidation\tsvalidation\experiments\datasets/processed_data\kalimati_tarkari_dataset_12052024.csv,33,113.22862582208377,115.0,55.0,155.0,567.3991840236811,100.0,0.026328198795433345,0.06076633407458802,0.38283142956040156,0.2390463626504188,8.152724345357194,0.006578947368421052,0.008310249307479225,False
c:\Users\User\Desktop\Project_repos\tsvalidation\tsvalidation\experiments\datasets/processed_data\kalimati_tarkari_dataset_12052024.csv,34,79.81221876081689,85.0,55.0,290.0,231.78587008575087,235.0,0.010733963779630878,0.15484822913685897,0.45725164416753206,0.5673402132556742,1.3360511220549922,0.009349030470914127,0.013157894736842105,False
c:\Users\User\Desktop\Project_repos\tsvalidation\tsvalidation\experiments\datasets/processed_data\kalimati_tarkari_dataset_12052024.csv,35,38.087573554863276,35.0,10.0,117.5,283.35231702686985,107.5,0.00026100558534439944,0.10096619510039312,0.40775354794046387,0.6057929772924927,2.969064212471441,0.0685595567867036,0.09729916897506925,True
c:\Users\User\Desktop\Project_repos\tsvalidation\tsvalidation\experiments\datasets/processed_data\kalimati_tarkari_dataset_12052024.csv,36,45.92142609899619,47.5,13.5,175.0,207.40936785201427,161.5,0.0021990303519717463,0.11032500465416537,0.43059882312218767,0.3687107527495453,3.072755530412567,0.035318559556786706,0.05713296398891967,True
c:\Users\User\Desktop\Project_repos\tsvalidation\tsvalidation\experiments\datasets/processed_data\mechanical_gear_vibration_data.csv,0,2.5215747964069,2.5214938246659275,2.5155806035131656,2.5283925841769097,1.4399107510104504e-06,0.012811980663744116,-1.2507771976849362e-08,0.0067683918644755705,0.0,0.8416004093282362,0.7728686878717973,0.43157726309052363,0.4806592263690548,True
c:\Users\User\Desktop\Project_repos\tsvalidation\tsvalidation\experiments\datasets/processed_data\mechanical_gear_vibration_data.csv,1,2.5214732467105203,2.5214938246659275,2.510981432324249,2.5303636586199274,3.3166658804953976e-06,0.01938222629567843,8.962422451997811e-09,0.010750084464777383,0.0,0.8567085098378049,0.6407817502480172,0.5416616664666587,0.5745429817192688,True
c:\Users\User\Desktop\Project_repos\tsvalidation\tsvalidation\experiments\datasets/processed_data\mechanical_gear_vibration_data.csv,2,2.517583602182127,2.5175516770990765,2.498005203180245,2.540383289083527,1.5353027325486837e-05,0.04237808590328207,2.0416769894753677e-09,0.02367473965477212,0.23740000000000003,0.8617505676109877,0.6468342273358589,0.546221848873955,0.5636625465018601,True
c:\Users\User\Desktop\Project_repos\tsvalidation\tsvalidation\experiments\datasets/processed_data\mechanical_gear_vibration_data.csv,3,2.5178492315791665,2.5177159332371777,2.477965974372946,2.5579587147331635,7.082428907819119e-05,0.07999274036021742,-2.8630791697277122e-09,0.046218669462750245,0.39968000000000004,0.8313937555562403,0.6261547721453019,0.5850234009360374,0.5939837593503741,True
c:\Users\User\Desktop\Project_repos\tsvalidation\tsvalidation\experiments\datasets/processed_data\mechanical_gear_vibration_data.csv,4,2.522425486230863,2.522479361639994,2.488971122949714,2.550567179293929,3.612770361213328e-05,0.06159605634421528,6.482904270478133e-10,0.031171509508902545,0.31696,0.8798464917180558,0.7133586607792086,0.4826593063722549,0.49477979119164767,True
c:\Users\User\Desktop\Project_repos\tsvalidation\tsvalidation\experiments\datasets/processed_data\mechanical_gear_vibration_data.csv,5,2.522090623762155,2.5219865931488417,2.4513565273827225,2.5927810847413544,0.00022990651841858626,0.1414245573586319,-6.369217206801224e-09,0.0693014283184388,0.4358,0.7725004895939377,0.6096422432371165,0.6032241289651586,0.6081443257730309,True
c:\Users\User\Desktop\Project_repos\tsvalidation\tsvalidation\experiments\datasets/processed_data\mechanical_gear_vibration_data.csv,6,2.521845010925052,2.5218223369869546,2.5165661402896697,2.526914278431324,1.035366891692446e-06,0.01034813814165414,7.904845728700622e-09,0.005680924304482223,0.0,0.8466938138354402,0.7782425193761472,0.43645745829833194,0.5059402376095044,True
c:\Users\User\Desktop\Project_repos\tsvalidation\tsvalidation\experiments\datasets/processed_data\mechanical_gear_vibration_data.csv,7,2.5227560019093342,2.5228078739720075,2.5165661402896697,2.529542377585948,2.050484290186802e-06,0.012976237296278281,-4.941231176685675e-09,0.00825929294789378,0.0,0.8697912177136844,0.7497775709592226,0.45869834793391734,0.49957998319932795,True
c:\Users\User\Desktop\Project_repos\tsvalidation\tsvalidation\experiments\datasets/processed_data\mechanical_gear_vibration_data.csv,8,2.520364688660336,2.5203440315711623,2.499812019556057,2.5385764702225107,1.3878758670594338e-05,0.03876445066645351,-7.969584834121317e-09,0.02255081974520541,0.23092000000000001,0.8843802458273766,0.6708934883121812,0.5232609304372174,0.5426217048681947,True
c:\Users\User\Desktop\Project_repos\tsvalidation\tsvalidation\experiments\datasets/processed_data\mechanical_gear_vibration_data.csv,9,2.5202828961829598,2.5203440315711623,2.48453621184048,2.550402922972084,4.434885872128131e-05,0.06586671113160403,-3.2011703825227165e-09,0.03839765913583155,0.35936,0.8460885858631402,0.6233569076598718,0.5757030281211248,0.5857834313372535,True
c:\Users\User\Desktop\Project_repos\tsvalidation\tsvalidation\experiments\datasets/processed_data\mechanical_gear_vibration_data.csv,10,2.521022712293058,2.521001056191252,2.4906136827874525,2.5512242045905427,3.361315332210514e-05,0.06061052180309012,3.405309196264427e-09,0.030004740364293212,0.28604,0.8532789512115445,0.719457080557979,0.48177927117084685,0.4923396935877435,True
c:\Users\User\Desktop\Project_repos\tsvalidation\tsvalidation\experiments\datasets/processed_data\mechanical_gear_vibration_data.csv,11,2.521194072609861,2.5214938246659275,2.467453597430531,2.5642004572296337,0.00013522028884454648,0.09674685979910258,9.348149499418659e-10,0.05672108014241774,0.40680000000000005,0.7852893360647785,0.633885961657529,0.5686227449097964,0.5717428697147886,True
c:\Users\User\Desktop\Project_repos\tsvalidation\tsvalidation\experiments\datasets/processed_data\mechanical_gear_vibration_data.csv,12,2.519848188264959,2.519851263115703,2.503261396579133,2.543339902005453,1.4385556535139248e-06,0.04007850542632019,2.556582509338825e-09,0.00686840677544386,0.0,0.8559687926706222,0.7711235143099007,0.4270170806832273,0.4904196167846714,True
c:\Users\User\Desktop\Project_repos\tsvalidation\tsvalidation\experiments\datasets/processed_data\mechanical_gear_vibration_data.csv,13,2.520012549570622,2.5200155192666083,2.509338871358768,2.5298708899967868,3.2573764928824345e-06,0.0205320186380189,-1.2550444887382735e-09,0.010101888450281647,0.0,0.8565229264570341,0.7101575531603931,0.4920996839873595,0.531501260050402,False
c:\Users\User\Desktop\Project_repos\tsvalidation\tsvalidation\experiments\datasets/processed_data\mechanical_gear_vibration_data.csv,14,2.5192612553298015,2.5193584946684777,2.473531064899745,2.5733988170331745,1.7732538590615146e-05,0.09986775213342947,-8.846144574293489e-10,0.025344071782055527,0.26352000000000003,0.8768873091555139,0.6609922504215193,0.531341253650146,0.5489819592783711,True
c:\Users\User\Desktop\Project_repos\tsvalidation\tsvalidation\experiments\datasets/processed_data\mechanical_gear_vibration_data.csv,15,2.5190739978839396,2.5191942385212323,2.4602263404232465,2.57701245918156,8.44987094656712e-05,0.11678611875831368,-3.0094237386603176e-09,0.04800976670472014,0.40544,0.7992733407248372,0.6423118696394937,0.5653826153046122,0.5733829353174127,True
c:\Users\User\Desktop\Project_repos\tsvalidation\tsvalidation\experiments\datasets/processed_data\mechanical_gear_vibration_data.csv,16,2.5180275344457974,2.518044445516121,2.4710672265878,2.5625578932851063,4.378245368007591e-05,0.0914906666973061,-3.659417693802092e-10,0.03766519451415898,0.37056000000000006,0.872630136374183,0.6367967393877022,0.5668226729069162,0.578103124124965,True
c:\Users\User\Desktop\Project_repos\tsvalidation\tsvalidation\experiments\datasets/processed_data\mechanical_gear_vibration_data.csv,17,2.5179888655506373,2.518044445516121,2.2503081191987784,2.769193179566924,0.00025444393430766094,0.5188850603681456,-2.8022932681551723e-09,0.08048652878238384,0.4378,0.8310647178517007,0.5932961089033639,0.6195847833913356,0.625505020200808,True
c:\Users\User\Desktop\Project_repos\tsvalidation\tsvalidation\experiments\datasets/processed_data\mechanical_gear_vibration_data.csv,18,2.520709488389023,2.520672543879377,2.516401884157968,2.524614691863559,8.98365882542522e-07,0.008212807705591185,1.5711726282541773e-08,0.005132358131807953,0.0,0.8431391997386348,0.7841607056452321,0.43849753990159607,0.5077003080123205,False
c:\Users\User\Desktop\Project_repos\tsvalidation\tsvalidation\experiments\datasets/processed_data\mechanical_gear_vibration_data.csv,19,2.520689981362793,2.520672543879377,2.512623993380976,2.530035146203583,2.947991073942279e-06,0.017411152822606635,9.00684806877179e-09,0.009970590174662642,0.0,0.8651093695923388,0.6930055253578725,0.5009000360014401,0.5420216808672347,False
c:\Users\User\Desktop\Project_repos\tsvalidation\tsvalidation\experiments\datasets/processed_data\mechanical_gear_vibration_data.csv,20,2.5214617556776133,2.5214938246659275,2.494555826768138,2.550402922972084,2.2654383725367386e-05,0.05584709620394612,3.851448687961143e-09,0.029625537598806866,0.32372,0.8772326182288248,0.5989126795133668,0.6085843433737349,0.6196247849913996,True
c:\Users\User\Desktop\Project_repos\tsvalidation\tsvalidation\experiments\datasets/processed_data\mechanical_gear_vibration_data.csv,21,2.5210167206242704,2.521001056191252,2.487000051264079,2.557137432925246,5.695118937041979e-05,0.07013738166116701,4.539114038452188e-09,0.04426193180225767,0.39088,0.8513996175709511,0.5802520796068402,0.6523060922436897,0.6595063802552102,True
c:\Users\User\Desktop\Project_repos\tsvalidation\tsvalidation\experiments\datasets/processed_data\mechanical_gear_vibration_data.csv,22,2.5212989451850003,2.521329568506787,2.4871643072328977,2.548267590872085,3.516502695659505e-05,0.06110328363918738,4.563431027475719e-09,0.03300479206094058,0.32596,0.8741082004122851,0.6686927958892087,0.5274210968438737,0.5400616024640985,True
c:\Users\User\Desktop\Project_repos\tsvalidation\tsvalidation\experiments\datasets/processed_data\mechanical_gear_vibration_data.csv,23,2.5216774005702876,2.5218223369869546,2.465482527164873,2.5740558428448628,0.00018981509919979505,0.10857331567998996,-1.2210775424247322e-09,0.06906216732473622,0.4292,0.8032735328543569,0.5900728036380524,0.641105644225769,0.6476659066362654,True
c:\Users\User\Desktop\Project_repos\tsvalidation\tsvalidation\experiments\datasets/processed_data\mechanical_gear_vibration_data.csv,24,2.5193844932727627,2.5193584946684777,2.465975294719133,2.5756984074391616,8.329415000119265e-06,0.10972311272002866,-4.844203304593179e-09,0.019658260664423916,0.20272,0.9184486645048114,0.6140268364705272,0.49917996719868796,0.5384215368614744,True
c:\Users\User\Desktop\Project_repos\tsvalidation\tsvalidation\experiments\datasets/processed_data\mechanical_gear_vibration_data.csv,25,2.5190854683450077,2.5190299823749016,2.466303806426474,2.580626101780252,1.4390805497013238e-05,0.11432229535377791,8.903615677389423e-09,0.02455929281917813,0.26188,0.9194021425562994,0.6339939224513076,0.4658186327453098,0.4892595703828153,True
c:\Users\User\Desktop\Project_repos\tsvalidation\tsvalidation\experiments\datasets/processed_data\mechanical_gear_vibration_data.csv,26,2.5186460388607776,2.5185372139413964,2.2194282486943533,2.8209343695837874,0.0005019272282317939,0.6015061208894341,-7.021453252152848e-09,0.10631619286411875,0.42428000000000005,0.8810720767088495,0.5629115964027004,0.5999039961598464,0.6087043481739269,True
c:\Users\User\Desktop\Project_repos\tsvalidation\tsvalidation\experiments\datasets/processed_data\mechanical_gear_vibration_data.csv,27,2.5186323371589774,2.5182087016569654,2.243573676828571,2.8122287021597923,0.0007272433059288885,0.5686550253312213,-2.020108722497734e-09,0.11963776062225182,0.44220000000000004,0.8839171397959662,0.5856542871215893,0.6420656826273051,0.6473858954358175,True
c:\Users\User\Desktop\Project_repos\tsvalidation\tsvalidation\experiments\datasets/processed_data\mechanical_gear_vibration_data.csv,28,2.516989964377594,2.5170589086902595,2.399287492192774,2.6372946472534182,0.0002268514893581342,0.2380071550606444,-4.354077482455726e-09,0.07712539392701011,0.41508000000000006,0.9063964067906944,0.6233971720044297,0.5365814632585303,0.5417816712668507,True
c:\Users\User\Desktop\Project_repos\tsvalidation\tsvalidation\experiments\datasets/processed_data\mechanical_gear_vibration_data.csv,29,2.5165200848345353,2.5157448596402983,2.3137105000805875,2.755395545419069,0.0012784106249653683,0.4416850453384815,2.66576109327208e-08,0.1354477405259723,0.45776000000000006,0.862286719791921,0.5951410180955178,0.6199447977919117,0.6219848793951758,True
c:\Users\User\Desktop\Project_repos\tsvalidation\tsvalidation\experiments\datasets/processed_data\mechanical_gear_vibration_data.csv,30,2.5184178785954274,2.518372957798724,2.510981432324249,2.525435972759998,1.587105612940727e-06,0.01445454043574923,-9.798554671098319e-09,0.007863429808662874,0.0,0.8866692155926814,0.6734645535033623,0.5072202888115525,0.5599023960958438,False
c:\Users\User\Desktop\Project_repos\tsvalidation\tsvalidation\experiments\datasets/processed_data\mechanical_gear_vibration_data.csv,31,2.5200213208520155,2.5200155192666083,2.5104886640250257,2.5287210965749054,3.429019458533057e-06,0.018232432549879718,5.688524487455667e-09,0.010419169404427933,0.0,0.8444747769959947,0.6724456118719664,0.5217008680347214,0.5560222408896356,True
c:\Users\User\Desktop\Project_repos\tsvalidation\tsvalidation\experiments\datasets/processed_data\mechanical_gear_vibration_data.csv,32,2.518448601332912,2.5185372139413964,2.499976275595677,2.5349628328343594,1.743580657597834e-05,0.03498655723868227,-8.063208887604834e-10,0.023143751521104518,0.23396000000000003,0.8335861881285243,0.6805937953309704,0.5191407656306253,0.5335813432537302,True
c:\Users\User\Desktop\Project_repos\tsvalidation\tsvalidation\experiments\datasets/processed_data\mechanical_gear_vibration_data.csv,33,2.519373936081544,2.519522750816638,2.478458742132832,2.5568089202085544,7.876661612828345e-05,0.07835017807572253,-7.10672349341124e-10,0.04523523679920537,0.38984,0.781957973720017,0.6640224416111535,0.5347413896555863,0.5426617064682587,True
c:\Users\User\Desktop\Project_repos\tsvalidation\tsvalidation\experiments\datasets/processed_data\mechanical_gear_vibration_data.csv,34,2.518331592322962,2.518372957798724,2.4892996349100085,2.5512242045905427,4.668003273117881e-05,0.06192456968053417,5.551021310249145e-09,0.03807158261592406,0.36656000000000005,0.8690609034179786,0.6418856340284806,0.5649425977039082,0.5753830153206129,True
c:\Users\User\Desktop\Project_repos\tsvalidation\tsvalidation\experiments\datasets/processed_data\mechanical_gear_vibration_data.csv,35,2.520186218468057,2.5203440315711623,2.4594050613280323,2.5932738544286904,0.00024821625300349207,0.13386879310065813,-7.338091766362013e-09,0.07719524007747543,0.42724,0.8118330047420842,0.5900346610228778,0.6314252570102804,0.6352254090163607,True
c:\Users\User\Desktop\Project_repos\tsvalidation\tsvalidation\experiments\datasets/processed_data\metro_nyc_17052024.csv,0,3313.6572460159364,3512.0,0.0,7280.0,3896179.046986846,7280.0,0.002863672024687619,0.13831147599180338,0.43218791500664006,0.24085043394225308,2.3386823649733524,0.09346337414401328,0.09275783357543059,False
c:\Users\User\Desktop\Project_repos\tsvalidation\tsvalidation\experiments\datasets/processed_data\MLTempDataset_13052024.csv,0,21.867467828798187,24.033,5.35,36.5,45.3849540735113,31.15,0.00044262710912979663,0.10880260387027446,0.41383219954648526,0.6960375828797585,2.4112776738775894,0.06846208362863218,0.0735648476257973,False
c:\Users\User\Desktop\Project_repos\tsvalidation\tsvalidation\experiments\datasets/processed_data\non_invasive_fetal_ecg_15052024.csv,0,-13.360383333333333,-33.5,-278.5,409.0,13499.180782186422,687.5,0.0016478887757633036,0.01416938737174647,0.05263333333333334,0.25567256533694993,52.63947144923287,0.0052000866681111355,0.008966816113601892,False
c:\Users\User\Desktop\Project_repos\tsvalidation\tsvalidation\experiments\datasets/processed_data\non_invasive_fetal_ecg_15052024.csv,1,0.987175,-11.0,-302.5,445.5,13359.948323019265,748.0,-0.00020816211209949163,0.013964542803400364,0.0521,0.27334545235765845,42.185566012944996,0.012266871114518576,0.01385023083718062,False
c:\Users\User\Desktop\Project_repos\tsvalidation\tsvalidation\experiments\datasets/processed_data\non_invasive_fetal_ecg_15052024.csv,2,-51.26943333333333,-66.0,-332.0,370.0,13879.73459734563,702.0,0.0016951808498320005,0.015692891473112855,0.06041666666666667,0.25658267522166334,36.696588078775854,0.007366789446490775,0.009616826947115785,False
c:\Users\User\Desktop\Project_repos\tsvalidation\tsvalidation\experiments\datasets/processed_data\non_invasive_fetal_ecg_15052024.csv,3,-52.718891666666664,-67.5,-308.5,392.5,14001.841948938414,701.0,0.0011767659677296622,0.01875574171194906,0.08573333333333334,0.25750741549078715,35.385875572931155,0.008883481391356522,0.009983499724995416,False
c:\Users\User\Desktop\Project_repos\tsvalidation\tsvalidation\experiments\datasets/processed_data\pharma_sales_17052024.csv,0,35.10244067327815,34.565,7.67,65.33,74.00864365222284,57.66,0.02107865618964913,0.15042519111414898,0.46357615894039733,0.8568743591718314,0.805857568924422,0.4186046511627907,0.42524916943521596,False
c:\Users\User\Desktop\Project_repos\tsvalidation\tsvalidation\experiments\datasets/processed_data\pharma_sales_17052024.csv,1,27.16761141006623,26.7895,6.237,53.571,49.446493095511926,47.333999999999996,0.0005666662301061538,0.14359651477333518,0.45695364238410596,0.8801467471274576,0.8822388336088736,0.45182724252491696,0.45182724252491696,False
c:\Users\User\Desktop\Project_repos\tsvalidation\tsvalidation\experiments\datasets/processed_data\pharma_sales_17052024.csv,2,27.060294701986756,26.5,3.5,60.125,65.17428387940507,56.625,-0.04772925356165746,0.1430799569526831,0.45695364238410596,0.7742028982635146,0.9500733962451302,0.37209302325581395,0.3853820598006645,False
c:\Users\User\Desktop\Project_repos\tsvalidation\tsvalidation\experiments\datasets/processed_data\pharma_sales_17052024.csv,3,208.6271612860927,198.3,86.25,546.899,5767.3657220371315,460.649,-0.000293700137782505,0.10972913356591968,0.44039735099337746,0.594969876532067,1.6067329986480625,0.15282392026578073,0.13953488372093023,True
c:\Users\User\Desktop\Project_repos\tsvalidation\tsvalidation\experiments\datasets/processed_data\pharma_sales_17052024.csv,4,61.74085264877484,57.0,18.0,154.0,501.7506611581508,136.0,-0.06301830924057904,0.14739200367062005,0.4602649006622517,0.7971379015035073,0.990030641885612,0.32558139534883723,0.3754152823920266,False
c:\Users\User\Desktop\Project_repos\tsvalidation\tsvalidation\experiments\datasets/processed_data\pharma_sales_17052024.csv,5,4.138934878586093,3.9791666665000003,0.0,17.0,9.759871814368875,17.0,0.0004843009767953852,0.20047392769651715,0.46688741721854304,0.9138387492136868,0.7642541001449499,0.4318936877076412,0.4717607973421927,False
c:\Users\User\Desktop\Project_repos\tsvalidation\tsvalidation\experiments\datasets/processed_data\pharma_sales_17052024.csv,6,38.43981098238411,35.0,2.0,131.0,522.7133800337092,129.0,0.09255810422727473,0.16725395479668567,0.4602649006622517,0.7884073416108536,0.9880165266401681,0.34551495016611294,0.3654485049833887,True
c:\Users\User\Desktop\Project_repos\tsvalidation\tsvalidation\experiments\datasets/processed_data\pharma_sales_17052024.csv,7,20.224561258245036,17.5,1.0,65.0,129.10879893633822,64.0,0.030598257340600333,0.1382044629027271,0.4470198675496689,0.5421808275144692,1.4463463772694956,0.16611295681063123,0.17275747508305647,True
c:\Users\User\Desktop\Project_repos\tsvalidation\tsvalidation\experiments\datasets/processed_data\power_comsumption_india_14052024.csv,0,138.61785714285713,118.44999999999999,56.1,286.0,2907.0398734301407,229.9,-0.005321440701266211,0.10746108485536131,0.42307692307692313,0.7329319336859014,1.6374936456216138,0.10192837465564739,0.1322314049586777,True
c:\Users\User\Desktop\Project_repos\tsvalidation\tsvalidation\experiments\datasets/processed_data\power_comsumption_india_14052024.csv,1,136.5648351648352,127.05,64.8,224.5,1262.9528843134872,159.7,-0.007931644942852896,0.09352629435113,0.4120879120879121,0.7222286195314942,1.6454997115615981,0.10192837465564739,0.1322314049586777,True
c:\Users\User\Desktop\Project_repos\tsvalidation\tsvalidation\experiments\datasets/processed_data\power_comsumption_india_14052024.csv,2,217.7032967032967,223.1,105.8,278.0,794.8123517691106,172.2,0.025790622826737303,0.058452965903916985,0.3351648351648352,0.6813337292287721,1.9325496821145889,0.12672176308539945,0.1349862258953168,True
c:\Users\User\Desktop\Project_repos\tsvalidation\tsvalidation\experiments\datasets/processed_data\power_comsumption_india_14052024.csv,3,82.12445054945054,72.6,41.8,139.1,598.1740999728296,97.3,-0.012028730920387186,0.09687914427986477,0.4093406593406594,0.6928693244406736,1.6835411328941823,0.09917355371900827,0.12121212121212122,True
c:\Users\User\Desktop\Project_repos\tsvalidation\tsvalidation\experiments\datasets/processed_data\power_comsumption_india_14052024.csv,4,313.8565934065934,289.25,186.8,469.0,4339.1551488346795,282.2,-0.012140686212915001,0.08851785585233486,0.3873626373626374,0.688559280336085,1.5717379839778598,0.1046831955922865,0.15426997245179064,True
c:\Users\User\Desktop\Project_repos\tsvalidation\tsvalidation\experiments\datasets/processed_data\power_comsumption_india_14052024.csv,5,35.971978021978025,36.9,16.8,53.2,46.2422367467697,36.400000000000006,0.0012194530251815475,0.08242149678926203,0.39560439560439564,0.7137442881429147,1.6423041264879132,0.18732782369146006,0.17079889807162535,True
c:\Users\User\Desktop\Project_repos\tsvalidation\tsvalidation\experiments\datasets/processed_data\power_comsumption_india_14052024.csv,6,26.451648351648355,27.95,11.8,34.0,24.566178601618155,22.2,0.002099395001013915,0.08925814726372892,0.41483516483516486,0.7490951497621939,1.4571471957184547,0.209366391184573,0.23140495867768596,True
c:\Users\User\Desktop\Project_repos\tsvalidation\tsvalidation\experiments\datasets/processed_data\power_comsumption_india_14052024.csv,7,44.363461538461536,43.9,30.1,54.1,19.575285819949272,24.0,-0.0009500710995106878,0.07516627535514132,0.3983516483516484,0.7736695113923038,1.2124499012872538,0.19008264462809918,0.21763085399449036,True
c:\Users\User\Desktop\Project_repos\tsvalidation\tsvalidation\experiments\datasets/processed_data\power_comsumption_india_14052024.csv,8,4.110164835164835,3.8,2.2,6.8,1.2128911816205774,4.6,-0.00027045183956765477,0.09311639388553863,0.4120879120879121,0.7184515791431192,1.6568558257040225,0.12672176308539945,0.14325068870523416,True
c:\Users\User\Desktop\Project_repos\tsvalidation\tsvalidation\experiments\datasets/processed_data\power_comsumption_india_14052024.csv,9,84.13406593406592,83.15,37.2,111.6,104.35356478686143,74.39999999999999,0.004707223038480773,0.07414113391900035,0.3818681318681319,0.7537499439459476,1.3995774024888963,0.14049586776859505,0.15151515151515152,True
c:\Users\User\Desktop\Project_repos\tsvalidation\tsvalidation\experiments\datasets/processed_data\power_comsumption_india_14052024.csv,10,321.2258241758242,324.4,192.3,398.0,1583.4403770679862,205.7,0.04175353911343974,0.06603038856382003,0.3626373626373627,0.7437145398962736,1.6159140279358786,0.15426997245179064,0.15426997245179064,True
c:\Users\User\Desktop\Project_repos\tsvalidation\tsvalidation\experiments\datasets/processed_data\power_comsumption_india_14052024.csv,11,208.6813186813187,209.8,131.8,272.3,983.6475630962433,140.5,0.03499489302727155,0.07024712316081685,0.3708791208791209,0.6951648346241793,1.7464980901548497,0.10192837465564739,0.10192837465564739,True
c:\Users\User\Desktop\Project_repos\tsvalidation\tsvalidation\experiments\datasets/processed_data\power_comsumption_india_14052024.csv,12,431.6733516483517,431.0,305.6,522.1,1863.0941525027156,216.5,0.06382786578303401,0.05791349448390217,0.3461538461538462,0.7355243339066436,1.599027789028622,0.1322314049586777,0.14600550964187328,True
c:\Users\User\Desktop\Project_repos\tsvalidation\tsvalidation\experiments\datasets/processed_data\power_comsumption_india_14052024.csv,13,11.14478021978022,11.5,6.2,14.0,2.4239013253230306,7.8,-0.00043133703158609686,0.07874381061443293,0.3928571428571429,0.7614350304868495,1.4226422689555132,0.15977961432506887,0.18457300275482094,True
c:\Users\User\Desktop\Project_repos\tsvalidation\tsvalidation\experiments\datasets/processed_data\power_comsumption_india_14052024.csv,14,16.298351648351648,18.2,1.3,19.4,22.30856871150826,18.099999999999998,0.0012905152133047613,0.09376173258318182,0.40659340659340665,0.7203512019129474,1.712168867725012,0.08264462809917356,0.29476584022038566,True
c:\Users\User\Desktop\Project_repos\tsvalidation\tsvalidation\experiments\datasets/processed_data\power_comsumption_india_14052024.csv,15,175.85824175824177,174.1,142.2,205.1,262.8728716338605,62.900000000000006,0.024187319529785253,0.05155429072238588,0.3296703296703297,0.6870721617331621,1.7753835042272577,0.1184573002754821,0.10743801652892562,True
c:\Users\User\Desktop\Project_repos\tsvalidation\tsvalidation\experiments\datasets/processed_data\power_comsumption_india_14052024.csv,16,188.44697802197805,183.4,130.5,256.2,892.711666691824,125.69999999999999,0.021374553217641562,0.07104306777530597,0.36813186813186816,0.6999664386718512,1.7384117057700452,0.0881542699724518,0.1046831955922865,True
c:\Users\User\Desktop\Project_repos\tsvalidation\tsvalidation\experiments\datasets/processed_data\power_comsumption_india_14052024.csv,17,204.10824175824175,206.45,121.0,273.3,921.5945474580351,152.3,0.0235404694931468,0.07543208364438353,0.37362637362637363,0.7125992529267278,1.5361115738076734,0.15151515151515152,0.15977961432506887,True
c:\Users\User\Desktop\Project_repos\tsvalidation\tsvalidation\experiments\datasets/processed_data\power_comsumption_india_14052024.csv,18,71.87802197802198,71.3,55.0,89.4,46.048582900615884,34.400000000000006,-0.0031244720410349815,0.0648965313074873,0.3708791208791209,0.7502661766059049,1.4250321125985124,0.16804407713498623,0.18457300275482094,True
c:\Users\User\Desktop\Project_repos\tsvalidation\tsvalidation\experiments\datasets/processed_data\power_comsumption_india_14052024.csv,19,297.4126373626374,298.65,195.7,365.3,1255.24956557179,169.60000000000002,0.019408088797876772,0.06663260179711793,0.3708791208791209,0.6992409805317148,1.6261090717960442,0.15151515151515152,0.15151515151515152,True
c:\Users\User\Desktop\Project_repos\tsvalidation\tsvalidation\experiments\datasets/processed_data\power_comsumption_india_14052024.csv,20,7.386263736263736,7.45,4.0,9.7,1.374756370003623,5.699999999999999,0.0009157716505163601,0.08019773433946337,0.3928571428571429,0.7026158044395348,1.5484390579299454,0.19008264462809918,0.2231404958677686,True
c:\Users\User\Desktop\Project_repos\tsvalidation\tsvalidation\experiments\datasets/processed_data\power_comsumption_india_14052024.csv,21,83.7065934065934,78.95,43.5,117.9,219.69720927424223,74.4,0.003014046974196477,0.0899320831463366,0.39560439560439564,0.7345962121259165,1.3973702415148355,0.14049586776859505,0.14325068870523416,True
c:\Users\User\Desktop\Project_repos\tsvalidation\tsvalidation\experiments\datasets/processed_data\power_comsumption_india_14052024.csv,22,23.99972527472528,24.05,17.4,28.9,3.7496427816688858,11.5,0.0006841601735748604,0.0729704997995401,0.3818681318681319,0.8581782473551712,1.0612422789942246,0.27548209366391185,0.2865013774104683,True
c:\Users\User\Desktop\Project_repos\tsvalidation\tsvalidation\experiments\datasets/processed_data\power_comsumption_india_14052024.csv,23,80.79285714285714,80.05,51.1,109.6,120.43126766091048,58.49999999999999,0.005020359466187457,0.07984673450632512,0.3763736263736264,0.7634068808056813,1.383549482278736,0.162534435261708,0.17355371900826447,True
c:\Users\User\Desktop\Project_repos\tsvalidation\tsvalidation\experiments\datasets/processed_data\power_comsumption_india_14052024.csv,24,139.23159340659342,131.64999999999998,51.5,198.1,795.555842516,146.6,0.011477600854935944,0.0902973716914865,0.40384615384615385,0.7256045366847992,1.5233822600150235,0.14049586776859505,0.12947658402203857,True
c:\Users\User\Desktop\Project_repos\tsvalidation\tsvalidation\experiments\datasets/processed_data\power_comsumption_india_14052024.csv,25,1.3013736263736264,1.2,0.5,2.8,0.140080530733003,2.3,0.00012760589348385112,0.10969966949128644,0.42307692307692313,0.7108924649480847,1.4319862101802565,0.1790633608815427,0.3278236914600551,True
c:\Users\User\Desktop\Project_repos\tsvalidation\tsvalidation\experiments\datasets/processed_data\power_comsumption_india_14052024.csv,26,2.1046703296703297,2.1,1.1,2.6,0.050829836372418905,1.5,8.59663375230118e-06,0.08006526063396599,0.3983516483516484,0.8168254092392668,1.1643469163480422,0.2892561983471074,0.40771349862258954,True
c:\Users\User\Desktop\Project_repos\tsvalidation\tsvalidation\experiments\datasets/processed_data\power_comsumption_india_14052024.csv,27,25.056043956043954,23.55,14.8,38.0,23.479221712353603,23.2,-0.0001248813453047615,0.09231637529584016,0.40384615384615385,0.7469882904341729,1.4400625278217687,0.12396694214876033,0.21212121212121213,True
c:\Users\User\Desktop\Project_repos\tsvalidation\tsvalidation\experiments\datasets/processed_data\power_comsumption_india_14052024.csv,28,2.4945054945054945,2.5,1.5,3.2,0.05518959062915094,1.7000000000000002,-6.155737164454375e-05,0.08548757911546262,0.42307692307692313,0.8295265185193365,1.0089483158210586,0.3140495867768595,0.46005509641873277,True
c:\Users\User\Desktop\Project_repos\tsvalidation\tsvalidation\experiments\datasets/processed_data\power_comsumption_india_14052024.csv,29,5.626648351648352,5.7,3.4,6.8,0.5115151400797017,3.4,0.00038115060531000315,0.0686752893827012,0.37362637362637363,0.730643302501084,1.572606454262904,0.18732782369146006,0.24517906336088155,True
c:\Users\User\Desktop\Project_repos\tsvalidation\tsvalidation\experiments\datasets/processed_data\power_comsumption_india_14052024.csv,30,1.714010989010989,1.7,1.3,2.2,0.020380615263856993,0.9000000000000001,-8.082826264644183e-05,0.08217970626680748,0.41483516483516486,0.873404686525087,0.9362501961196835,0.32231404958677684,0.4820936639118457,True
c:\Users\User\Desktop\Project_repos\tsvalidation\tsvalidation\experiments\datasets/processed_data\power_comsumption_india_14052024.csv,31,2.1659340659340662,2.2,1.4,2.7,0.022081270377973732,1.3000000000000003,-6.835008080338427e-05,0.07094627704382746,0.3928571428571429,0.8535245241303469,0.9862796820972147,0.36363636363636365,0.4903581267217631,True
c:\Users\User\Desktop\Project_repos\tsvalidation\tsvalidation\experiments\datasets/processed_data\power_comsumption_india_14052024.csv,32,4.135714285714286,3.9,2.4,6.6,0.5703178963893245,4.199999999999999,5.195302829175883e-05,0.10331258293220466,0.42582417582417587,0.7869885079514349,1.2139863865175322,0.18457300275482094,0.2727272727272727,True
c:\Users\User\Desktop\Project_repos\tsvalidation\tsvalidation\experiments\datasets/processed_data\power_consumption_data.csv,0,18.81002396214896,18.78,3.247,40.01,33.819114014689035,36.763,0.00010877332138249083,0.04038309982562217,0.24540216727716727,0.18413431905263644,25.557545662954798,0.0077840312887532195,0.008127444433845273,False
c:\Users\User\Desktop\Project_repos\tsvalidation\tsvalidation\experiments\datasets/processed_data\power_consumption_data.csv,1,68.25951846764346,69.86,11.34,94.8,241.8344976656961,83.46,-2.242385203816117e-05,0.04889652530558075,0.278731684981685,0.477615281465254,12.714573968188994,0.02041400362491653,0.021119908423161308,False
c:\Users\User\Desktop\Project_repos\tsvalidation\tsvalidation\experiments\datasets/processed_data\power_consumption_data.csv,2,1.9594888583638583,0.086,0.05,6.483,5.517047221372324,6.433,2.7995648633947787e-05,0.07121208330648462,0.3482142857142857,0.39520125523933536,12.432699058699974,0.0024802060478870554,0.07598969760564724,False
c:\Users\User\Desktop\Project_repos\tsvalidation\tsvalidation\experiments\datasets/processed_data\power_consumption_data.csv,3,182.69661376297316,5.0355,0.004,1163.0,69906.53376101193,1162.996,-0.00032373340278431115,0.12726369373077237,0.42948717948717946,0.24203360456261006,5.7631113494104795,0.027015167413908234,0.014041781932652866,False
c:\Users\User\Desktop\Project_repos\tsvalidation\tsvalidation\experiments\datasets/processed_data\power_consumption_data.csv,4,75.02802192078755,4.4559999999999995,0.011,936.0,15428.06558891053,935.989,-0.0010820600625820855,0.1105719296953015,0.4070322039072039,0.4899267979935479,4.11798799120802,0.028961175236096537,0.014041781932652866,False
c:\Users\User\Desktop\Project_repos\tsvalidation\tsvalidation\experiments\datasets/processed_data\power_consumption_data.csv,5,32344.970563585928,32265.92034,13895.6962,52204.39512,50843952.45519341,38308.69892,-0.0009000155849638203,0.05833314795878661,0.3177464896214896,0.20323319011962673,11.279844777096551,0.022035676810073453,0.022054755318134122,False
c:\Users\User\Desktop\Project_repos\tsvalidation\tsvalidation\experiments\datasets/processed_data\power_consumption_data.csv,6,21042.509082321638,20823.168404999997,8560.081466,37408.86076,27054731.26359259,28848.779294000004,0.11179096665567463,0.05597991086004183,0.32228708791208793,0.24671600241053848,12.510602824147185,0.022455403987408185,0.021959362777830775,False
c:\Users\User\Desktop\Project_repos\tsvalidation\tsvalidation\experiments\datasets/processed_data\power_consumption_data.csv,7,17835.4062183767,16415.11747,5935.17407,47598.32636,43852233.966466956,41663.15229,-0.10237801949939036,0.05429856654889674,0.30736797924297926,0.22366587324699613,15.303384855163179,0.01612133931126586,0.019555470762186396,False
c:\Users\User\Desktop\Project_repos\tsvalidation\tsvalidation\experiments\datasets/processed_data\room_occupancy_data.csv,0,20.986917134669707,20.8233333333333,19.0,24.4083333333333,1.2335064848299337,5.4083333333332995,-2.5355915804195235e-05,0.01581256695653954,0.09392726793017017,0.28325534661893276,34.98652163710035,0.005628847845206684,0.007959542656112577,False
c:\Users\User\Desktop\Project_repos\tsvalidation\tsvalidation\experiments\datasets/processed_data\room_occupancy_data.csv,1,28.277854333791915,27.7,16.745,39.5,27.757127575692188,22.755,0.00039362111469671575,0.026966780676237038,0.23881975286926696,0.23467218474610022,45.17805322705442,0.004309586631486367,0.006376429199648197,False
c:\Users\User\Desktop\Project_repos\tsvalidation\tsvalidation\experiments\datasets/processed_data\room_occupancy_data.csv,2,167.6768898632845,0.0,0.0,1697.25,54742.59768109478,1697.25,-0.004588876898700467,0.07456269019447088,0.3445319027307506,0.35624743245873586,11.155654710182365,0.004485488126649077,0.001759014951627089,False
c:\Users\User\Desktop\Project_repos\tsvalidation\tsvalidation\experiments\datasets/processed_data\room_occupancy_data.csv,3,708.7532368639818,586.666666666667,412.75,2076.5,92062.74343037211,1663.75,0.011304306464838418,0.06372637783320297,0.36374829602919834,0.337315972924051,18.0130716462373,0.003518029903254178,0.004089709762532982,False
c:\Users\User\Desktop\Project_repos\tsvalidation\tsvalidation\experiments\datasets/processed_data\room_occupancy_data.csv,4,0.004346906725019744,0.0043977581920906,0.002674126913904,0.0064760132367102,6.741661216186914e-07,0.0038018863228062,5.2980112251980805e-08,0.028778693355707437,0.2553537663251396,0.26034152797381954,40.774769882192636,0.006464379947229552,0.0053210202286719435,False
c:\Users\User\Desktop\Project_repos\tsvalidation\tsvalidation\experiments\datasets/processed_data\room_occupancy_data.csv,5,0.3047799129325887,0.0,0.0,1.0,0.21188911760535942,1.0,-6.626638480339128e-06,0.10641741008174896,0.42016621960335954,0.3999036600533802,6.501253944518899,0.005013192612137203,0.005013192612137203,False
c:\Users\User\Desktop\Project_repos\tsvalidation\tsvalidation\experiments\datasets/processed_data\taxi_data_15052024.csv,0,15137.569379844961,16778.0,8.0,39197.0,48151935.73278343,39189.0,-0.04214534245286769,0.07878314106714847,0.3572674418604651,0.3261822471812366,4.126675055701509,0.07723616629518364,0.10243240624091482,False
c:\Users\User\Desktop\Project_repos\tsvalidation\tsvalidation\experiments\datasets/processed_data\torque_characteristics_15052024.csv,0,2.91946996875,2.890625,-1.5,7.25,3.9734834672919277,8.75,2.7746055667318845e-06,0.09869681416094717,0.32517799999999997,0.04986368378535446,11.32207705546234,0.016024032048064095,0.01898003796007592,False
c:\Users\User\Desktop\Project_repos\tsvalidation\tsvalidation\experiments\datasets/processed_data\torque_characteristics_15052024.csv,1,1.17760584375,1.15625,-3.234375,5.5625,3.8013793883861315,8.796875,-2.0720710672357906e-07,0.10146516252361513,0.32739799999999997,0.05050220304206679,10.947769545953735,0.018376036752073503,0.0220500441000882,False
c:\Users\User\Desktop\Project_repos\tsvalidation\tsvalidation\experiments\datasets/processed_data\torque_characteristics_15052024.csv,2,1.86917409375,1.875,-2.75,6.390625,3.8157096979773875,9.140625,-3.2938316077489445e-06,0.10044444712524683,0.326034,0.05208713881068823,10.6889150162014,0.01777203554407109,0.02125204250408501,False
c:\Users\User\Desktop\Project_repos\tsvalidation\tsvalidation\experiments\datasets/processed_data\torque_characteristics_15052024.csv,3,-0.6146419846647401,-0.6145833,-87.5,85.46877,42.64680299656565,172.96877,-2.406038713062044e-06,0.14456912603626454,0.35082399999999997,0.5127557632789042,1.3390417287239347,0.05926011852023704,0.061328122656245314,False
c:\Users\User\Desktop\Project_repos\tsvalidation\tsvalidation\experiments\datasets/processed_data\torque_characteristics_15052024.csv,4,-0.37309112806703987,-0.375,-84.07294,82.66666,44.10834731023035,166.7396,-6.573143692707259e-07,0.14384009509023804,0.350166,0.514006410651459,1.3441044464281326,0.05339210678421357,0.05919211838423677,False
c:\Users\User\Desktop\Project_repos\tsvalidation\tsvalidation\experiments\datasets/processed_data\torque_characteristics_15052024.csv,5,0.9877331123958198,0.9479167,-81.77087,88.35416,44.12532810770687,170.12502999999998,3.0633530699706228e-06,0.14394886114006908,0.350388,0.517973741097619,1.3426802862555032,0.03965207930415861,0.043966087932175865,False
c:\Users\User\Desktop\Project_repos\tsvalidation\tsvalidation\experiments\datasets/processed_data\torque_characteristics_15052024.csv,6,294.0662927996,294.0674,292.7666,295.3419,0.11703226161532097,2.575300000000027,-5.180481723612901e-10,0.00040573602163751564,0.0,0.3070476048534701,41.118857563456146,0.00856001712003424,0.008750017500035,False
c:\Users\User\Desktop\Project_repos\tsvalidation\tsvalidation\experiments\datasets/processed_data\torque_characteristics_15052024.csv,7,-0.02593234049934091,0.01728939,-3.141586,3.141585,3.269268371117905,6.283171,1.4637570526520895e-06,0.05272965810237664,0.332304,0.1354264613045364,117.48185498365395,1.2000024000048e-05,1.2000024000048e-05,False
c:\Users\User\Desktop\Project_repos\tsvalidation\tsvalidation\experiments\datasets/processed_data\traffic_17052024.csv,0,45.05290570175438,40.0,5.0,156.0,529.3476669954912,151.0,0.003809754691143744,0.11836491143646496,0.43277138157894735,0.34094467683943486,3.6764138557628145,0.07203070385854293,0.09512713316427936,True
c:\Users\User\Desktop\Project_repos\tsvalidation\tsvalidation\experiments\datasets/processed_data\traffic_17052024.csv,1,14.253220942982455,13.0,1.0,48.0,54.775585842631585,47.0,0.0011630210418028598,0.16529763628359315,0.45874451754385964,0.4050781737907872,2.4899141182571816,0.12631073949695018,0.1770269344116236,False
c:\Users\User\Desktop\Project_repos\tsvalidation\tsvalidation\experiments\datasets/processed_data\traffic_17052024.csv,2,13.694010416666666,11.0,1.0,180.0,108.90273824769534,179.0,0.0007725622288921156,0.1524029455791927,0.44140625,0.6575051190340429,1.7883151796817385,0.12946336782948392,0.18237269549722432,False
c:\Users\User\Desktop\Project_repos\tsvalidation\tsvalidation\experiments\datasets/processed_data\US_energy_generation_data.csv,0,542.0627450980393,536.0,412.0,725.0,3354.341161091888,313.0,-0.2126874421028238,0.06482438824534556,0.37254901960784315,0.5894543067822182,1.2005255484261856,0.24015748031496062,0.2559055118110236,False
c:\Users\User\Desktop\Project_repos\tsvalidation\tsvalidation\experiments\datasets/processed_data\US_energy_generation_data.csv,1,6767.61568627451,6565.0,3224.0,10857.0,2082330.8875970782,7633.0,-3.6133735236220255,0.06988760989220863,0.36470588235294116,0.5370159010557503,1.6226768197909207,0.16535433070866143,0.20078740157480315,False
c:\Users\User\Desktop\Project_repos\tsvalidation\tsvalidation\experiments\datasets/processed_data\US_energy_generation_data.csv,2,2870.4470588235295,2980.0,757.0,4822.0,766363.2746482125,4065.0,-8.886310213061597,0.08918223383579255,0.40784313725490196,0.4646252337857105,1.816556892617204,0.12992125984251968,0.1732283464566929,False
c:\Users\User\Desktop\Project_repos\tsvalidation\tsvalidation\experiments\datasets/processed_data\US_energy_generation_data.csv,3,49.4078431372549,45.0,32.0,83.0,175.2611149557863,51.0,0.09901936660490977,0.08905871053602706,0.4156862745098039,0.5076714803926604,1.6022137002185541,0.1732283464566929,0.20078740157480315,False
c:\Users\User\Desktop\Project_repos\tsvalidation\tsvalidation\experiments\datasets/processed_data\US_energy_generation_data.csv,4,429.0509803921569,430.0,280.0,541.0,2017.6875970780459,261.0,-0.061630094951365004,0.0716156411702729,0.40784313725490196,0.7596188725808114,1.0842828282746448,0.30708661417322836,0.31496062992125984,False
