Field,series,Mean,Median,Min,Max,Variance,P2P_amplitude,Trend_slope,Spectral_centroid,Spectral_rolloff,Spectral_entropy,Strength_of_trend,Mean_crossing_rate,Median_crossing_rate,is_stationary
,aire_discharge_environment_data_0,3.236645646015032,0.7542637145,0.0,43.5818064,31.35014053341882,43.5818064,0.0011336784647083,0.2109159002043719,0.4667721518987341,0.9103869542403809,0.8477877894217916,0.2866191607284243,0.3072050673000792,True
,aire_discharge_environment_data_1,3.5451695786261865,0.7722382685,0.0,51.70369929,37.47001693413934,51.70369929,0.0012332846792744,0.2118435650181334,0.4667721518987341,0.911376495119987,0.842911173224811,0.3024544734758511,0.3064133016627078,True
,aire_discharge_environment_data_2,19.092943037974685,11.05,3.3,192.0,454.0311513068815,188.7,0.008201684717394,0.1396878563178406,0.430379746835443,0.7384862231720088,1.671501874139503,0.0807600950118764,0.063341250989707,True
,aire_discharge_environment_data_3,8.188431170886076,4.16,0.515,85.3,119.9358360000094,84.785,0.0041337160395349,0.1355181203055676,0.425632911392405,0.744166273431734,1.727199979331289,0.0902612826603325,0.0673000791765637,True
,aire_discharge_environment_data_4,0.8855973101265823,0.5774999999999999,-0.179,4.286,0.8136212943282063,4.465,0.0003070543448253,0.1303853284022793,0.423259493670886,0.6876932208200843,1.9059777217617857,0.0902612826603325,0.068091844813935,True
,aire_discharge_environment_data_5,0.5647784810126583,0.444,0.083,3.104,0.1802837341571863,3.021,0.0001622565891107,0.125963997703095,0.4121835443037974,0.7123291483022615,1.841917856958809,0.0839271575613618,0.0696753760886777,True
,aire_discharge_environment_data_6,1.6071352848101266,1.561,1.428,2.367,0.0236059555904252,0.939,5.656834008613791e-05,0.0677845329599134,0.3560126582278481,0.6740371630613878,2.0291995548429025,0.0855106888361045,0.0641330166270783,False
,aire_discharge_weather_data_0,7.357990506329114,7.0,2.6,14.7,5.152309569530131,12.1,-7.09169392409062e-05,0.1155944584266458,0.4153481012658228,0.5202504561902754,1.979164565105961,0.1448931116389548,0.1718131433095803,False
,aire_discharge_weather_data_1,78.97943037974683,78.8,44.7,101.2,87.80244081477335,56.5,0.0005280267090473,0.1127280279002209,0.4311708860759493,0.7693455015411439,1.2025501190866532,0.2596991290577989,0.2628661916072842,True
,aire_discharge_weather_data_2,9.493591772151898,8.9,-4.5,24.0,26.24653330170444,28.5,-0.0002221744014844,0.1133054521137723,0.4050632911392405,0.4633003266184993,2.5048805750609486,0.1053048297703879,0.1330166270783848,False
,aire_discharge_weather_data_3,1007.1609177215188,1008.55,963.9,1038.2,149.17910548690128,74.30000000000007,0.0006077988697402,0.0176086928690666,0.1305379746835443,0.7830134755160065,1.6800916143624154,0.1678543151227236,0.1821060965954077,True
,aire_discharge_weather_data_4,1.6534810126582278,1.3,0.1,5.5,1.479671426854674,5.4,-0.0001001428838483,0.1607363218411598,0.4564873417721519,0.5110987096711258,1.6604069573747653,0.1425178147268408,0.1559778305621536,False
,aire_discharge_weather_data_5,4.263212025316456,3.0,-4.7,17.9,26.057088100614894,22.6,-0.0003879264395966,0.1678382139464336,0.4636075949367088,0.4404645451077383,1.8334035793054877,0.1179730799683293,0.1029295328582739,False
,aire_discharge_weather_data_6,29.28639240506329,30.7,13.3,45.0,44.02600154222079,31.7,0.0028329275073928,0.0682134319832208,0.3718354430379746,0.4440223133042238,3.959728512662709,0.0546318289786223,0.0617577197149643,False
,aire_discharge_weather_data_7,10.102294303797468,9.0,0.0,26.0,33.3241798627524,26.0,-0.0001854914126486,0.0748399557433653,0.3465189873417721,0.2966041227284547,5.587433683356263,0.0332541567695962,0.0395882818685669,False
,aire_discharge_weather_data_8,3.4093354430379743,3.1,0.8,9.3,2.262222976085571,8.5,0.0001220003215867,0.1657251974265233,0.4477848101265823,0.861605937806867,1.0504869711388551,0.2866191607284243,0.3167062549485352,True
,aire_discharge_weather_data_9,2.2637658227848103,0.2,0.0,41.0,20.521661767945883,41.0,0.0008538762784883,0.2197432185507427,0.4643987341772151,0.9211318005598296,0.8049234521132022,0.2818685669041963,0.3871733966745843,True
,aire_discharge_weather_data_10,4.686708860759493,1.2,0.0,85.2,61.29355752283296,85.2,0.001011392559558,0.2167349148965037,0.4636075949367088,0.9198297417239664,0.8102255317585495,0.3159144893111639,0.3238321456848773,True
,aire_discharge_weather_data_11,2.717088607594937,0.4,0.0,40.6,27.73413835923718,40.6,0.0009309495352501,0.2150125915051225,0.4675632911392405,0.917062641447736,0.828508457620189,0.2897862232779097,0.3523357086302454,True
,aire_discharge_weather_data_12,2.2528481012658226,0.2,0.0,43.4,19.558599483255765,43.4,0.0007125355946923,0.21720341571188,0.4651898734177215,0.9168346918424968,0.8194964591005033,0.2723673792557403,0.3855898653998416,True
,aire_discharge_weather_data_13,3.0561708860759493,0.4,0.0,74.6,35.74807900877264,74.6,0.001425868025618,0.220733876495629,0.4667721518987341,0.918997385259455,0.8020380232675655,0.2874109263657957,0.3562945368171021,True
,aire_discharge_weather_data_14,2.890981012658228,0.4,0.0,40.8,28.90776675913312,40.8,0.0010922747053993,0.2168392369315049,0.4699367088607595,0.917856835063565,0.8210661411516044,0.2818685669041963,0.3531274742676167,True
,aire_discharge_weather_data_15,3.4348101265822786,0.4,0.0,50.4,39.68600344496028,50.4,0.0009495792217435,0.2081478220639334,0.4667721518987341,0.9076184785922792,0.862498720831012,0.2755344418052256,0.3380839271575613,True
,air_quality_Rajamahendravaram_0,34.59719581164707,24.5,0.25,723.0,951.077085638868,722.75,-7.479469707067703e-05,0.1267323754349226,0.4145526822671202,0.5175210379482126,3.132567666170306,0.045408905555214,0.0589332185815864,False
,air_quality_Rajamahendravaram_1,71.46679050038932,59.5,0.25,835.5,2343.8562990860414,835.25,-9.294730084480758e-05,0.1280613039891097,0.4138764804721118,0.5501669468081734,2.883570138120943,0.0590971496485727,0.0664125735128378,False
,air_quality_Rajamahendravaram_2,2.506646858735298,1.9,0.03,216.17,24.93790174361748,216.14,-3.5145049428824284e-05,0.2317678002895786,0.4699397565673538,0.7845821817988982,0.741305352458286,0.1965943320833589,0.2693592344419172,False
,air_quality_Rajamahendravaram_3,15.419984631777387,12.85,0.1,166.25,112.30362545978748,166.15,-0.0001722447913518,0.1433742673729753,0.4311093807630834,0.6306845822402752,2.056421216541469,0.1279891805495789,0.1307145345382266,False
,air_quality_Rajamahendravaram_4,10.177941477808288,8.62,0.0,166.0,51.54160721693491,166.0,-0.0001189102734565,0.1826342123590348,0.4583828531617557,0.7224311125657058,1.14466961733059,0.1493821847912952,0.1528042458146349,False
,air_quality_Rajamahendravaram_5,13.5638340641777,11.85,0.1,118.25,73.91853198041639,118.15,-0.0002276036276561,0.1274374275606488,0.4206999713126511,0.5887092855234498,2.675644667815772,0.101637261531526,0.1052642363885986,False
,air_quality_Rajamahendravaram_6,8.43268144748166,7.25,0.1,183.3,37.492753340147175,183.2,-9.537870155285192e-05,0.1479907452825846,0.435187082496619,0.7402121113800265,1.8057684233535525,0.108952685395791,0.1154074711583779,False
,air_quality_Rajamahendravaram_7,0.6852292938813984,0.62,0.0,18.69,0.1931191443834369,18.69,-4.651773775789399e-06,0.1862854705153426,0.4568460309003729,0.7921803884598738,1.1836825028738305,0.1830290362902399,0.198848384254421,False
,air_quality_Rajamahendravaram_8,41.18330109421745,33.83,0.2,198.4,1066.5095967336406,198.2,-0.0011526109896662,0.1361030260480893,0.4409245522724478,0.4700929194318865,2.975998507878008,0.0744042130284215,0.076125489231778,False
,air_quality_Rajamahendravaram_9,0.5681916724724397,0.35,0.0,50.9,0.6298633645156506,50.9,1.6846935251666454e-05,0.2059178501346733,0.4626449735666571,0.7050407796854385,1.0907214006243728,0.0847318702485604,0.0946906825679801,False
,air_quality_Rajamahendravaram_10,3.5121574935453466,2.1,0.0,276.57,31.46881228919845,276.57,9.519226674577385e-05,0.1712790562497655,0.4545305520265563,0.7133835892493385,1.53108873232385,0.088850638306592,0.0884408106391262,False
,air_quality_Rajamahendravaram_11,69.67183312159338,72.75,15.0,100.0,221.0410205321361,85.0,-7.004730415526147e-05,0.0991194674423605,0.3861522068767674,0.4628215662478919,3.2931489039769275,0.0820270076432859,0.0883178623388865,False
,air_quality_Rajamahendravaram_12,2.769875414942011,2.55,0.2,45.9,2.636682108162195,45.7,-3.525892941379635e-06,0.140736851004447,0.4349411909347978,0.6871321451711648,2.0264750454073304,0.1420872523104034,0.149648572775148,False
,air_quality_Rajamahendravaram_13,184.36305991557725,187.67,45.33,326.0,4349.398364615462,280.67,6.07595475525026e-05,0.1515754180731657,0.4412933896151797,0.7151107745214264,1.7871789538395784,0.1277637753324726,0.1293006290854695,False
,air_quality_Rajamahendravaram_14,194.67781197491905,116.5,0.0,455.75,36811.93096567723,455.75,-0.0001242040383416,0.1382082674319029,0.4322568747182492,0.2502626734986649,2.3575955355944025,0.0825597836109915,0.082662240527858,True
,air_quality_Rajamahendravaram_15,752.0515659194294,752.25,736.5,808.25,25.39180099037821,71.75,8.710940683675977e-06,0.0222133958517083,0.2050120896684562,0.3110198150811087,4.118156216143072,0.030224790475605,0.0376016884899899,False
,air_quality_Rajamahendravaram_16,0.0056403426089094,0.0,-0.28,15.0,0.0084228318366838,15.28,-7.220987023346847e-08,0.2313800211834702,0.4724601450760214,0.897985902113692,0.8650443011956086,0.148029753488658,0.233499313538657,False
,air_quality_Rajamahendravaram_17,28.02983053973198,28.27,4.5,45.85,20.7255319556286,41.35,-1.465476753264522e-05,0.0929723774396038,0.3840211466743166,0.4057160485369424,3.990571045767692,0.0632364090899776,0.0663101165959714,False
,air_quality_Rajamahendravaram_18,0.0380888078357444,0.0,0.0,42.2,0.1962077341729212,42.2,8.262004922690456e-07,0.2159490810184114,0.4665382566288267,0.9479208889036782,0.8607495017949923,0.0476219749595295,0.0476629577262761,False
,air_quality_Rajamahendravaram_19,0.7256747674275645,0.33,0.0,64.02,1.6593979310256697,64.02,1.3472080621027872e-05,0.1610497855829323,0.4467849678291873,0.7022636259819577,1.6374620411159615,0.0988914161595049,0.131657138173398,False
,covid19_0,9.111374407582938,3.0,-1.0,101.0,289.6961265470222,102.0,0.0030769909399822,0.1424286232734952,0.4609004739336493,0.4652538325244354,2.498247783108332,0.1115065243179122,0.2882562277580071,False
,covid19_1,4.14218009478673,3.0,0.0,21.0,22.228599986523346,21.0,0.0011811166247628,0.1400311753932936,0.4514218009478673,0.455616122144293,2.315175004888165,0.1494661921708185,0.2135231316725978,False
,covid19_2,8.145734597156398,7.0,0.0,49.0,57.932552896385744,49.0,0.0012014056834713,0.126472162034531,0.4490521327014218,0.4813475482374121,2.53494195328963,0.1423487544483986,0.199288256227758,False
,covid19_3,0.1812796208530805,0.0,0.0,6.0,0.3048154241818505,6.0,-0.0003099645225898,0.2354448690927136,0.4680094786729858,0.8854753475364117,0.7624665870598729,0.1850533807829181,0.1850533807829181,True
,covid19_4,2.248815165876777,1.0,0.0,26.0,10.338564946879025,26.0,0.0028931020094551,0.1930640095761238,0.4680094786729858,0.62647336283978,1.2153954497843704,0.1969157769869513,0.295373665480427,False
,covid19_5,0.0094786729857819,0.0,0.0,1.0,0.0093888277442105,1.0,4.486945792086151e-05,0.2502924892075158,0.4845971563981043,0.931512957455983,0.7033300545871947,0.0189798339264531,0.0189798339264531,False
,covid19_6,0.1611374407582938,0.0,0.0,12.0,0.6683475213943914,12.0,0.0004205314096684,0.2436839920324827,0.4727488151658768,0.9180032494531092,0.727685696861293,0.1209964412811387,0.1209964412811387,False
,covid19_7,152.521327014218,103.5,0.0,791.0,25569.26139349968,791.0,0.0317391735217504,0.1540427727609776,0.4561611374407583,0.4310931055437321,1.8237218386451024,0.132858837485172,0.092526690391459,False
,covid19_8,10.216824644549764,6.0,0.0,70.0,130.93047522517452,70.0,0.010633073520942,0.1528954212034335,0.4585308056872038,0.4668834531964589,2.0616484061277887,0.1115065243179122,0.1720047449584816,False
,covid19_9,0.2511848341232227,0.0,0.0,13.0,0.609891961097014,13.0,0.0003040265049157,0.2395021962075866,0.4739336492890995,0.917202491477157,0.7287897528436946,0.2538552787663108,0.2538552787663108,False
,covid19_10,9.209715639810426,1.0,0.0,142.0,309.6420383077646,142.0,0.0395745525104891,0.1520806768937142,0.4644549763033175,0.5095223588253531,2.0180506768487634,0.0889679715302491,0.1316725978647686,False
,covid19_11,21.68601895734597,12.0,0.0,239.0,830.1016528716777,239.0,0.0200446419170755,0.1563840364421131,0.4419431279620853,0.4756502627312356,1.8727812585487893,0.1257413997627521,0.1269276393831554,False
,covid19_12,11.503554502369669,7.0,0.0,47.0,147.80448973518085,47.0,0.0160748325953059,0.1167004950619759,0.4561611374407583,0.4054299193492155,3.448403664465547,0.066429418742586,0.0948991696322657,False
,covid19_13,0.9478672985781992,0.0,0.0,35.0,9.210552323622574,35.0,0.0017582121037957,0.2406816955723279,0.4751184834123223,0.8928989112713104,0.7433924681967486,0.2918149466192171,0.2918149466192171,False
,covid19_14,1.7523696682464456,0.0,0.0,29.0,13.46830007187608,29.0,0.0002547359682895,0.1553645617842341,0.4620853080568721,0.5609875074335179,1.890730486020781,0.1755634638196915,0.2277580071174377,False
,covid19_15,34.50947867298578,20.0,0.0,264.0,2528.5532276903105,264.0,0.0195982327261818,0.0866043180920191,0.4241706161137441,0.38204338618189,5.741317083645619,0.1209964412811387,0.0984578884934756,False
,covid19_16,0.5118483412322274,0.0,0.0,24.0,2.133745872734224,24.0,0.002054134961062,0.224761488526824,0.4691943127962085,0.8422007952984749,0.8542332493523555,0.1791221826809015,0.1791221826809015,False
,covid19_17,8.26777251184834,9.0,0.0,22.0,23.2387244221824,22.0,0.0142752140455774,0.1201723891697726,0.4514218009478673,0.2726805175611503,3.051383243119388,0.0521945432977461,0.1352313167259786,False
,covid19_18,37.45616113744076,20.0,-39.0,324.0,2791.778883841319,363.0,-0.0492320446570865,0.0875045606514483,0.4218009478672986,0.4390654144639143,5.097328551989459,0.0830367734282325,0.0948991696322657,True
,covid19_19,0.7997630331753555,0.0,0.0,16.0,3.2430805125671283,16.0,0.0010048423286649,0.2250590736205313,0.4656398104265403,0.8138372675220638,0.8508957495147327,0.2633451957295373,0.2633451957295373,False
,covid19_20,0.1919431279620853,0.0,0.0,9.0,0.7143426697513429,9.0,-1.9859924658032624e-05,0.2501406362819089,0.481042654028436,0.9183730818495166,0.7113663165474756,0.1352313167259786,0.1352313167259786,False
,covid19_21,0.1575829383886255,0.0,0.0,10.0,0.5806178544956274,10.0,0.0004542134426939,0.2526896511979128,0.4691943127962085,0.878447572688837,0.6996142955857253,0.1447212336892052,0.1447212336892052,True
,covid19_22,0.0236966824644549,0.0,0.0,2.0,0.0278744861975248,2.0,0.0001398178615372,0.2392709074790776,0.4739336492890995,0.9189075415083636,0.7479839379274559,0.0355871886120996,0.0355871886120996,False
,covid19_23,25.997630331753555,16.0,0.0,136.0,781.630326138228,136.0,-0.0144818770203606,0.1414979837755862,0.4549763033175356,0.4432819979795547,2.2331385649732134,0.0972716488730723,0.1245551601423487,False
,covid19_24,18.69312796208531,10.0,0.0,165.0,531.9449290784131,165.0,0.0224009072093422,0.1970496749931725,0.4632701421800948,0.6206539075837548,1.1663127105291369,0.1470937129300118,0.1447212336892052,False
,covid19_25,3.186018957345972,0.0,0.0,141.0,142.6869609285489,141.0,0.0057199077980543,0.2458708938812874,0.4514218009478673,0.7028823940457163,0.6845703269348846,0.232502965599051,0.3274021352313167,False
,covid19_26,787.8199052132701,614.5,0.0,4211.0,584234.3538217917,4211.0,-0.0463154999526452,0.1266419886353494,0.4289099526066351,0.3631065594905974,2.0179660732993248,0.1304863582443653,0.1494661921708185,False
,covid19_27,0.0722748815165876,0.0,0.0,7.0,0.3111270524022344,7.0,0.0002465325220238,0.2305530991392365,0.4680094786729858,0.9183575251041084,0.7703201075580538,0.0379596678529062,0.0379596678529062,True
,covid19_28,0.259478672985782,0.0,0.0,9.0,0.7158461737157719,9.0,0.0012280918334892,0.2111633563690367,0.4727488151658768,0.7459415457980239,1.0217847497757175,0.0972716488730723,0.0972716488730723,False
,covid19_29,43.89099526066351,21.0,0.0,334.0,2863.9478336066104,334.0,0.0806905345702906,0.1738699379999749,0.4431279620853081,0.5264069363239263,1.2475443009805276,0.1376037959667853,0.0984578884934756,False
,DailyDelhiClimate_0,25.22782803311204,27.166666666666668,6.0,38.71428571428572,53.89418029894321,32.71428571428572,0.0009338334545623,0.0810914475442061,0.3993650793650793,0.3121957435356795,4.35781086846733,0.0349428208386277,0.048284625158831,True
,DailyDelhiClimate_1,60.42908659952917,62.38095238095238,13.428571428571429,100.0,287.9095376511815,86.57142857142857,-0.0029957617238252,0.1122710482763902,0.4247619047619048,0.5838532370114947,2.0657423918744406,0.1365946632782719,0.1340533672172808,True
,DailyDelhiClimate_2,6.901900350938872,6.369999999999998,0.0,42.22,20.33566398791605,42.22,0.0001492541724448,0.1905246420905783,0.4571428571428571,0.8654685414634123,0.9457119678419568,0.306861499364676,0.3062261753494282,False
,DailyDelhiClimate_3,1011.1973643220332,1009.1111111111112,-3.0416666666666665,7679.333333333333,30134.700874295428,7682.375,0.004993976666808,0.1924556654675343,0.4679365079365079,0.990619400128045,0.7080078453366133,0.0476493011435832,0.0527318932655654,True
,ecg_alcohol_0,4.11353515625,4.751,-13.316,19.887,44.81915705345151,33.203,0.0320015138618677,0.0957222119437085,0.32421875,0.6081370580629212,2.154345164140867,0.1372549019607843,0.1764705882352941,False
,euro-daily-hist_1999_2024_0,1.579927904155293,1.6006,1.1639,2.0735,0.021641187956572,0.9096000000000002,-2.62010160287186e-05,0.0288919669092628,0.2226266302699423,0.2859778394172445,13.967185613508956,0.0215379948430153,0.0229030790232064,False
,euro-daily-hist_1999_2024_1,1.4655858356081286,1.4635,1.2139,1.8123,0.0091643941427124,0.5984,-7.427831878161882e-06,0.02876001586696,0.2256596906278435,0.362917798975878,10.856395556399285,0.02457151524344,0.023964811163355,False
,euro-daily-hist_1999_2024_2,1.3155948437973917,1.237,0.926,1.6803,0.0506510313079599,0.7542999999999999,-0.0001081704546526,0.0283083318543312,0.2186836518046709,0.1587667724239706,45.188827804818885,0.001971788260276,0.0059153647808281,False
,euro-daily-hist_1999_2024_3,27.94886199575372,27.021,22.968,38.583,12.560762590903153,15.614999999999998,-0.0014967771739043,0.0235726425739449,0.1798604792235365,0.2479266078553901,36.27282954158998,0.0040952525405733,0.0147125739420597,False
,euro-daily-hist_1999_2024_4,7.448300151653018,7.4481,7.4234,7.4732,0.0001258992326127,0.0498000000000002,1.1261441441060571e-06,0.0009804236575566,0.0,0.3865166660747834,10.120074134789167,0.0148642499620809,0.016836038222357,False
,euro-daily-hist_1999_2024_5,0.779904253867152,0.81475,0.5711,0.97855,0.0098191142558354,0.40745,4.285547828329172e-05,0.023253631373778,0.1774340309372156,0.2079569755286661,25.30594125025711,0.0056120127407856,0.0022751403003185,False
,euro-daily-hist_1999_2024_6,9.240694009705791,9.1801,6.4361,12.4702,1.464571787699943,6.0341000000000005,5.412049091252989e-05,0.0245782390868678,0.1894146193509251,0.1998107972692504,22.349495040884165,0.0112240254815713,0.014257545881996,False
,euro-daily-hist_1999_2024_7,293.88010312405214,284.725,228.16,430.65,1941.3022067530928,202.49,0.021167991948327,0.0306302428545616,0.2341522596299666,0.2152586111437513,27.4470987422344,0.0077354770210829,0.007128772940998,False
,euro-daily-hist_1999_2024_8,13186.315959963604,13530.675,6707.81,18239.61,8173209.154069787,11531.8,1.37391735755906,0.0341335899887598,0.2544737640279041,0.2277731961291956,28.933438839134254,0.0031851964204459,0.0031851964204459,False
,euro-daily-hist_1999_2024_9,128.97823020928118,129.515,89.3,169.75,264.1768342503097,80.45,0.0020017013932271,0.0291358933653063,0.2267212617531089,0.2739988832596395,18.081895724848845,0.023964811163355,0.0218413468830577,False
,euro-daily-hist_1999_2024_10,1353.155873521383,1337.485,938.67,1993.95,25105.60580230809,1055.2800000000002,0.0195846766019152,0.0298407561405421,0.2294510160752199,0.2678535400965327,15.828971763279762,0.0212346428029728,0.0257849234036098,False
,euro-daily-hist_1999_2024_11,16.754043099787687,17.01115,7.6238,27.0896,21.411203124251006,19.4658,0.0022025535079882,0.0324976660605648,0.2497725204731574,0.1616376166838099,31.041060273349885,0.0128924617018049,0.0128924617018049,False
,euro-daily-hist_1999_2024_12,4.441959736123749,4.5883,3.1551,5.1857,0.2205135175371451,2.0306,0.0001426756738924,0.0248372095315467,0.1913861085835608,0.2468429635254418,18.80821338467108,0.0100106173214014,0.0201729106628242,False
,euro-daily-hist_1999_2024_13,8.761128222626631,8.281,7.2225,12.3165,1.201416043936575,5.093999999999999,0.0004509568388882,0.0267761811988619,0.2076129814983318,0.2270792865418721,23.75919970646215,0.0069770969209767,0.0163810101622933,False
,euro-daily-hist_1999_2024_14,1.8121526387625115,1.7678,1.3884,2.5535,0.0395842193629188,1.1651,-6.887072005851837e-05,0.0303492473001792,0.232484076433121,0.2423551009932156,15.702642763497009,0.0107689974215076,0.0169877142423782,False
,euro-daily-hist_1999_2024_15,57.5436457385502,58.5475,36.836,76.758,59.170481467158766,39.922,0.0008893726596361,0.0270261102161176,0.210797694874128,0.2704701364652004,21.722422971508557,0.0128924617018049,0.016836038222357,False
,euro-daily-hist_1999_2024_16,4.181893842887473,4.20185,3.2053,4.9525,0.0951627046299699,1.7472,8.718029758365718e-05,0.0241483928003429,0.1850166818319684,0.3138779040139802,13.664818843734462,0.0295768239041407,0.021993022903079,False
,euro-daily-hist_1999_2024_17,4.006621747042766,4.30265,1.2912,4.9783,0.7737137828603963,3.6871,0.0004107704653122,0.0382063023122276,0.2772217167121625,0.2656179054894062,61.49995696878683,0.0016684362202335,0.0043986045806158,False
,euro-daily-hist_1999_2024_18,9.580160646041856,9.325,8.055,11.9872,0.6087920338819601,3.9322,0.0002850741937282,0.0223748452099559,0.1695480740066727,0.2755338941548128,19.73192988809181,0.0098589413013802,0.021993022903079,False
,euro-daily-hist_1999_2024_19,1.7288773278738248,1.64335,1.3838,2.2323,0.0484287468760263,0.8485,-7.056303053952623e-05,0.0255254601790673,0.1980588413709433,0.1615687913847189,26.780454588233503,0.011679053541635,0.0098589413013802,False
,euro-daily-hist_1999_2024_20,41.47551995753716,40.03235,33.204,53.536,22.11322184192796,20.332,-0.0013048057925452,0.0256834714467527,0.2004852896572642,0.1929933150551701,18.87363198971721,0.0095555892613377,0.0141058698619748,False
,euro-daily-hist_1999_2024_21,4.83394881710646,2.28705,0.3701,35.1825,42.20234407798543,34.8124,0.0024028959367929,0.0638578157570934,0.3583560812860176,0.330105829532741,63.371159752283006,0.0004550280600637,0.0025784923403609,False
,euro-daily-hist_1999_2024_22,1.1872310433727633,1.1787,0.8252,1.599,0.0245592789771642,0.7737999999999999,6.462746982983191e-06,0.0248341385422809,0.1918410676372459,0.1972037736610148,22.31399846162968,0.0084938571211891,0.0138025178219323,False
,euro-daily-hist_1999_2024_23,12.29995671822869,11.3617,6.0785,21.1567,16.740034568842507,15.0782,0.0020269308630135,0.0419024684587351,0.2931452835911434,0.2293224078432839,33.77474600456072,0.0031851964204459,0.0062187168208706,False
,forest_fires_Rio_Janeiro_0,48.96652719665272,16.0,0.0,728.0,7909.312687102816,728.0,0.3622850813965754,0.2015586686522041,0.4435146443514643,0.7458998898619161,0.918174291901619,0.1848739495798319,0.2478991596638655,False
,jena_climate_data_0,989.2187783529166,989.59,913.6,1015.35,69.85127081702437,101.75,7.042207427642961e-06,0.0064777539449244,0.0090810137653053,0.50248245381837,52.83834821032435,0.0036457231674537,0.0042161101036915,False
,jena_climate_data_1,9.44357988250057,9.42,-23.01,37.28,70.82913717018042,60.290000000000006,7.651234223836868e-06,0.0445485882282505,0.2567210434253555,0.2262997071620248,33.9346536063106,0.0061173998911511,0.0065000344608773,False
,jena_climate_data_2,283.48566019754355,283.45,250.6,311.34,72.2005458186039,60.73999999999998,7.1032293202191084e-06,0.0207854665099037,0.1409232641265495,0.2344472865780233,33.90747572450864,0.0066355013582338,0.0069563440098676,False
,jena_climate_data_3,4.957595325690167,5.23,-25.01,23.11,45.26389373959974,48.120000000000005,7.175940711693016e-06,0.0503182220802152,0.2968143965320556,0.2345822952782659,35.249686649761045,0.0059130112389992,0.0059486604225141,False
,jena_climate_data_4,76.04313685926687,79.3,12.95,100.0,270.92500334047827,87.05,-1.2863756108770244e-06,0.0543834308282967,0.2847958970263898,0.4432171196468802,13.594024568599856,0.0186682891006186,0.0217174825972569,False
,jena_climate_data_5,13.56747331070804,11.82,0.95,63.77,59.75412256171841,62.82,5.533539456594763e-06,0.0477186735085289,0.2714464978325347,0.2689253664507718,26.68659356019909,0.0068446432348544,0.0068589029082603,False
,jena_climate_data_6,9.534043962468626,8.87,0.79,28.32,17.485982949305086,27.53,3.7742529802291873e-06,0.0526931363878264,0.3046928473648186,0.2381704137752778,29.35099094113543,0.0058179467496262,0.0061886982581808,False
,jena_climate_data_7,4.033346475967753,2.18,0.0,46.01,23.90507072676482,46.01,1.7592882831234614e-06,0.055629492519774,0.2917379648642482,0.4007830548087036,16.006025297286342,0.0132044575739067,0.0175774240850637,False
,jena_climate_data_8,6.022553188455397,5.6,0.5,18.13,7.0465062288715785,17.63,2.353455417771098e-06,0.0526371983609945,0.3046025363145486,0.2402634790480879,29.276332729885542,0.0057038693623787,0.0063954635225671,False
,jena_climate_data_9,9.640453979390069,8.97,0.8,28.82,17.91679886988024,28.02,3.756404850255583e-06,0.0525375987876067,0.3041509810631987,0.2399435633693649,29.35715073077369,0.0057228822602532,0.0060199587895438,False
,jena_climate_data_10,1216.096336080691,1213.86,1059.45,1393.54,1595.574256826268,334.0899999999999,-2.6968702408385077e-05,0.0202221908477624,0.1359181306563236,0.2679886154930367,36.465793717728346,0.0064548788284252,0.0068089940513395,False
,jena_climate_data_11,1.7007058521560583,1.76,-9999.0,28.49,4281.0452006541855,10027.49,-4.142299439685024e-06,0.1094654191454102,0.4164789147463685,0.8287070004453803,2.995223346670896,0.1108404413844241,0.1125040699484512,True
,jena_climate_data_12,3.053835938094152,2.96,-9999.0,23.5,4760.853423576551,10022.5,-4.647758761712415e-06,0.1072665250625455,0.4181663054224656,0.8204629131700479,3.1610242975545155,0.0982491497669731,0.104701651983164,True
,jena_climate_data_13,174.7192107764849,198.1,0.0,360.0,7505.737514959459,360.0,7.145703115700517e-06,0.1870685583118829,0.4621311506578446,0.8048914361771345,1.34212781271358,0.1267613667421637,0.1367003591061086,True
,kalimati_tarkari_dataset_0,124.42281066112842,105.0,55.0,290.0,1568.2610892272032,235.0,0.0204789914587138,0.0884291904686438,0.4108688127379716,0.4646821011365269,4.255892912585268,0.0294321329639889,0.0689058171745152,False
,kalimati_tarkari_dataset_1,101.38369678089305,115.0,52.5,305.0,789.8926694768168,252.5,0.0030258029687158,0.1048285921790712,0.4392523364485982,0.3737502063259639,3.649791223692452,0.0090027700831024,0.0159279778393351,False
,kalimati_tarkari_dataset_2,77.70941502249913,75.0,42.5,525.0,428.6702332680284,482.5,0.0122629216124917,0.1752269114975564,0.4707511249567325,0.6928769134823657,1.1598799890205262,0.0412049861495844,0.0699445983379501,True
,kalimati_tarkari_dataset_3,67.47144340602284,62.5,12.5,235.0,1231.237069602282,222.5,0.0097439795927945,0.1112869759354162,0.430944963655244,0.3333277773176035,3.6532661509497273,0.0623268698060941,0.0557479224376731,True
,kalimati_tarkari_dataset_4,39.556593977154726,37.5,10.0,85.0,124.25216230001216,75.0,0.0055800318042929,0.1154587257262952,0.4319833852544133,0.6314025695686865,2.1947450030640137,0.0976454293628808,0.1682825484764543,True
,kalimati_tarkari_dataset_5,49.30339217722396,45.0,11.0,245.0,557.6974132075665,234.0,0.0051190009912228,0.1063015608421742,0.4233298719280028,0.5269752770488214,3.214004399807256,0.049168975069252,0.08898891966759,True
,kalimati_tarkari_dataset_6,37.67410868812738,35.0,13.5,115.0,186.54254874692649,101.5,0.0076657384484045,0.1112727733116728,0.4278296988577362,0.5756730107756002,2.6637709117435,0.0699445983379501,0.1018005540166205,True
,kalimati_tarkari_dataset_7,27.36431291104188,23.5,5.5,97.5,207.9942231433454,92.0,0.0035332526575631,0.1001556469210093,0.4250605745932849,0.4508365455717218,3.962123563292375,0.0408587257617728,0.049168975069252,True
,kalimati_tarkari_dataset_8,75.8257182416061,67.5,12.5,275.0,965.6753198804658,262.5,0.006082619039635,0.1160163496275448,0.4312911041883004,0.5664872943169538,2.596243762739811,0.0869113573407202,0.1101108033240997,True
,kalimati_tarkari_dataset_9,62.43406022845275,55.0,13.5,195.0,999.6611936564362,181.5,0.0066877296178644,0.1022935268091956,0.4226375908618899,0.3519043746032694,4.234773191269565,0.0339335180055401,0.0526315789473684,True
,kalimati_tarkari_dataset_10,48.303911388023536,45.0,9.0,195.0,637.8955229495716,186.0,0.0082088984675814,0.1164275863563564,0.4340602284527518,0.453615406231075,3.1002266952757305,0.056786703601108,0.095567867036011,True
,kalimati_tarkari_dataset_11,248.51332641052267,235.0,42.5,425.0,3508.1220965500543,382.5,0.0454683284497787,0.0800280264040149,0.4157147802007615,0.2624497777310257,5.324310542937435,0.006578947368421,0.0124653739612188,False
,kalimati_tarkari_dataset_12,63.75874004845967,57.5,25.0,295.0,678.0586160656813,270.0,0.0111222068413319,0.1346052678611113,0.4444444444444445,0.654182992474036,1.892779300757996,0.0910664819944598,0.1416204986149584,True
,kalimati_tarkari_dataset_13,121.96053997923156,95.0,22.5,595.0,9016.207511788722,572.5,0.025216751560163,0.1295105021871103,0.4482519903080651,0.5440536490600755,2.548602043879714,0.0678670360110803,0.1343490304709141,True
,kalimati_tarkari_dataset_14,62.62737971616476,57.5,22.5,190.0,601.9552178139455,167.5,0.0098910550632784,0.1069286294270458,0.4271374177916234,0.544096343327454,3.008821365027957,0.0450138504155124,0.0661357340720221,True
,kalimati_tarkari_dataset_15,55.41588785046729,52.5,13.5,165.0,609.9247354612861,151.5,0.0130417679207103,0.1084037163191955,0.4278296988577362,0.5585245425596094,2.9847678129339976,0.0896814404432133,0.1132271468144044,False
,kalimati_tarkari_dataset_16,59.245413637937006,55.0,17.5,145.0,545.1806859573211,127.5,0.0104772582843034,0.1019884335504805,0.4191761855313257,0.6091745695479386,2.9630757633680083,0.0754847645429362,0.1346952908587257,True
,kalimati_tarkari_dataset_17,193.44461751471096,175.0,77.5,655.0,7801.145773209523,577.5,0.037801874605344,0.072373974564088,0.3973693319487712,0.31837453736222,7.552809189494376,0.0121191135734072,0.0200831024930747,False
,kalimati_tarkari_dataset_18,98.75077881619936,95.0,32.5,410.0,2340.0779026471646,377.5,0.0301607057182025,0.1074038853978369,0.4212530287296643,0.4587967084696241,3.388582667949634,0.0367036011080332,0.0754847645429362,True
,kalimati_tarkari_dataset_19,100.2502596053998,92.5,42.5,285.0,2222.10074846152,242.5,0.0041113302238514,0.0893374469552855,0.4209068881966079,0.3056806413738179,5.916810423685243,0.0155817174515235,0.010387811634349,False
,kalimati_tarkari_dataset_20,345.9944617514711,350.0,65.0,1475.0,31125.27411263013,1410.0,-0.1115305466838983,0.0942493229951506,0.4222914503288335,0.4079183538073716,4.3320301975260165,0.0110803324099723,0.0221606648199446,False
,kalimati_tarkari_dataset_21,140.2673935617861,125.0,32.5,400.0,3735.0379676266793,367.5,0.0296647872180293,0.1042768903790321,0.4274835583246799,0.3530582703371857,4.077784156940422,0.0380886426592797,0.0547091412742382,False
,kalimati_tarkari_dataset_22,149.3575631706473,155.0,42.5,295.0,1638.5777560556303,252.5,-0.0014554365206234,0.1107100913955689,0.4295604015230184,0.5988621953334669,2.3264978501276463,0.0855263157894736,0.1513157894736842,True
,kalimati_tarkari_dataset_23,70.1472827968155,67.5,10.0,185.0,856.8548221425879,175.0,0.0069185469837325,0.1230112044627332,0.439944617514711,0.3882803129251935,2.66870180352541,0.0754847645429362,0.0907202216066482,True
,kalimati_tarkari_dataset_24,47.799930771893386,36.5,17.5,215.0,967.5672758692156,197.5,0.0070428482259477,0.0647665141506308,0.3703703703703704,0.3857935978209486,8.971887838815942,0.0083102493074792,0.0335872576177285,False
,kalimati_tarkari_dataset_25,72.81118033921773,62.5,17.5,237.5,1557.7411730270123,220.0,0.0173842820420308,0.1090053305308521,0.4326756663205262,0.472705117644825,3.4862701655789663,0.0450138504155124,0.0647506925207756,True
,kalimati_tarkari_dataset_26,100.73468328141226,105.0,55.0,165.0,347.156242552855,110.0,0.0171051862683735,0.085975489530633,0.4049844236760125,0.4898410681081686,3.369899110256285,0.0231994459833795,0.0422437673130193,False
,kalimati_tarkari_dataset_27,212.6263412945656,205.0,85.0,495.0,2788.730143796284,410.0,-0.0109533527250198,0.0926136126194132,0.4233298719280028,0.469814640019798,3.4747807774118105,0.0308171745152354,0.0484764542936288,False
,kalimati_tarkari_dataset_28,35.21616476289373,31.5,15.0,113.5,229.7165992058056,98.5,0.0078368059378258,0.0701005558745739,0.3894080996884735,0.3387299123755604,7.496343806882992,0.0211218836565096,0.0412049861495844,False
,kalimati_tarkari_dataset_29,29.90913811007269,27.5,12.5,65.0,64.85320136860277,52.5,0.0052210537901472,0.0921902493806406,0.4209068881966079,0.4469524413993847,3.6897043424318943,0.0308171745152354,0.070983379501385,True
,kalimati_tarkari_dataset_30,25.756663205261336,22.5,6.5,77.5,149.5543212991695,71.0,0.0043055454404777,0.1131183210341021,0.4323295257874697,0.5246738075391534,2.969279870697434,0.0474376731301939,0.0903739612188365,True
,kalimati_tarkari_dataset_31,60.06922810661128,55.0,12.0,235.0,587.0002265069829,223.0,0.0098145664127242,0.1049798603110336,0.4174454828660436,0.5714581073204094,2.9386725405093297,0.0526315789473684,0.0699445983379501,True
,kalimati_tarkari_dataset_32,70.57718933887158,65.0,32.5,350.0,356.3692581437913,317.5,0.0035964717692981,0.1330242654300864,0.4503288335064036,0.5562798727456659,2.033789741361611,0.0304709141274238,0.0706371191135734,False
,kalimati_tarkari_dataset_33,113.22862582208376,115.0,55.0,155.0,567.3991840236811,100.0,0.0263281987954333,0.060766334074588,0.3828314295604015,0.2390463626504188,8.152724345357194,0.006578947368421,0.0083102493074792,False
,kalimati_tarkari_dataset_34,79.81221876081689,85.0,55.0,290.0,231.78587008575087,235.0,0.0107339637796308,0.1548482291368589,0.457251644167532,0.5673402132556742,1.3360511220549922,0.0093490304709141,0.0131578947368421,False
,kalimati_tarkari_dataset_35,38.08757355486328,35.0,10.0,117.5,283.35231702686985,107.5,0.0002610055853443,0.1009661951003931,0.4077535479404638,0.6057929772924927,2.969064212471441,0.0685595567867036,0.0972991689750692,True
,kalimati_tarkari_dataset_36,45.92142609899619,47.5,13.5,175.0,207.40936785201427,161.5,0.0021990303519717,0.1103250046541653,0.4305988231221876,0.3687107527495453,3.072755530412567,0.0353185595567867,0.0571329639889196,True
,mechanical_gear_vibration_data_0,2.5215747964069,2.5214938246659275,2.5155806035131656,2.5283925841769097,1.4399107510104504e-06,0.0128119806637441,-1.2507771976849362e-08,0.0067683918644755,0.0,0.8416004093282362,0.7728686878717973,0.4315772630905236,0.4806592263690548,True
,mechanical_gear_vibration_data_1,2.5214732467105203,2.5214938246659275,2.510981432324249,2.5303636586199274,3.3166658804953976e-06,0.0193822262956784,8.962422451997811e-09,0.0107500844647773,0.0,0.8567085098378049,0.6407817502480172,0.5416616664666587,0.5745429817192688,True
,mechanical_gear_vibration_data_2,2.517583602182127,2.5175516770990765,2.498005203180245,2.540383289083527,1.5353027325486837e-05,0.042378085903282,2.0416769894753677e-09,0.0236747396547721,0.2374,0.8617505676109877,0.6468342273358589,0.546221848873955,0.5636625465018601,True
,mechanical_gear_vibration_data_3,2.5178492315791665,2.5177159332371777,2.477965974372946,2.5579587147331635,7.082428907819119e-05,0.0799927403602174,-2.863079169727712e-09,0.0462186694627502,0.39968,0.8313937555562403,0.6261547721453019,0.5850234009360374,0.5939837593503741,True
,mechanical_gear_vibration_data_4,2.522425486230863,2.522479361639994,2.488971122949714,2.550567179293929,3.612770361213328e-05,0.0615960563442152,6.482904270478133e-10,0.0311715095089025,0.31696,0.8798464917180558,0.7133586607792086,0.4826593063722549,0.4947797911916476,True
,mechanical_gear_vibration_data_5,2.522090623762155,2.5219865931488417,2.4513565273827225,2.5927810847413544,0.0002299065184185,0.1414245573586319,-6.369217206801224e-09,0.0693014283184388,0.4358,0.7725004895939377,0.6096422432371165,0.6032241289651586,0.6081443257730309,True
,mechanical_gear_vibration_data_6,2.521845010925052,2.5218223369869546,2.5165661402896697,2.526914278431324,1.035366891692446e-06,0.0103481381416541,7.904845728700622e-09,0.0056809243044822,0.0,0.8466938138354402,0.7782425193761472,0.4364574582983319,0.5059402376095044,True
,mechanical_gear_vibration_data_7,2.5227560019093342,2.5228078739720075,2.5165661402896697,2.529542377585948,2.050484290186802e-06,0.0129762372962782,-4.941231176685675e-09,0.0082592929478937,0.0,0.8697912177136844,0.7497775709592226,0.4586983479339173,0.4995799831993279,True
,mechanical_gear_vibration_data_8,2.520364688660336,2.5203440315711623,2.499812019556057,2.5385764702225107,1.3878758670594338e-05,0.0387644506664535,-7.969584834121317e-09,0.0225508197452054,0.23092,0.8843802458273766,0.6708934883121812,0.5232609304372174,0.5426217048681947,True
,mechanical_gear_vibration_data_9,2.52028289618296,2.5203440315711623,2.48453621184048,2.550402922972084,4.434885872128131e-05,0.065866711131604,-3.201170382522716e-09,0.0383976591358315,0.35936,0.8460885858631402,0.6233569076598718,0.5757030281211248,0.5857834313372535,True
,mechanical_gear_vibration_data_10,2.521022712293058,2.521001056191252,2.4906136827874525,2.5512242045905427,3.361315332210514e-05,0.0606105218030901,3.405309196264427e-09,0.0300047403642932,0.28604,0.8532789512115445,0.719457080557979,0.4817792711708468,0.4923396935877435,True
,mechanical_gear_vibration_data_11,2.521194072609861,2.5214938246659275,2.467453597430531,2.5642004572296337,0.0001352202888445,0.0967468597991025,9.348149499418659e-10,0.0567210801424177,0.4068,0.7852893360647785,0.633885961657529,0.5686227449097964,0.5717428697147886,True
,mechanical_gear_vibration_data_12,2.519848188264959,2.519851263115703,2.503261396579133,2.543339902005453,1.4385556535139248e-06,0.0400785054263201,2.556582509338825e-09,0.0068684067754438,0.0,0.8559687926706222,0.7711235143099007,0.4270170806832273,0.4904196167846714,True
,mechanical_gear_vibration_data_13,2.520012549570622,2.5200155192666083,2.509338871358768,2.5298708899967868,3.2573764928824345e-06,0.0205320186380189,-1.2550444887382735e-09,0.0101018884502816,0.0,0.8565229264570341,0.7101575531603931,0.4920996839873595,0.531501260050402,False
,mechanical_gear_vibration_data_14,2.519261255329801,2.5193584946684777,2.473531064899745,2.5733988170331745,1.7732538590615146e-05,0.0998677521334294,-8.846144574293488e-10,0.0253440717820555,0.26352,0.8768873091555139,0.6609922504215193,0.531341253650146,0.5489819592783711,True
,mechanical_gear_vibration_data_15,2.51907399788394,2.5191942385212323,2.4602263404232465,2.57701245918156,8.44987094656712e-05,0.1167861187583136,-3.009423738660317e-09,0.0480097667047201,0.40544,0.7992733407248372,0.6423118696394937,0.5653826153046122,0.5733829353174127,True
,mechanical_gear_vibration_data_16,2.5180275344457974,2.518044445516121,2.4710672265878,2.5625578932851063,4.378245368007591e-05,0.0914906666973061,-3.659417693802092e-10,0.0376651945141589,0.37056,0.872630136374183,0.6367967393877022,0.5668226729069162,0.578103124124965,True
,mechanical_gear_vibration_data_17,2.5179888655506373,2.518044445516121,2.2503081191987784,2.769193179566924,0.0002544439343076,0.5188850603681456,-2.8022932681551723e-09,0.0804865287823838,0.4378,0.8310647178517007,0.5932961089033639,0.6195847833913356,0.625505020200808,True
,mechanical_gear_vibration_data_18,2.520709488389023,2.520672543879377,2.516401884157968,2.524614691863559,8.98365882542522e-07,0.0082128077055911,1.5711726282541773e-08,0.0051323581318079,0.0,0.8431391997386348,0.7841607056452321,0.438497539901596,0.5077003080123205,False
,mechanical_gear_vibration_data_19,2.520689981362793,2.520672543879377,2.512623993380976,2.530035146203583,2.947991073942279e-06,0.0174111528226066,9.006848068771792e-09,0.0099705901746626,0.0,0.8651093695923388,0.6930055253578725,0.5009000360014401,0.5420216808672347,False
,mechanical_gear_vibration_data_20,2.5214617556776133,2.5214938246659275,2.494555826768138,2.550402922972084,2.2654383725367382e-05,0.0558470962039461,3.851448687961143e-09,0.0296255375988068,0.32372,0.8772326182288248,0.5989126795133668,0.6085843433737349,0.6196247849913996,True
,mechanical_gear_vibration_data_21,2.5210167206242704,2.521001056191252,2.487000051264079,2.557137432925246,5.695118937041979e-05,0.070137381661167,4.539114038452188e-09,0.0442619318022576,0.39088,0.8513996175709511,0.5802520796068402,0.6523060922436897,0.6595063802552102,True
,mechanical_gear_vibration_data_22,2.5212989451850003,2.521329568506787,2.4871643072328977,2.548267590872085,3.516502695659505e-05,0.0611032836391873,4.563431027475719e-09,0.0330047920609405,0.32596,0.8741082004122851,0.6686927958892087,0.5274210968438737,0.5400616024640985,True
,mechanical_gear_vibration_data_23,2.521677400570288,2.5218223369869546,2.465482527164873,2.5740558428448628,0.0001898150991997,0.1085733156799899,-1.221077542424732e-09,0.0690621673247362,0.4292,0.8032735328543569,0.5900728036380524,0.641105644225769,0.6476659066362654,True
,mechanical_gear_vibration_data_24,2.5193844932727627,2.5193584946684777,2.465975294719133,2.5756984074391616,8.329415000119265e-06,0.1097231127200286,-4.844203304593179e-09,0.0196582606644239,0.20272,0.9184486645048114,0.6140268364705272,0.4991799671986879,0.5384215368614744,True
,mechanical_gear_vibration_data_25,2.519085468345008,2.5190299823749016,2.466303806426474,2.580626101780252,1.4390805497013238e-05,0.1143222953537779,8.903615677389423e-09,0.0245592928191781,0.26188,0.9194021425562994,0.6339939224513076,0.4658186327453098,0.4892595703828153,True
,mechanical_gear_vibration_data_26,2.5186460388607776,2.5185372139413964,2.2194282486943533,2.8209343695837874,0.0005019272282317,0.6015061208894341,-7.021453252152848e-09,0.1063161928641187,0.42428,0.8810720767088495,0.5629115964027004,0.5999039961598464,0.6087043481739269,True
,mechanical_gear_vibration_data_27,2.5186323371589774,2.5182087016569654,2.243573676828571,2.8122287021597923,0.0007272433059288,0.5686550253312213,-2.020108722497734e-09,0.1196377606222518,0.4422,0.8839171397959662,0.5856542871215893,0.6420656826273051,0.6473858954358175,True
,mechanical_gear_vibration_data_28,2.516989964377594,2.5170589086902595,2.399287492192774,2.6372946472534182,0.0002268514893581,0.2380071550606444,-4.354077482455726e-09,0.0771253939270101,0.41508,0.9063964067906944,0.6233971720044297,0.5365814632585303,0.5417816712668507,True
,mechanical_gear_vibration_data_29,2.5165200848345357,2.5157448596402983,2.3137105000805875,2.755395545419069,0.0012784106249653,0.4416850453384815,2.66576109327208e-08,0.1354477405259723,0.45776,0.862286719791921,0.5951410180955178,0.6199447977919117,0.6219848793951758,True
,mechanical_gear_vibration_data_30,2.5184178785954274,2.518372957798724,2.510981432324249,2.525435972759998,1.587105612940727e-06,0.0144545404357492,-9.79855467109832e-09,0.0078634298086628,0.0,0.8866692155926814,0.6734645535033623,0.5072202888115525,0.5599023960958438,False
,mechanical_gear_vibration_data_31,2.5200213208520155,2.5200155192666083,2.5104886640250257,2.5287210965749054,3.429019458533057e-06,0.0182324325498797,5.688524487455667e-09,0.0104191694044279,0.0,0.8444747769959947,0.6724456118719664,0.5217008680347214,0.5560222408896356,True
,mechanical_gear_vibration_data_32,2.518448601332912,2.5185372139413964,2.499976275595677,2.5349628328343594,1.743580657597834e-05,0.0349865572386822,-8.063208887604833e-10,0.0231437515211045,0.23396,0.8335861881285243,0.6805937953309704,0.5191407656306253,0.5335813432537302,True
,mechanical_gear_vibration_data_33,2.519373936081544,2.519522750816638,2.478458742132832,2.5568089202085544,7.876661612828345e-05,0.0783501780757225,-7.10672349341124e-10,0.0452352367992053,0.38984,0.781957973720017,0.6640224416111535,0.5347413896555863,0.5426617064682587,True
,mechanical_gear_vibration_data_34,2.518331592322962,2.518372957798724,2.4892996349100085,2.5512242045905427,4.668003273117881e-05,0.0619245696805341,5.551021310249145e-09,0.038071582615924,0.36656,0.8690609034179786,0.6418856340284806,0.5649425977039082,0.5753830153206129,True
,mechanical_gear_vibration_data_35,2.520186218468057,2.5203440315711623,2.4594050613280323,2.5932738544286904,0.0002482162530034,0.1338687931006581,-7.338091766362013e-09,0.0771952400774754,0.42724,0.8118330047420842,0.5900346610228778,0.6314252570102804,0.6352254090163607,True
,metro_nyc_0,3313.6572460159364,3512.0,0.0,7280.0,3896179.046986846,7280.0,0.0028636720246876,0.1383114759918033,0.43218791500664,0.240850433942253,2.3386823649733524,0.0934633741440132,0.0927578335754305,False
,MLTempDataset_0,21.867467828798187,24.033,5.35,36.5,45.3849540735113,31.15,0.0004426271091297,0.1088026038702744,0.4138321995464852,0.6960375828797585,2.4112776738775894,0.0684620836286321,0.0735648476257973,False
,non_invasive_fetal_ecg_0,-13.360383333333331,-33.5,-278.5,409.0,13499.180782186422,687.5,0.0016478887757633,0.0141693873717464,0.0526333333333333,0.2556725653369499,52.63947144923287,0.0052000866681111,0.0089668161136018,False
,non_invasive_fetal_ecg_1,0.987175,-11.0,-302.5,445.5,13359.948323019264,748.0,-0.0002081621120994,0.0139645428034003,0.0521,0.2733454523576584,42.185566012945,0.0122668711145185,0.0138502308371806,False
,non_invasive_fetal_ecg_2,-51.26943333333333,-66.0,-332.0,370.0,13879.73459734563,702.0,0.001695180849832,0.0156928914731128,0.0604166666666666,0.2565826752216633,36.696588078775854,0.0073667894464907,0.0096168269471157,False
,non_invasive_fetal_ecg_3,-52.71889166666666,-67.5,-308.5,392.5,14001.841948938414,701.0,0.0011767659677296,0.018755741711949,0.0857333333333333,0.2575074154907871,35.385875572931155,0.0088834813913565,0.0099834997249954,False
,pharma_sales_0,35.10244067327815,34.565,7.67,65.33,74.00864365222284,57.66,0.0210786561896491,0.1504251911141489,0.4635761589403973,0.8568743591718314,0.805857568924422,0.4186046511627907,0.4252491694352159,False
,pharma_sales_1,27.16761141006623,26.7895,6.237,53.571,49.446493095511926,47.334,0.0005666662301061,0.1435965147733351,0.4569536423841059,0.8801467471274576,0.8822388336088736,0.4518272425249169,0.4518272425249169,False
,pharma_sales_2,27.06029470198676,26.5,3.5,60.125,65.17428387940507,56.625,-0.0477292535616574,0.1430799569526831,0.4569536423841059,0.7742028982635146,0.9500733962451302,0.3720930232558139,0.3853820598006645,False
,pharma_sales_3,208.6271612860927,198.3,86.25,546.899,5767.365722037132,460.649,-0.0002937001377825,0.1097291335659196,0.4403973509933774,0.594969876532067,1.6067329986480623,0.1528239202657807,0.1395348837209302,True
,pharma_sales_4,61.74085264877484,57.0,18.0,154.0,501.7506611581508,136.0,-0.063018309240579,0.14739200367062,0.4602649006622517,0.7971379015035073,0.990030641885612,0.3255813953488372,0.3754152823920266,False
,pharma_sales_5,4.138934878586093,3.9791666665,0.0,17.0,9.759871814368877,17.0,0.0004843009767953,0.2004739276965171,0.466887417218543,0.9138387492136868,0.7642541001449499,0.4318936877076412,0.4717607973421927,False
,pharma_sales_6,38.43981098238411,35.0,2.0,131.0,522.7133800337092,129.0,0.0925581042272747,0.1672539547966856,0.4602649006622517,0.7884073416108536,0.988016526640168,0.3455149501661129,0.3654485049833887,True
,pharma_sales_7,20.22456125824504,17.5,1.0,65.0,129.10879893633822,64.0,0.0305982573406003,0.1382044629027271,0.4470198675496689,0.5421808275144692,1.4463463772694956,0.1661129568106312,0.1727574750830564,True
,power_comsumption_india_0,138.61785714285713,118.45,56.1,286.0,2907.0398734301407,229.9,-0.0053214407012662,0.1074610848553613,0.4230769230769231,0.7329319336859014,1.6374936456216138,0.1019283746556473,0.1322314049586777,True
,power_comsumption_india_1,136.5648351648352,127.05,64.8,224.5,1262.9528843134872,159.7,-0.0079316449428528,0.09352629435113,0.4120879120879121,0.7222286195314942,1.645499711561598,0.1019283746556473,0.1322314049586777,True
,power_comsumption_india_2,217.7032967032967,223.1,105.8,278.0,794.8123517691106,172.2,0.0257906228267373,0.0584529659039169,0.3351648351648352,0.6813337292287721,1.9325496821145889,0.1267217630853994,0.1349862258953168,True
,power_comsumption_india_3,82.12445054945054,72.6,41.8,139.1,598.1740999728296,97.3,-0.0120287309203871,0.0968791442798647,0.4093406593406594,0.6928693244406736,1.6835411328941825,0.0991735537190082,0.1212121212121212,True
,power_comsumption_india_4,313.8565934065934,289.25,186.8,469.0,4339.15514883468,282.2,-0.012140686212915,0.0885178558523348,0.3873626373626374,0.688559280336085,1.5717379839778598,0.1046831955922865,0.1542699724517906,True
,power_comsumption_india_5,35.971978021978025,36.9,16.8,53.2,46.2422367467697,36.400000000000006,0.0012194530251815,0.082421496789262,0.3956043956043956,0.7137442881429147,1.6423041264879132,0.18732782369146,0.1707988980716253,True
,power_comsumption_india_6,26.451648351648355,27.95,11.8,34.0,24.566178601618155,22.2,0.0020993950010139,0.0892581472637289,0.4148351648351648,0.7490951497621939,1.4571471957184547,0.209366391184573,0.2314049586776859,True
,power_comsumption_india_7,44.363461538461536,43.9,30.1,54.1,19.575285819949272,24.0,-0.0009500710995106,0.0751662753551413,0.3983516483516484,0.7736695113923038,1.2124499012872538,0.1900826446280991,0.2176308539944903,True
,power_comsumption_india_8,4.110164835164835,3.8,2.2,6.8,1.2128911816205774,4.6,-0.0002704518395676,0.0931163938855386,0.4120879120879121,0.7184515791431192,1.6568558257040225,0.1267217630853994,0.1432506887052341,True
,power_comsumption_india_9,84.13406593406592,83.15,37.2,111.6,104.35356478686144,74.39999999999999,0.0047072230384807,0.0741411339190003,0.3818681318681319,0.7537499439459476,1.3995774024888965,0.140495867768595,0.1515151515151515,True
,power_comsumption_india_10,321.2258241758242,324.4,192.3,398.0,1583.4403770679862,205.7,0.0417535391134397,0.06603038856382,0.3626373626373627,0.7437145398962736,1.6159140279358786,0.1542699724517906,0.1542699724517906,True
,power_comsumption_india_11,208.6813186813187,209.8,131.8,272.3,983.6475630962432,140.5,0.0349948930272715,0.0702471231608168,0.3708791208791209,0.6951648346241793,1.7464980901548497,0.1019283746556473,0.1019283746556473,True
,power_comsumption_india_12,431.6733516483517,431.0,305.6,522.1,1863.094152502716,216.5,0.063827865783034,0.0579134944839021,0.3461538461538462,0.7355243339066436,1.599027789028622,0.1322314049586777,0.1460055096418732,True
,power_comsumption_india_13,11.14478021978022,11.5,6.2,14.0,2.4239013253230306,7.8,-0.000431337031586,0.0787438106144329,0.3928571428571429,0.7614350304868495,1.4226422689555132,0.1597796143250688,0.1845730027548209,True
,power_comsumption_india_14,16.298351648351648,18.2,1.3,19.4,22.30856871150826,18.1,0.0012905152133047,0.0937617325831818,0.4065934065934066,0.7203512019129474,1.712168867725012,0.0826446280991735,0.2947658402203856,True
,power_comsumption_india_15,175.85824175824175,174.1,142.2,205.1,262.8728716338605,62.900000000000006,0.0241873195297852,0.0515542907223858,0.3296703296703297,0.6870721617331621,1.7753835042272577,0.1184573002754821,0.1074380165289256,True
,power_comsumption_india_16,188.44697802197803,183.4,130.5,256.2,892.711666691824,125.7,0.0213745532176415,0.0710430677753059,0.3681318681318681,0.6999664386718512,1.7384117057700452,0.0881542699724518,0.1046831955922865,True
,power_comsumption_india_17,204.10824175824172,206.45,121.0,273.3,921.5945474580352,152.3,0.0235404694931468,0.0754320836443835,0.3736263736263736,0.7125992529267278,1.5361115738076734,0.1515151515151515,0.1597796143250688,True
,power_comsumption_india_18,71.87802197802198,71.3,55.0,89.4,46.04858290061589,34.400000000000006,-0.0031244720410349,0.0648965313074873,0.3708791208791209,0.7502661766059049,1.4250321125985124,0.1680440771349862,0.1845730027548209,True
,power_comsumption_india_19,297.4126373626374,298.65,195.7,365.3,1255.24956557179,169.60000000000002,0.0194080887978767,0.0666326017971179,0.3708791208791209,0.6992409805317148,1.6261090717960442,0.1515151515151515,0.1515151515151515,True
,power_comsumption_india_20,7.386263736263736,7.45,4.0,9.7,1.374756370003623,5.699999999999999,0.0009157716505163,0.0801977343394633,0.3928571428571429,0.7026158044395348,1.5484390579299454,0.1900826446280991,0.2231404958677686,True
,power_comsumption_india_21,83.7065934065934,78.95,43.5,117.9,219.69720927424223,74.4,0.0030140469741964,0.0899320831463366,0.3956043956043956,0.7345962121259165,1.3973702415148357,0.140495867768595,0.1432506887052341,True
,power_comsumption_india_22,23.99972527472528,24.05,17.4,28.9,3.7496427816688858,11.5,0.0006841601735748,0.0729704997995401,0.3818681318681319,0.8581782473551712,1.0612422789942246,0.2754820936639118,0.2865013774104683,True
,power_comsumption_india_23,80.79285714285714,80.05,51.1,109.6,120.43126766091048,58.49999999999999,0.0050203594661874,0.0798467345063251,0.3763736263736264,0.7634068808056813,1.383549482278736,0.162534435261708,0.1735537190082644,True
,power_comsumption_india_24,139.23159340659342,131.64999999999998,51.5,198.1,795.555842516,146.6,0.0114776008549359,0.0902973716914865,0.4038461538461538,0.7256045366847992,1.5233822600150235,0.140495867768595,0.1294765840220385,True
,power_comsumption_india_25,1.3013736263736264,1.2,0.5,2.8,0.140080530733003,2.3,0.0001276058934838,0.1096996694912864,0.4230769230769231,0.7108924649480847,1.4319862101802563,0.1790633608815427,0.3278236914600551,True
,power_comsumption_india_26,2.1046703296703297,2.1,1.1,2.6,0.0508298363724189,1.5,8.59663375230118e-06,0.0800652606339659,0.3983516483516484,0.8168254092392668,1.1643469163480422,0.2892561983471074,0.4077134986225895,True
,power_comsumption_india_27,25.056043956043958,23.55,14.8,38.0,23.479221712353603,23.2,-0.0001248813453047,0.0923163752958401,0.4038461538461538,0.7469882904341729,1.4400625278217687,0.1239669421487603,0.2121212121212121,True
,power_comsumption_india_28,2.4945054945054945,2.5,1.5,3.2,0.0551895906291509,1.7000000000000002,-6.155737164454375e-05,0.0854875791154626,0.4230769230769231,0.8295265185193365,1.0089483158210586,0.3140495867768595,0.4600550964187327,True
,power_comsumption_india_29,5.626648351648352,5.7,3.4,6.8,0.5115151400797017,3.4,0.00038115060531,0.0686752893827012,0.3736263736263736,0.730643302501084,1.572606454262904,0.18732782369146,0.2451790633608815,True
,power_comsumption_india_30,1.714010989010989,1.7,1.3,2.2,0.0203806152638569,0.9000000000000001,-8.082826264644183e-05,0.0821797062668074,0.4148351648351648,0.873404686525087,0.9362501961196836,0.3223140495867768,0.4820936639118457,True
,power_comsumption_india_31,2.1659340659340662,2.2,1.4,2.7,0.0220812703779737,1.3000000000000005,-6.835008080338427e-05,0.0709462770438274,0.3928571428571429,0.8535245241303469,0.9862796820972148,0.3636363636363636,0.4903581267217631,True
,power_comsumption_india_32,4.135714285714286,3.9,2.4,6.6,0.5703178963893245,4.199999999999999,5.195302829175883e-05,0.1033125829322046,0.4258241758241758,0.7869885079514349,1.2139863865175322,0.1845730027548209,0.2727272727272727,True
,power_consumption_data_0,18.81002396214896,18.78,3.247,40.01,33.819114014689035,36.763,0.0001087733213824,0.0403830998256221,0.2454021672771672,0.1841343190526364,25.5575456629548,0.0077840312887532,0.0081274444338452,False
,power_consumption_data_1,68.25951846764346,69.86,11.34,94.8,241.8344976656961,83.46,-2.242385203816117e-05,0.0488965253055807,0.278731684981685,0.477615281465254,12.714573968188994,0.0204140036249165,0.0211199084231613,False
,power_consumption_data_2,1.9594888583638583,0.086,0.05,6.483,5.517047221372324,6.433,2.7995648633947787e-05,0.0712120833064846,0.3482142857142857,0.3952012552393353,12.432699058699974,0.002480206047887,0.0759896976056472,False
,power_consumption_data_3,182.6966137629732,5.0355,0.004,1163.0,69906.53376101193,1162.996,-0.0003237334027843,0.1272636937307723,0.4294871794871794,0.24203360456261,5.76311134941048,0.0270151674139082,0.0140417819326528,False
,power_consumption_data_4,75.02802192078755,4.456,0.011,936.0,15428.06558891053,935.989,-0.001082060062582,0.1105719296953015,0.4070322039072039,0.4899267979935479,4.11798799120802,0.0289611752360965,0.0140417819326528,False
,power_consumption_data_5,32344.970563585928,32265.92034,13895.6962,52204.39512,50843952.45519341,38308.69892,-0.0009000155849638,0.0583331479587866,0.3177464896214896,0.2032331901196267,11.279844777096551,0.0220356768100734,0.0220547553181341,False
,power_consumption_data_6,21042.50908232164,20823.168405,8560.081466,37408.86076,27054731.26359259,28848.779294000004,0.1117909666556746,0.0559799108600418,0.3222870879120879,0.2467160024105384,12.510602824147185,0.0224554039874081,0.0219593627778307,False
,power_consumption_data_7,17835.4062183767,16415.11747,5935.17407,47598.32636,43852233.96646696,41663.15229,-0.1023780194993903,0.0542985665488967,0.3073679792429792,0.2236658732469961,15.30338485516318,0.0161213393112658,0.0195554707621863,False
,room_occupancy_data_0,20.986917134669707,20.8233333333333,19.0,24.4083333333333,1.2335064848299335,5.4083333333333,-2.5355915804195235e-05,0.0158125669565395,0.0939272679301701,0.2832553466189327,34.98652163710035,0.0056288478452066,0.0079595426561125,False
,room_occupancy_data_1,28.277854333791915,27.7,16.745,39.5,27.757127575692188,22.755,0.0003936211146967,0.026966780676237,0.2388197528692669,0.2346721847461002,45.17805322705442,0.0043095866314863,0.0063764291996481,False
,room_occupancy_data_2,167.6768898632845,0.0,0.0,1697.25,54742.59768109478,1697.25,-0.0045888768987004,0.0745626901944708,0.3445319027307506,0.3562474324587358,11.155654710182365,0.004485488126649,0.001759014951627,False
,room_occupancy_data_3,708.7532368639818,586.666666666667,412.75,2076.5,92062.74343037212,1663.75,0.0113043064648384,0.0637263778332029,0.3637482960291983,0.337315972924051,18.0130716462373,0.0035180299032541,0.0040897097625329,False
,room_occupancy_data_4,0.0043469067250197,0.0043977581920906,0.002674126913904,0.0064760132367102,6.741661216186914e-07,0.0038018863228062,5.298011225198081e-08,0.0287786933557074,0.2553537663251396,0.2603415279738195,40.77476988219264,0.0064643799472295,0.0053210202286719,False
,room_occupancy_data_5,0.3047799129325887,0.0,0.0,1.0,0.2118891176053594,1.0,-6.626638480339128e-06,0.1064174100817489,0.4201662196033595,0.3999036600533802,6.501253944518899,0.0050131926121372,0.0050131926121372,False
,taxi_data_0,15137.56937984496,16778.0,8.0,39197.0,48151935.73278343,39189.0,-0.0421453424528676,0.0787831410671484,0.3572674418604651,0.3261822471812366,4.126675055701509,0.0772361662951836,0.1024324062409148,False
,torque_characteristics_0,2.91946996875,2.890625,-1.5,7.25,3.973483467291928,8.75,2.7746055667318845e-06,0.0986968141609471,0.3251779999999999,0.0498636837853544,11.32207705546234,0.016024032048064,0.0189800379600759,False
,torque_characteristics_1,1.17760584375,1.15625,-3.234375,5.5625,3.801379388386132,8.796875,-2.0720710672357906e-07,0.1014651625236151,0.3273979999999999,0.0505022030420667,10.947769545953737,0.0183760367520735,0.0220500441000882,False
,torque_characteristics_2,1.86917409375,1.875,-2.75,6.390625,3.815709697977388,9.140625,-3.2938316077489445e-06,0.1004444471252468,0.326034,0.0520871388106882,10.6889150162014,0.017772035544071,0.021252042504085,False
,torque_characteristics_3,-0.6146419846647401,-0.6145833,-87.5,85.46877,42.64680299656565,172.96877,-2.406038713062044e-06,0.1445691260362645,0.3508239999999999,0.5127557632789042,1.339041728723935,0.059260118520237,0.0613281226562453,False
,torque_characteristics_4,-0.3730911280670398,-0.375,-84.07294,82.66666,44.10834731023035,166.7396,-6.573143692707259e-07,0.143840095090238,0.350166,0.514006410651459,1.3441044464281326,0.0533921067842135,0.0591921183842367,False
,torque_characteristics_5,0.9877331123958198,0.9479167,-81.77087,88.35416,44.12532810770687,170.12502999999998,3.0633530699706228e-06,0.143948861140069,0.350388,0.517973741097619,1.3426802862555032,0.0396520793041586,0.0439660879321758,False
,torque_characteristics_6,294.0662927996,294.0674,292.7666,295.3419,0.1170322616153209,2.575300000000027,-5.1804817236129e-10,0.0004057360216375,0.0,0.3070476048534701,41.11885756345615,0.0085600171200342,0.008750017500035,False
,torque_characteristics_7,-0.0259323404993409,0.01728939,-3.141586,3.141585,3.269268371117905,6.283171,1.4637570526520895e-06,0.0527296581023766,0.332304,0.1354264613045364,117.48185498365396,1.2000024000048e-05,1.2000024000048e-05,False
,traffic_0,45.05290570175438,40.0,5.0,156.0,529.3476669954912,151.0,0.0038097546911437,0.1183649114364649,0.4327713815789473,0.3409446768394348,3.676413855762815,0.0720307038585429,0.0951271331642793,True
,traffic_1,14.253220942982455,13.0,1.0,48.0,54.77558584263159,47.0,0.0011630210418028,0.1652976362835931,0.4587445175438596,0.4050781737907872,2.4899141182571816,0.1263107394969501,0.1770269344116236,False
,traffic_2,13.694010416666666,11.0,1.0,180.0,108.90273824769534,179.0,0.0007725622288921,0.1524029455791927,0.44140625,0.6575051190340429,1.7883151796817385,0.1294633678294839,0.1823726954972243,False
,US_energy_generation_data_0,542.0627450980393,536.0,412.0,725.0,3354.341161091888,313.0,-0.2126874421028238,0.0648243882453455,0.3725490196078431,0.5894543067822182,1.2005255484261856,0.2401574803149606,0.2559055118110236,False
,US_energy_generation_data_1,6767.61568627451,6565.0,3224.0,10857.0,2082330.8875970785,7633.0,-3.6133735236220255,0.0698876098922086,0.3647058823529411,0.5370159010557503,1.6226768197909207,0.1653543307086614,0.2007874015748031,False
,US_energy_generation_data_2,2870.447058823529,2980.0,757.0,4822.0,766363.2746482125,4065.0,-8.886310213061597,0.0891822338357925,0.4078431372549019,0.4646252337857105,1.816556892617204,0.1299212598425196,0.1732283464566929,False
,US_energy_generation_data_3,49.4078431372549,45.0,32.0,83.0,175.2611149557863,51.0,0.0990193666049097,0.089058710536027,0.4156862745098039,0.5076714803926604,1.602213700218554,0.1732283464566929,0.2007874015748031,False
,US_energy_generation_data_4,429.0509803921569,430.0,280.0,541.0,2017.6875970780457,261.0,-0.061630094951365,0.0716156411702729,0.4078431372549019,0.7596188725808114,1.0842828282746448,0.3070866141732283,0.3149606299212598,False
