From Date,To Date,PM2.5 (ug/m3),PM10 (ug/m3),NO (ug/m3),NO2 (ug/m3),NOx (ppb),NH3 (ug/m3),SO2 (ug/m3),CO (mg/m3),Ozone (ug/m3),Benzene (ug/m3),Toluene (ug/m3),Eth-Benzene (ug/m3),MP-Xylene (ug/m3),O Xylene (ug/m3),RH (%),WS (m/s),WD (degree),SR (W/mt2),AT (degree C),RF (mm)
2023-03-01 00:00:00,2023-03-01 01:00:00,73.75,138.25,0.5,18.35,10.2,3.45,72.88,5.45,38.83,0.1,,,,,67.5,1.43,19.75,11.0,19.65,0.0
2023-03-01 01:00:00,2023-03-01 02:00:00,63.25,109.75,0.43,16.9,9.35,3.55,59.52,6.51,33.98,0.1,,,,,69.25,1.05,23.5,11.0,18.93,0.0
2023-03-01 02:00:00,2023-03-01 03:00:00,73.0,105.25,0.3,19.7,10.75,3.6,70.88,7.75,27.93,0.1,,,,,70.0,1.05,29.25,10.5,18.5,0.0
2023-03-01 03:00:00,2023-03-01 04:00:00,90.75,124.5,0.6,20.4,11.35,3.52,125.45,2.41,28.53,0.1,,,,,70.75,1.07,184.0,10.5,18.2,0.0
2023-03-01 04:00:00,2023-03-01 05:00:00,83.0,114.0,0.2,17.77,9.62,3.5,86.22,6.6,26.7,0.1,,,,,72.5,0.7,89.0,10.25,17.68,0.0
2023-03-01 05:00:00,2023-03-01 06:00:00,74.25,101.0,0.33,20.18,10.98,3.52,41.08,4.49,19.77,0.1,,,,,73.5,0.8,78.75,13.5,17.48,0.0
2023-03-01 06:00:00,2023-03-01 07:00:00,81.5,118.75,1.8,26.15,15.38,3.4,33.6,3.67,18.2,0.1,,,,,70.5,0.77,256.25,42.75,18.18,0.0
2023-03-01 07:00:00,2023-03-01 08:00:00,78.25,142.75,2.88,24.23,15.25,3.58,59.42,6.49,36.45,0.1,,,,,65.0,1.02,261.25,103.75,19.8,0.0
2023-03-01 08:00:00,2023-03-01 09:00:00,88.0,167.5,1.92,21.22,12.88,3.52,44.58,4.87,51.88,0.1,,,,,56.75,1.02,253.0,172.75,22.12,0.0
2023-03-01 09:00:00,2023-03-01 10:00:00,89.25,149.25,1.1,18.78,10.9,3.52,14.55,1.58,71.05,0.1,,,,,50.75,1.32,172.5,233.0,23.83,0.0
2023-03-01 10:00:00,2023-03-01 11:00:00,68.0,129.0,1.3,20.0,11.73,3.5,21.5,2.35,84.23,0.1,,,,,44.5,1.52,77.75,260.25,25.25,0.0
2023-03-01 11:00:00,2023-03-01 12:00:00,62.25,128.0,1.27,19.23,11.22,3.55,28.08,3.07,88.65,0.1,,,,,40.25,1.75,27.5,274.75,26.1,0.0
2023-03-01 12:00:00,2023-03-01 13:00:00,54.25,102.0,1.57,19.2,11.45,3.52,10.82,1.19,92.25,0.1,,,,,37.75,1.7,27.25,248.5,27.15,0.0
2023-03-01 13:00:00,2023-03-01 14:00:00,48.0,102.75,1.5,21.1,12.45,3.52,11.05,1.21,96.88,0.1,,,,,37.25,1.65,98.0,199.5,27.68,0.0
2023-03-01 14:00:00,2023-03-01 15:00:00,50.0,104.25,1.68,23.83,14.03,3.43,10.3,1.12,96.18,0.1,,,,,35.0,2.17,15.25,135.5,28.0,0.0
2023-03-01 15:00:00,2023-03-01 16:00:00,47.5,100.75,1.7,30.27,17.48,3.48,10.8,1.18,89.9,0.1,,,,,33.25,1.95,9.5,70.25,27.75,0.0
2023-03-01 16:00:00,2023-03-01 17:00:00,53.75,125.0,2.12,46.27,26.32,3.55,44.9,4.91,72.93,0.1,,,,,38.75,1.83,7.75,25.5,26.8,0.0
2023-03-01 17:00:00,2023-03-01 18:00:00,73.75,177.75,2.7,48.67,28.07,3.48,43.6,4.76,59.35,0.1,,,,,41.25,1.6,13.25,11.25,25.3,0.0
2023-03-01 18:00:00,2023-03-01 19:00:00,89.5,187.25,2.38,50.18,28.6,3.5,57.65,6.3,43.1,0.1,,,,,44.75,1.3,21.0,11.0,24.38,0.0
2023-03-01 19:00:00,2023-03-01 20:00:00,100.75,182.25,1.12,43.75,24.18,3.5,75.33,5.15,42.6,0.1,,,,,46.0,1.07,30.5,10.75,23.73,0.0
2023-03-01 20:00:00,2023-03-01 21:00:00,119.5,200.0,2.3,47.38,27.08,3.5,69.27,7.57,33.62,0.1,,,,,48.0,1.15,21.5,11.0,23.35,0.0
2023-03-01 21:00:00,2023-03-01 22:00:00,120.0,204.25,3.53,43.95,26.25,3.45,32.72,3.58,30.03,0.1,,,,,50.5,0.9,168.5,11.0,22.82,0.0
2023-03-01 22:00:00,2023-03-01 23:00:00,110.75,201.75,5.4,58.3,35.4,3.43,46.0,5.02,7.2,0.1,,,,,58.0,0.9,198.0,10.75,21.82,0.0
2023-03-01 23:00:00,2023-03-02 00:00:00,148.25,297.0,10.35,52.45,36.28,3.4,69.83,7.63,5.33,0.1,,,,,64.0,0.88,115.0,10.0,20.97,0.0
2023-03-02 00:00:00,2023-03-02 01:00:00,162.25,309.5,3.35,47.8,28.12,3.5,31.2,3.41,3.27,0.1,,,,,68.25,0.9,104.25,11.0,20.17,0.0
2023-03-02 01:00:00,2023-03-02 02:00:00,141.0,248.5,1.47,44.25,24.7,3.52,13.4,1.46,7.57,0.1,,,,,71.25,1.0,115.0,10.5,19.55,0.0
2023-03-02 02:00:00,2023-03-02 03:00:00,120.25,183.75,0.55,34.77,18.95,3.52,8.75,0.96,15.97,0.1,,,,,73.0,1.07,123.75,11.0,18.98,0.0
2023-03-02 03:00:00,2023-03-02 04:00:00,97.75,147.5,0.45,27.85,15.2,3.5,12.65,1.38,22.02,0.1,,,,,72.5,1.27,132.5,10.5,18.5,0.0
2023-03-02 04:00:00,2023-03-02 05:00:00,90.75,134.5,0.5,25.55,14.0,3.55,6.82,0.75,20.73,0.1,,,,,72.5,0.78,217.0,10.75,18.3,0.0
2023-03-02 05:00:00,2023-03-02 06:00:00,82.5,120.25,2.12,31.75,18.6,3.6,5.05,0.55,12.35,0.1,,,,,75.5,0.82,276.0,13.75,17.75,0.0
2023-03-02 06:00:00,2023-03-02 07:00:00,85.0,137.5,3.2,28.95,17.98,3.5,5.43,0.6,15.2,0.1,,,,,72.75,0.95,210.5,43.75,18.27,0.0
2023-03-02 07:00:00,2023-03-02 08:00:00,92.25,162.75,2.9,26.82,16.6,3.52,12.0,1.31,29.7,0.1,,,,,67.25,0.88,247.5,97.0,19.8,0.0
2023-03-02 08:00:00,2023-03-02 09:00:00,108.0,178.0,3.17,26.75,16.8,3.48,54.27,5.93,41.5,0.1,,,,,60.5,1.3,333.5,162.75,21.6,0.0
2023-03-02 09:00:00,2023-03-02 10:00:00,113.75,192.75,2.07,25.6,15.33,3.42,57.1,6.24,64.18,0.1,,,,,52.0,1.12,222.5,217.25,24.05,0.0
2023-03-02 10:00:00,2023-03-02 11:00:00,125.75,219.25,2.03,27.85,16.43,3.43,60.58,6.62,82.65,0.1,,,,,50.5,1.6,340.33,241.75,25.25,0.0
2023-03-02 11:00:00,2023-03-02 12:00:00,129.5,240.75,1.98,24.32,14.57,3.4,63.62,6.95,92.77,0.1,,,,,44.25,1.82,347.75,254.5,26.38,0.0
2023-03-02 12:00:00,2023-03-02 13:00:00,102.0,191.75,2.15,26.78,16.0,3.52,37.9,4.14,96.83,0.1,,,,,37.5,1.93,91.0,233.0,27.6,0.0
2023-03-02 13:00:00,2023-03-02 14:00:00,68.5,148.25,1.88,23.73,14.18,3.57,18.27,2.0,95.0,0.1,,,,,36.75,2.52,6.0,188.0,27.97,0.0
2023-03-02 14:00:00,2023-03-02 15:00:00,51.5,123.25,1.47,23.55,13.75,3.5,16.0,1.75,92.35,0.1,,,,,34.5,2.12,17.0,130.25,28.35,0.0
2023-03-02 15:00:00,2023-03-02 16:00:00,50.5,115.5,1.85,32.75,18.93,3.52,19.75,2.16,79.3,0.1,,,,,38.75,2.05,101.25,68.25,27.9,0.0
2023-03-02 16:00:00,2023-03-02 17:00:00,55.75,138.5,4.33,57.07,33.85,3.55,39.95,4.36,62.52,0.1,,,,,43.25,1.65,94.75,23.75,26.75,0.0
2023-03-02 17:00:00,2023-03-02 18:00:00,78.25,218.5,8.23,76.2,47.23,3.55,77.95,5.97,43.12,0.1,,,,,46.0,1.32,93.25,11.25,25.38,0.0
2023-03-02 18:00:00,2023-03-02 19:00:00,118.5,311.75,23.27,92.88,68.35,3.42,94.45,2.49,13.72,0.1,,,,,48.0,0.93,265.0,11.0,24.35,0.0
2023-03-02 19:00:00,2023-03-02 20:00:00,154.5,362.75,9.88,72.7,46.7,3.48,93.12,2.22,25.8,0.1,,,,,48.75,1.43,93.5,11.5,23.75,0.0
2023-03-02 20:00:00,2023-03-02 21:00:00,146.5,294.25,7.92,62.02,39.43,3.55,109.38,4.58,22.43,0.1,,,,,51.75,1.13,14.5,11.0,23.12,0.0
2023-03-02 21:00:00,2023-03-02 22:00:00,128.5,213.0,1.6,38.67,21.88,3.55,62.83,4.13,31.0,0.1,,,,,55.0,0.8,38.25,11.0,22.38,0.0
2023-03-02 22:00:00,2023-03-02 23:00:00,118.25,201.0,13.2,54.8,39.83,3.48,58.65,6.41,7.5,0.1,,,,,62.25,0.93,237.25,10.75,21.12,0.0
2023-03-02 23:00:00,2023-03-03 00:00:00,138.5,254.5,1.6,34.17,19.47,3.45,49.9,5.45,19.23,0.1,,,,,65.0,0.95,44.25,11.0,20.68,0.0
2023-03-03 00:00:00,2023-03-03 01:00:00,125.5,196.0,0.6,29.7,16.3,3.52,69.68,7.61,19.93,0.1,,,,,68.0,0.95,50.75,10.75,20.35,0.0
2023-03-03 01:00:00,2023-03-03 02:00:00,110.5,166.0,0.33,28.8,15.62,3.5,28.8,3.15,15.18,0.1,,,,,72.5,0.83,74.25,10.75,19.55,0.0
2023-03-03 02:00:00,2023-03-03 03:00:00,103.25,144.75,0.47,36.08,19.6,3.48,23.6,2.58,9.57,0.1,,,,,75.75,0.88,101.75,11.0,18.93,0.0
2023-03-03 03:00:00,2023-03-03 04:00:00,112.25,147.0,0.53,35.85,19.5,3.52,16.6,1.81,10.3,0.1,,,,,75.0,0.75,83.75,11.0,18.62,0.0
2023-03-03 04:00:00,2023-03-03 05:00:00,112.75,146.5,6.73,39.17,26.27,3.55,18.58,2.03,3.0,0.1,,,,,77.25,0.88,181.75,10.75,18.38,0.0
2023-03-03 05:00:00,2023-03-03 06:00:00,113.25,178.25,3.25,32.08,19.67,3.5,50.83,5.56,6.6,0.1,,,,,80.25,0.78,310.75,14.0,18.17,0.0
2023-03-03 06:00:00,2023-03-03 07:00:00,124.25,185.25,2.9,30.82,18.77,3.45,83.18,6.54,11.38,0.1,,,,,75.25,0.8,130.75,41.75,19.0,0.0
2023-03-03 07:00:00,2023-03-03 08:00:00,135.0,214.75,3.67,35.47,21.85,3.48,53.67,5.87,25.5,0.1,,,,,66.75,0.9,81.25,93.75,20.95,0.0
2023-03-03 08:00:00,2023-03-03 09:00:00,137.5,226.75,3.1,29.35,18.12,3.38,45.12,4.93,40.38,0.1,,,,,58.25,1.12,178.25,156.5,22.65,0.0
2023-03-03 09:00:00,2023-03-03 10:00:00,109.0,180.0,2.72,28.23,17.23,3.55,65.85,7.2,54.27,0.1,,,,,54.75,1.18,268.25,206.75,24.3,0.0
2023-03-03 10:00:00,2023-03-03 11:00:00,113.5,196.0,1.9,27.5,16.15,3.5,58.15,6.35,74.5,0.1,,,,,48.0,1.4,262.5,239.75,25.8,0.0
2023-03-03 11:00:00,2023-03-03 12:00:00,101.25,178.25,1.43,25.1,14.53,3.5,53.3,5.83,88.85,0.1,,,,,44.25,1.65,259.5,246.5,26.68,0.0
2023-03-03 12:00:00,2023-03-03 13:00:00,84.5,162.0,1.4,27.75,15.92,3.3,52.7,5.76,93.5,0.1,,,,,41.0,1.75,235.67,227.25,27.88,0.0
2023-03-03 13:00:00,2023-03-03 14:00:00,73.25,158.0,1.9,23.3,13.97,3.45,32.52,3.56,98.1,0.1,,,,,37.75,1.88,94.75,185.75,28.38,0.0
2023-03-03 14:00:00,2023-03-03 15:00:00,63.25,141.0,1.45,26.05,15.05,3.62,28.7,3.14,101.25,0.1,,,,,37.25,1.77,272.5,126.0,28.62,0.0
2023-03-03 15:00:00,2023-03-03 16:00:00,64.75,132.0,1.05,22.2,12.65,3.52,17.62,1.92,102.68,0.1,,,,,39.25,1.7,16.25,67.0,28.4,0.0
2023-03-03 16:00:00,2023-03-03 17:00:00,70.0,142.25,0.93,38.88,21.42,3.55,23.23,2.54,78.72,0.1,,,,,44.0,0.98,49.0,25.25,27.5,0.0
2023-03-03 17:00:00,2023-03-03 18:00:00,98.0,198.0,23.88,102.62,73.97,3.5,44.52,4.86,11.75,0.1,,,,,51.75,0.67,274.25,11.25,25.5,0.0
2023-03-03 18:00:00,2023-03-03 19:00:00,166.25,366.0,113.9,108.53,150.3,3.45,31.63,3.46,1.18,0.1,,,,,57.75,0.85,243.0,11.0,24.5,0.0
2023-03-03 19:00:00,2023-03-03 20:00:00,199.25,515.25,44.1,92.2,84.92,3.55,67.7,7.4,5.5,0.1,,,,,57.75,0.95,262.0,11.0,24.0,0.0
2023-03-03 20:00:00,2023-03-03 21:00:00,226.0,455.25,34.65,90.38,76.2,3.55,50.37,5.5,1.7,0.1,,,,,62.5,0.75,41.0,11.0,22.95,0.0
2023-03-03 21:00:00,2023-03-03 22:00:00,232.0,425.75,34.28,78.5,69.62,3.6,31.33,3.42,1.88,0.1,,,,,66.5,0.87,211.0,11.0,21.98,0.0
2023-03-03 22:00:00,2023-03-03 23:00:00,260.0,472.25,36.55,66.88,65.28,3.6,25.25,2.76,0.8,0.1,,,,,71.25,1.0,103.25,11.0,21.25,0.0
2023-03-03 23:00:00,2023-03-04 00:00:00,265.25,480.0,4.23,41.8,25.65,3.52,99.2,4.71,11.25,0.1,,,,,67.0,1.07,34.0,11.0,21.27,0.0
2023-03-04 00:00:00,2023-03-04 01:00:00,190.0,300.75,1.18,40.93,22.75,3.62,31.93,3.49,7.5,0.1,,,,,74.25,0.95,88.0,10.5,19.98,0.0
2023-03-04 01:00:00,2023-03-04 02:00:00,168.25,252.25,0.83,39.35,21.6,3.55,17.57,1.92,9.38,0.1,,,,,74.5,0.9,129.75,11.0,19.55,0.0
2023-03-04 02:00:00,2023-03-04 03:00:00,139.0,182.25,2.6,39.98,23.4,3.67,9.07,0.99,4.3,0.1,,,,,79.25,0.78,177.25,10.75,19.02,0.0
2023-03-04 03:00:00,2023-03-04 04:00:00,132.0,184.5,2.0,35.08,20.28,3.6,5.0,0.55,7.32,0.1,,,,,80.0,0.88,145.0,10.75,18.92,0.0
2023-03-04 04:00:00,2023-03-04 05:00:00,125.5,180.5,2.47,33.15,19.65,3.52,10.97,1.2,4.03,0.1,,,,,84.25,0.97,179.5,11.0,18.57,0.0
2023-03-04 05:00:00,2023-03-04 06:00:00,146.0,197.75,2.65,30.27,18.25,3.48,45.23,4.94,5.83,0.12,,,,,83.5,0.72,141.25,13.5,18.55,0.0
2023-03-04 06:00:00,2023-03-04 07:00:00,167.0,255.5,11.47,34.92,27.9,3.58,32.35,3.54,3.38,0.1,,,,,80.25,0.73,116.25,40.25,19.17,0.0
2023-03-04 07:00:00,2023-03-04 08:00:00,187.75,309.0,4.8,29.9,19.77,3.52,47.4,5.18,22.6,0.1,,,,,72.5,0.93,161.5,94.0,21.07,0.0
2023-03-04 08:00:00,2023-03-04 09:00:00,172.5,271.75,3.52,29.25,18.43,3.6,28.28,3.09,28.9,0.1,,,,,67.0,1.1,144.75,160.25,22.92,0.0
2023-03-04 09:00:00,2023-03-04 10:00:00,166.0,258.0,2.92,30.47,18.55,3.4,30.32,3.31,51.75,0.1,,,,,59.75,1.25,331.0,216.5,25.02,0.0
2023-03-04 10:00:00,2023-03-04 11:00:00,138.25,227.25,1.85,27.25,16.05,3.52,48.35,5.29,77.7,0.1,,,,,53.0,1.4,256.0,250.75,26.75,0.0
2023-03-04 11:00:00,2023-03-04 12:00:00,136.25,222.25,1.52,23.7,13.85,3.55,64.47,7.04,94.9,0.1,,,,,46.0,1.77,349.25,258.5,28.0,0.0
2023-03-04 12:00:00,2023-03-04 13:00:00,112.25,192.75,1.53,26.0,15.07,3.45,47.85,5.23,103.1,0.1,,,,,42.0,1.65,184.25,238.0,29.18,0.0
2023-03-04 13:00:00,2023-03-04 14:00:00,98.75,182.75,1.02,19.02,10.95,3.38,21.95,2.4,113.7,0.1,,,,,40.0,1.83,257.5,195.0,29.3,0.0
2023-03-04 14:00:00,2023-03-04 15:00:00,85.25,155.0,1.57,22.77,13.4,3.45,22.4,2.45,103.35,0.1,,,,,39.5,1.68,98.75,133.0,29.68,0.0
2023-03-04 15:00:00,2023-03-04 16:00:00,76.0,158.75,1.02,19.35,11.1,3.43,14.93,1.63,96.75,0.1,,,,,39.75,1.6,21.5,70.25,29.5,0.0
2023-03-04 16:00:00,2023-03-04 17:00:00,65.25,143.75,1.15,40.25,22.38,3.52,23.2,2.53,74.33,0.1,,,,,42.5,1.18,22.25,25.5,28.55,0.0
2023-03-04 17:00:00,2023-03-04 18:00:00,77.0,192.5,23.25,101.7,73.03,3.48,38.58,4.22,17.73,0.1,,,,,50.0,0.9,266.75,11.25,26.6,0.0
2023-03-04 18:00:00,2023-03-04 19:00:00,127.25,312.75,35.6,102.55,83.47,3.48,97.32,1.87,13.72,0.12,,,,,51.75,1.05,266.75,11.0,25.83,0.0
2023-03-04 19:00:00,2023-03-04 20:00:00,182.5,391.5,37.67,94.6,80.97,3.55,98.05,0.01,13.0,0.1,,,,,56.0,0.97,260.0,11.0,24.85,0.0
2023-03-04 20:00:00,2023-03-04 21:00:00,202.75,400.5,41.65,86.92,80.1,3.45,92.65,1.85,9.62,0.1,,,,,60.25,0.82,244.75,11.0,24.0,0.0
2023-03-04 21:00:00,2023-03-04 22:00:00,222.25,426.25,29.38,81.9,67.47,3.57,51.88,5.67,2.5,0.1,,,,,66.25,0.73,171.5,11.0,22.77,0.0
2023-03-04 22:00:00,2023-03-04 23:00:00,259.0,496.0,54.17,66.7,79.53,3.55,30.73,3.36,0.75,0.1,,,,,72.75,0.8,165.5,11.0,21.85,0.0
2023-03-04 23:00:00,2023-03-05 00:00:00,306.5,586.25,19.38,52.3,43.55,3.5,24.02,2.62,5.5,0.1,,,,,75.75,1.15,347.25,11.0,21.5,0.0
2023-03-05 00:00:00,2023-03-05 01:00:00,278.5,486.25,1.55,35.4,20.07,3.55,31.93,3.49,10.75,0.1,,,,,76.0,0.77,62.75,10.25,20.92,0.0
2023-03-05 01:00:00,2023-03-05 02:00:00,223.0,327.25,8.12,45.65,30.92,3.48,38.88,4.25,1.2,0.1,,,,,80.5,1.03,169.75,11.0,20.3,0.0
2023-03-05 02:00:00,2023-03-05 03:00:00,220.5,316.5,6.45,43.58,28.38,3.52,44.57,4.87,1.73,0.1,,,,,82.5,0.82,219.75,11.0,20.0,0.0
2023-03-05 03:00:00,2023-03-05 04:00:00,190.0,256.25,2.5,35.8,21.05,3.48,45.48,4.97,7.4,0.1,,,,,83.0,1.12,184.75,11.0,19.75,0.0
2023-03-05 04:00:00,2023-03-05 05:00:00,156.0,206.75,0.97,32.08,17.82,3.55,41.28,4.51,11.22,0.1,,,,,83.0,1.1,201.25,10.75,19.42,0.0
2023-03-05 05:00:00,2023-03-05 06:00:00,134.0,177.0,0.4,24.68,13.45,3.43,22.28,2.44,17.85,0.1,,,,,80.25,1.22,183.25,14.25,19.35,0.0
2023-03-05 06:00:00,2023-03-05 07:00:00,120.5,174.75,1.08,21.95,12.55,3.42,18.55,2.03,18.0,0.1,,,,,79.5,1.4,185.0,43.25,19.27,0.0
2023-03-05 07:00:00,2023-03-05 08:00:00,129.75,195.5,1.52,20.8,12.32,3.5,17.48,1.91,30.55,0.1,,,,,74.5,1.0,120.0,98.0,20.75,0.0
2023-03-05 08:00:00,2023-03-05 09:00:00,143.0,223.0,2.0,22.93,13.83,3.4,24.17,2.64,33.0,0.1,,,,,69.0,1.1,41.33,155.33,22.73,0.0
2023-03-05 09:00:00,2023-03-05 10:00:00,,,1.07,27.33,14.15,3.35,42.9,2.34,48.8,0.1,,,,,59.33,1.2,24.0,217.0,26.5,0.0
2023-03-05 10:00:00,2023-03-05 11:00:00,,,1.15,25.7,14.62,3.53,53.45,5.83,79.02,0.1,,,,,54.25,1.38,178.75,238.25,27.3,0.0
2023-03-05 11:00:00,2023-03-05 12:00:00,147.75,225.75,0.98,23.23,13.15,3.5,43.92,4.8,97.8,0.1,,,,,47.5,1.6,21.33,249.25,28.62,0.0
2023-03-05 12:00:00,2023-03-05 13:00:00,122.25,191.5,0.9,21.8,12.35,3.42,35.42,3.87,104.03,0.1,,,,,44.0,1.75,180.5,231.25,29.3,0.0
2023-03-05 13:00:00,2023-03-05 14:00:00,97.25,164.5,0.98,16.0,9.3,3.42,19.18,2.09,112.63,0.1,,,,,39.75,1.88,261.0,193.25,29.72,0.0
2023-03-05 14:00:00,2023-03-05 15:00:00,83.5,160.5,0.98,17.23,9.95,3.48,19.75,2.15,110.67,0.1,,,,,40.0,1.85,347.5,126.25,29.9,0.0
2023-03-05 15:00:00,2023-03-05 16:00:00,81.75,173.25,1.05,17.62,10.25,3.55,10.65,1.17,103.72,0.1,,,,,40.25,1.52,339.0,63.75,29.68,0.0
2023-03-05 16:00:00,2023-03-05 17:00:00,79.75,181.5,3.23,46.25,27.2,3.58,2.77,0.3,65.45,0.1,,,,,44.0,0.98,256.75,21.25,28.8,0.0
2023-03-05 17:00:00,2023-03-05 18:00:00,88.0,223.5,7.38,72.4,44.5,3.48,8.73,0.95,25.35,0.1,,,,,50.0,0.95,96.0,11.25,27.45,0.0
2023-03-05 18:00:00,2023-03-05 19:00:00,138.0,318.75,10.4,75.72,48.75,3.55,41.38,4.52,20.82,0.1,,,,,52.0,1.02,172.25,11.0,26.7,0.0
2023-03-05 19:00:00,2023-03-05 20:00:00,163.0,329.5,10.05,64.25,42.35,3.52,96.3,4.58,28.98,0.1,,,,,50.5,0.9,215.75,11.0,26.47,0.0
2023-03-05 20:00:00,2023-03-05 21:00:00,166.75,297.25,16.05,73.75,52.27,3.55,72.9,7.97,7.17,0.1,,,,,56.0,0.8,314.75,11.0,25.5,0.0
2023-03-05 21:00:00,2023-03-05 22:00:00,184.0,360.25,25.9,71.17,58.9,3.43,27.55,3.01,5.67,0.1,,,,,61.75,0.77,190.0,11.0,24.5,0.0
2023-03-05 22:00:00,2023-03-05 23:00:00,189.5,368.5,2.52,36.98,21.7,3.45,15.92,1.74,21.23,0.1,,,,,64.5,1.0,186.5,11.0,23.77,0.0
2023-03-05 23:00:00,2023-03-06 00:00:00,171.0,298.0,0.93,31.47,17.5,3.55,62.25,6.8,18.88,0.1,,,,,68.5,0.85,211.0,11.0,23.0,0.0
2023-03-06 00:00:00,2023-03-06 01:00:00,178.25,298.75,0.82,28.18,15.65,3.45,48.77,5.33,16.15,0.1,,,,,70.25,0.92,120.25,10.5,22.57,0.0
2023-03-06 01:00:00,2023-03-06 02:00:00,177.5,284.0,0.53,27.55,15.1,3.4,52.15,5.7,13.08,0.1,,,,,71.5,0.85,130.5,11.0,22.12,0.0
2023-03-06 02:00:00,2023-03-06 03:00:00,170.75,231.25,3.15,39.73,23.67,3.5,28.5,3.12,1.3,0.1,,,,,76.75,0.78,170.75,11.0,21.72,0.0
2023-03-06 03:00:00,2023-03-06 04:00:00,173.0,233.25,1.35,34.48,19.42,3.52,18.82,2.06,9.12,0.1,,,,,77.75,1.12,184.75,10.75,21.65,0.0
2023-03-06 04:00:00,2023-03-06 05:00:00,153.0,197.25,0.6,28.33,15.55,3.5,9.28,1.01,17.55,0.1,,,,,77.75,1.05,126.5,11.0,21.33,0.0
2023-03-06 05:00:00,2023-03-06 06:00:00,132.25,181.5,0.3,23.6,12.82,3.55,2.3,0.24,20.12,0.1,,,,,77.0,1.2,162.0,13.0,21.23,0.0
2023-03-06 06:00:00,2023-03-06 07:00:00,135.0,202.5,0.75,23.05,12.85,3.38,,,20.77,0.1,,,,,73.5,1.02,179.75,30.5,21.43,0.0
2023-03-06 07:00:00,2023-03-06 08:00:00,139.75,237.5,2.35,30.95,18.38,3.42,17.5,1.92,28.55,0.1,,,,,71.5,1.02,106.25,66.25,22.62,0.0
2023-03-06 08:00:00,2023-03-06 09:00:00,178.0,328.5,3.48,28.42,17.98,3.42,60.23,6.58,30.88,0.1,,,,,68.75,1.65,103.5,139.5,23.8,0.0
2023-03-06 09:00:00,2023-03-06 10:00:00,198.25,341.25,2.6,22.53,14.1,3.57,54.7,5.98,46.53,0.1,,,,,61.25,1.68,348.33,151.5,25.25,0.0
2023-03-06 10:00:00,2023-03-06 11:00:00,136.0,221.0,2.88,24.05,15.15,3.6,40.05,4.38,44.0,0.1,,,,,62.25,1.73,336.25,133.75,25.2,0.0
2023-03-06 11:00:00,2023-03-06 12:00:00,117.25,202.5,3.05,27.75,17.28,3.42,57.22,6.25,60.45,0.1,,,,,54.25,1.67,91.0,205.0,27.02,0.0
2023-03-06 12:00:00,2023-03-06 13:00:00,107.0,194.0,2.8,26.8,16.55,3.38,26.18,2.86,66.78,0.1,,,,,50.5,2.28,5.25,184.0,27.67,0.0
2023-03-06 13:00:00,2023-03-06 14:00:00,77.0,156.0,2.25,22.12,13.6,3.38,10.4,1.13,81.68,0.1,,,,,45.75,2.12,16.75,172.25,28.43,0.0
2023-03-06 14:00:00,2023-03-06 15:00:00,73.25,151.75,1.18,19.42,11.3,3.55,,,86.58,0.1,,,,,44.75,2.0,30.0,128.0,28.57,0.0
2023-03-06 15:00:00,2023-03-06 16:00:00,69.75,169.75,0.88,19.18,10.9,3.5,,,77.28,0.1,,,,,47.5,1.8,28.25,70.5,27.95,0.0
2023-03-06 16:00:00,2023-03-06 17:00:00,70.25,203.25,0.8,22.35,12.55,3.62,1.35,0.15,64.9,0.1,,,,,49.75,1.47,33.0,28.25,27.23,0.0
2023-03-06 17:00:00,2023-03-06 18:00:00,73.5,213.0,0.92,30.38,16.88,3.52,25.85,2.83,48.25,0.1,,,,,53.75,1.6,24.5,11.25,,0.0
2023-03-06 18:00:00,2023-03-06 19:00:00,75.5,,0.7,26.97,14.9,3.4,14.35,1.56,46.77,0.1,,,,,54.75,1.23,54.75,11.0,,0.0
2023-03-06 19:00:00,2023-03-06 20:00:00,84.0,,0.65,28.17,15.48,3.45,,,37.77,0.1,,,,,58.0,1.02,76.0,11.0,,0.0
2023-03-06 20:00:00,2023-03-06 21:00:00,72.5,,3.93,38.92,23.9,3.57,36.0,3.93,27.5,0.1,,,,,66.0,1.58,201.5,11.25,,0.0
2023-03-06 21:00:00,2023-03-06 22:00:00,93.75,,2.17,33.02,19.35,3.48,,,23.8,0.1,,,,,81.75,1.07,146.25,11.0,,0.0
2023-03-06 22:00:00,2023-03-06 23:00:00,127.5,,2.35,31.85,18.85,3.48,,,15.4,0.1,,,,,83.0,1.18,210.5,11.0,,0.0
2023-03-06 23:00:00,2023-03-07 00:00:00,135.75,,1.07,22.3,12.67,3.55,0.53,0.06,15.65,0.1,,,,,84.5,1.1,156.75,11.0,,0.0
2023-03-07 00:00:00,2023-03-07 01:00:00,132.0,,0.78,27.77,15.4,3.4,,,12.98,0.1,,,,,86.5,1.35,134.75,10.75,,0.0
2023-03-07 01:00:00,2023-03-07 02:00:00,130.5,,0.5,22.7,12.48,3.52,2.17,0.23,12.72,0.1,,,,,86.75,1.0,206.0,10.75,,0.0
2023-03-07 02:00:00,2023-03-07 03:00:00,122.75,,0.68,23.62,13.07,3.52,5.72,0.63,15.2,0.1,,,,,88.5,0.93,181.25,11.0,,0.0
2023-03-07 03:00:00,2023-03-07 04:00:00,111.0,,0.8,24.67,13.82,3.57,8.05,0.88,12.38,0.1,,,,,89.0,0.82,140.25,11.0,,0.0
2023-03-07 04:00:00,2023-03-07 05:00:00,97.0,,0.97,23.77,13.45,3.52,8.03,0.88,6.22,0.1,,,,,91.5,0.88,269.75,11.0,,0.0
2023-03-07 05:00:00,2023-03-07 06:00:00,99.0,,1.33,21.35,12.48,3.52,13.92,1.52,8.1,0.1,,,,,92.0,0.83,128.75,15.25,,0.0
2023-03-07 06:00:00,2023-03-07 07:00:00,108.5,,3.55,23.08,15.15,3.5,13.85,1.51,9.8,0.1,,,,,87.5,0.85,214.75,54.0,,0.0
2023-03-07 07:00:00,2023-03-07 08:00:00,126.0,,5.83,25.8,18.43,3.55,52.62,2.66,37.15,0.1,,,,,82.25,1.38,314.25,116.5,,0.0
2023-03-07 08:00:00,2023-03-07 09:00:00,153.5,,2.55,20.02,12.7,3.52,56.35,3.44,45.9,0.1,,,,,70.75,1.35,349.75,198.0,,0.0
2023-03-07 09:00:00,2023-03-07 10:00:00,138.0,,1.27,17.38,10.25,3.45,59.75,6.53,61.42,0.1,,,,,63.5,1.52,171.25,262.25,,0.0
2023-03-07 10:00:00,2023-03-07 11:00:00,99.25,,1.15,19.05,11.1,3.5,63.52,6.94,76.72,0.1,,,,,56.75,1.67,176.0,302.5,26.5,0.0
2023-03-07 11:00:00,2023-03-07 12:00:00,91.0,,1.35,20.12,11.77,3.48,54.02,5.9,92.22,0.1,,,,,48.25,2.02,185.25,307.0,27.6,0.0
2023-03-07 12:00:00,2023-03-07 13:00:00,81.0,158.5,1.02,15.45,9.03,3.55,28.08,3.07,108.55,0.1,,,,,41.75,1.82,343.25,289.25,28.52,0.0
2023-03-07 13:00:00,2023-03-07 14:00:00,71.0,155.5,1.08,16.2,9.5,48.98,17.57,1.92,108.97,0.1,,,,,36.75,1.98,344.0,242.75,29.35,0.0
2023-03-07 14:00:00,2023-03-07 15:00:00,57.5,159.75,0.95,16.05,9.3,3.72,2.9,0.32,110.9,0.1,,,,,34.25,2.25,351.75,171.5,29.52,0.0
2023-03-07 15:00:00,2023-03-07 16:00:00,49.5,145.25,0.73,17.5,9.9,3.5,2.3,0.24,112.03,0.1,,,,,33.0,1.7,353.75,86.75,29.42,0.0
2023-03-07 16:00:00,2023-03-07 17:00:00,54.75,148.0,1.02,27.38,15.4,3.45,11.95,1.3,94.07,0.1,,,,,36.5,1.62,190.25,27.75,28.33,0.0
2023-03-07 17:00:00,2023-03-07 18:00:00,66.5,194.25,7.05,67.8,41.8,3.48,70.48,5.05,47.55,0.1,,,,,43.5,1.42,179.5,11.5,26.67,0.0
2023-03-07 18:00:00,2023-03-07 19:00:00,115.5,282.5,3.02,48.45,28.22,3.62,60.05,3.67,55.88,0.1,,,,,47.75,1.43,111.5,11.0,25.95,0.0
2023-03-07 19:00:00,2023-03-07 20:00:00,126.0,266.5,0.35,27.82,15.07,3.55,19.0,2.08,53.35,0.1,,,,,56.5,1.35,34.5,10.5,24.83,0.0
2023-03-07 20:00:00,2023-03-07 21:00:00,115.75,188.5,0.35,23.02,12.52,3.5,14.38,1.57,48.38,0.1,,,,,59.25,1.15,29.25,10.75,24.05,0.0
2023-03-07 21:00:00,2023-03-07 22:00:00,100.75,153.75,0.4,21.4,11.7,3.27,22.1,2.42,44.05,0.1,,,,,59.5,0.93,54.5,10.75,23.77,0.0
2023-03-07 22:00:00,2023-03-07 23:00:00,87.75,153.0,0.38,22.48,12.28,3.48,17.72,1.94,38.3,0.1,,,,,61.75,0.85,75.75,10.5,23.3,0.0
2023-03-07 23:00:00,2023-03-08 00:00:00,86.75,157.25,1.4,24.05,13.95,3.35,36.0,3.94,31.45,0.1,,,,,66.25,0.9,268.25,10.5,22.58,0.0
2023-03-08 00:00:00,2023-03-08 01:00:00,97.0,165.25,1.4,27.6,15.8,3.5,35.3,3.86,22.35,0.1,,,,,70.75,0.8,151.0,10.5,21.7,0.0
2023-03-08 01:00:00,2023-03-08 02:00:00,103.25,156.25,1.1,26.2,14.82,3.43,30.2,3.3,19.75,0.1,,,,,73.0,0.88,179.75,10.5,21.02,0.0
2023-03-08 02:00:00,2023-03-08 03:00:00,112.0,152.5,0.6,19.25,10.72,3.45,30.45,3.32,21.12,0.1,,,,,75.5,0.85,172.75,10.75,20.38,0.0
2023-03-08 03:00:00,2023-03-08 04:00:00,114.5,141.0,0.82,19.75,11.2,3.52,38.9,4.25,19.8,0.1,,,,,78.75,1.12,29.0,10.5,19.95,0.0
2023-03-08 04:00:00,2023-03-08 05:00:00,120.75,145.75,0.35,16.0,8.8,3.43,7.97,0.87,17.28,0.1,,,,,80.75,0.93,103.75,10.5,19.43,0.0
2023-03-08 05:00:00,2023-03-08 06:00:00,107.75,133.5,0.5,21.4,11.83,3.52,3.4,0.37,11.5,0.1,,,,,80.75,0.75,68.25,15.0,19.02,0.0
2023-03-08 06:00:00,2023-03-08 07:00:00,104.25,155.5,1.18,20.35,11.8,3.48,6.13,0.67,18.02,0.1,,,,,77.25,0.83,134.75,52.75,20.07,0.0
2023-03-08 07:00:00,2023-03-08 08:00:00,105.0,166.75,1.7,17.75,10.8,3.55,0.75,0.08,41.55,0.1,,,,,70.5,1.0,328.25,120.75,21.83,0.0
2023-03-08 08:00:00,2023-03-08 09:00:00,97.75,150.5,2.12,20.18,12.47,3.6,3.6,0.39,42.6,0.1,,,,,65.25,1.18,218.5,191.5,23.62,0.0
2023-03-08 09:00:00,2023-03-08 10:00:00,120.5,197.0,1.1,16.25,9.55,3.5,4.28,0.47,69.1,0.1,,,,,56.0,1.23,131.5,253.5,25.68,0.0
2023-03-08 10:00:00,2023-03-08 11:00:00,99.0,157.0,0.8,14.18,8.2,3.6,29.22,3.2,83.17,0.1,,,,,50.0,1.62,263.25,290.75,26.98,0.0
2023-03-08 11:00:00,2023-03-08 12:00:00,86.0,139.0,0.88,12.72,7.47,3.62,7.5,0.82,85.1,0.1,,,,,46.25,1.95,91.75,287.0,27.88,0.0
2023-03-08 12:00:00,2023-03-08 13:00:00,64.25,111.25,0.8,10.98,6.5,3.5,3.97,0.43,93.3,0.1,,,,,40.25,1.85,257.0,262.75,28.55,0.0
2023-03-08 13:00:00,2023-03-08 14:00:00,50.5,107.0,0.57,10.92,6.28,3.57,3.2,0.35,97.05,0.1,,,,,37.75,1.75,252.75,227.25,29.5,0.0
2023-03-08 14:00:00,2023-03-08 15:00:00,50.75,109.25,0.47,11.9,6.7,3.48,,,106.1,0.1,,,,,35.75,1.83,179.0,156.75,29.77,0.0
2023-03-08 15:00:00,2023-03-08 16:00:00,48.25,109.25,0.38,13.4,7.4,3.38,,,112.2,0.1,,,,,34.75,1.57,345.0,80.75,29.7,0.0
2023-03-08 16:00:00,2023-03-08 17:00:00,55.25,116.5,0.68,20.43,11.4,3.55,,,80.8,0.1,,,,,40.0,1.23,178.0,31.75,28.7,0.0
2023-03-08 17:00:00,2023-03-08 18:00:00,61.0,136.25,2.65,51.22,29.38,3.55,,,38.32,0.1,,,,,47.5,0.9,204.5,11.5,26.7,0.0
2023-03-08 18:00:00,2023-03-08 19:00:00,97.0,209.0,2.85,39.98,23.55,3.43,1.85,0.21,40.58,0.1,,,,,49.75,1.03,260.5,10.75,25.75,0.0
2023-03-08 19:00:00,2023-03-08 20:00:00,106.75,237.75,2.17,45.27,25.82,3.45,3.75,0.41,36.4,0.1,,,,,51.75,0.82,239.75,11.0,24.97,0.0
2023-03-08 20:00:00,2023-03-08 21:00:00,102.0,198.75,3.52,56.67,33.02,3.5,,,21.8,0.1,,,,,56.5,0.8,188.5,10.5,24.02,0.0
2023-03-08 21:00:00,2023-03-08 22:00:00,110.25,198.5,1.8,46.47,26.18,3.55,,,16.35,0.1,,,,,61.75,0.78,145.5,10.5,23.2,0.0
2023-03-08 22:00:00,2023-03-08 23:00:00,153.25,263.25,3.48,50.48,29.67,3.55,,,6.68,0.1,,,,,65.75,0.9,147.75,11.0,22.57,0.0
2023-03-08 23:00:00,2023-03-09 00:00:00,156.75,283.0,1.77,38.62,21.98,3.48,,,16.32,0.1,,,,,65.25,0.88,97.5,10.5,22.45,0.0
2023-03-09 00:00:00,2023-03-09 01:00:00,128.0,214.75,1.02,31.23,17.45,3.4,1.5,0.16,16.5,0.1,,,,,69.75,0.85,68.0,10.0,21.2,0.0
2023-03-09 01:00:00,2023-03-09 02:00:00,121.75,163.75,0.3,19.48,10.6,3.57,4.62,0.51,29.92,0.1,,,,,68.25,0.9,105.75,10.5,20.85,0.0
2023-03-09 02:00:00,2023-03-09 03:00:00,88.25,130.75,1.2,28.97,16.38,3.6,5.93,0.65,14.32,0.1,,,,,72.5,0.78,310.5,10.5,20.23,0.0
2023-03-09 03:00:00,2023-03-09 04:00:00,107.75,149.25,1.5,28.38,16.3,3.55,11.18,1.22,6.22,0.1,,,,,75.75,0.75,230.75,10.5,19.8,0.0
2023-03-09 04:00:00,2023-03-09 05:00:00,124.5,164.0,6.5,30.45,21.45,3.52,19.27,2.11,4.85,0.1,,,,,75.5,0.75,184.5,10.25,19.77,0.0
2023-03-09 05:00:00,2023-03-09 06:00:00,135.25,182.75,1.4,23.92,13.9,3.48,53.0,5.79,7.05,0.08,,,,,76.75,0.75,154.75,14.75,19.77,0.0
2023-03-09 06:00:00,2023-03-09 07:00:00,141.0,208.5,3.83,24.3,16.0,3.52,24.68,2.69,10.4,0.1,,,,,75.0,0.93,272.75,47.25,20.3,0.0
2023-03-09 07:00:00,2023-03-09 08:00:00,137.0,234.5,2.48,22.88,14.18,3.42,38.75,4.23,42.55,0.1,,,,,70.5,1.2,341.5,109.75,21.67,0.0
2023-03-09 08:00:00,2023-03-09 09:00:00,154.25,260.0,2.3,20.9,12.95,3.45,97.8,4.81,48.75,0.1,,,,,65.0,1.35,331.5,180.0,23.3,0.0
2023-03-09 09:00:00,2023-03-09 10:00:00,164.0,272.0,1.43,16.08,9.7,3.5,80.4,6.1,76.97,0.1,,,,,54.75,1.45,251.75,243.0,25.38,0.0
2023-03-09 10:00:00,2023-03-09 11:00:00,119.25,206.5,1.4,18.23,10.85,3.55,71.27,7.79,86.83,0.1,,,,,49.5,1.73,180.75,285.75,27.17,0.0
2023-03-09 11:00:00,2023-03-09 12:00:00,122.0,215.0,1.75,18.32,11.12,3.52,46.88,5.12,92.95,0.1,,,,,44.5,1.75,346.75,296.5,28.75,0.0
2023-03-09 12:00:00,2023-03-09 13:00:00,93.5,196.0,1.27,17.12,10.15,3.5,36.12,3.94,106.95,0.1,,,,,38.25,1.75,264.5,276.75,29.65,0.0
2023-03-09 13:00:00,2023-03-09 14:00:00,66.75,162.5,0.95,14.5,8.45,3.48,24.68,2.7,115.98,0.1,,,,,34.0,2.05,260.75,230.0,30.15,0.0
2023-03-09 14:00:00,2023-03-09 15:00:00,65.75,151.25,0.72,13.58,7.8,3.57,16.1,1.76,123.67,0.1,,,,,32.25,1.45,254.25,153.0,30.75,0.0
2023-03-09 15:00:00,2023-03-09 16:00:00,66.75,153.75,0.8,20.7,11.65,3.58,11.15,1.22,121.22,0.1,,,,,33.25,1.25,321.5,79.0,30.55,0.0
2023-03-09 16:00:00,2023-03-09 17:00:00,73.25,165.25,0.95,42.08,23.15,3.5,3.73,0.41,95.2,0.1,,,,,34.75,0.75,292.75,28.75,29.97,0.0
2023-03-09 17:00:00,2023-03-09 18:00:00,84.0,199.75,1.7,74.25,40.85,3.5,17.57,1.92,47.37,0.1,,,,,42.5,0.78,189.75,11.0,27.85,0.0
2023-03-09 18:00:00,2023-03-09 19:00:00,137.25,311.0,63.73,101.35,105.72,3.43,20.3,2.22,6.45,0.1,,,,,52.5,0.87,287.25,11.0,26.0,0.0
2023-03-09 19:00:00,2023-03-09 20:00:00,203.0,483.0,79.97,102.73,119.67,3.48,26.77,2.93,1.53,0.1,,,,,56.0,0.78,168.5,11.0,25.27,0.0
2023-03-09 20:00:00,2023-03-09 21:00:00,225.75,507.25,60.73,74.1,88.8,3.48,23.57,2.58,7.18,0.1,,,,,57.5,0.93,177.25,10.75,25.15,0.0
2023-03-09 21:00:00,2023-03-09 22:00:00,237.0,531.0,0.93,46.6,25.55,3.45,17.23,1.88,31.12,0.1,,,,,57.5,1.05,163.5,10.5,24.7,0.0
2023-03-09 22:00:00,2023-03-09 23:00:00,159.75,275.75,0.47,34.6,18.8,3.43,19.77,2.16,38.53,0.1,,,,,61.5,1.18,195.0,11.0,23.88,0.0
2023-03-09 23:00:00,2023-03-10 00:00:00,140.75,247.0,0.7,35.05,19.2,3.5,26.83,2.93,37.15,0.1,,,,,64.0,1.23,284.25,10.5,22.95,0.0
2023-03-10 00:00:00,2023-03-10 01:00:00,145.25,250.25,0.52,28.57,15.62,3.6,17.95,1.96,33.55,0.1,,,,,68.0,0.82,147.5,10.75,21.92,0.0
2023-03-10 01:00:00,2023-03-10 02:00:00,156.25,254.0,0.5,38.12,20.73,3.52,26.08,2.85,17.0,0.1,,,,,73.25,1.3,125.75,11.0,21.18,0.0
2023-03-10 02:00:00,2023-03-10 03:00:00,157.5,256.75,0.53,30.5,16.62,3.48,18.03,1.96,23.5,0.1,,,,,72.0,0.92,93.75,11.0,20.75,0.0
2023-03-10 03:00:00,2023-03-10 04:00:00,133.5,195.0,1.23,26.95,15.35,3.53,10.1,1.1,24.35,0.1,,,,,73.0,0.9,198.0,11.0,20.35,0.0
2023-03-10 04:00:00,2023-03-10 05:00:00,135.0,184.0,4.15,38.02,23.62,3.57,8.2,0.89,4.1,0.1,,,,,76.75,0.82,209.0,11.0,19.9,0.0
2023-03-10 05:00:00,2023-03-10 06:00:00,146.5,207.0,8.57,38.78,27.6,3.38,7.8,0.86,4.23,0.1,,,,,76.0,0.82,214.5,14.5,19.93,0.0
2023-03-10 06:00:00,2023-03-10 07:00:00,150.0,234.5,7.77,43.83,29.62,3.57,1.88,0.21,17.47,0.1,,,,,70.5,0.75,242.75,46.5,20.93,0.0
2023-03-10 07:00:00,2023-03-10 08:00:00,160.75,295.75,4.98,37.02,23.73,3.55,7.15,0.78,45.85,0.1,,,,,61.25,0.85,110.0,110.0,23.58,0.0
2023-03-10 08:00:00,2023-03-10 09:00:00,171.25,304.0,2.1,24.72,14.87,3.65,63.8,6.97,57.4,0.1,,,,,56.0,1.1,100.75,183.0,25.4,0.0
2023-03-10 09:00:00,2023-03-10 10:00:00,164.5,274.5,1.15,19.03,11.05,3.55,56.62,6.19,84.65,0.1,,,,,49.75,1.33,197.25,201.25,26.15,0.0
2023-03-10 10:00:00,2023-03-10 11:00:00,137.25,220.5,0.62,18.57,10.4,3.45,51.8,5.66,103.83,0.1,,,,,45.5,1.4,143.0,183.5,27.62,0.0
2023-03-10 11:00:00,2023-03-10 12:00:00,131.0,218.5,0.78,18.9,10.7,3.4,33.17,3.62,118.92,0.1,,,,,41.25,1.65,270.25,263.0,28.6,0.0
2023-03-10 12:00:00,2023-03-10 13:00:00,115.75,194.5,0.4,15.15,8.3,3.5,20.2,2.2,128.57,0.1,,,,,36.75,1.48,200.5,264.75,29.95,0.0
2023-03-10 13:00:00,2023-03-10 14:00:00,92.25,148.5,0.45,13.8,7.73,3.52,11.25,1.23,132.15,0.1,,,,,29.75,1.42,213.25,187.25,30.73,0.0
2023-03-10 14:00:00,2023-03-10 15:00:00,74.0,124.0,0.7,18.82,10.57,3.62,,,125.9,0.1,,,,,29.25,1.47,312.25,136.25,30.93,0.0
2023-03-10 15:00:00,2023-03-10 16:00:00,69.0,133.25,2.05,31.12,18.23,3.52,2.3,0.25,105.53,0.1,,,,,31.5,1.9,123.33,71.5,29.77,0.0
2023-03-10 16:00:00,2023-03-10 17:00:00,68.75,189.25,3.5,63.98,36.88,3.5,6.4,0.35,62.3,0.1,,,,,36.75,0.8,251.5,27.75,28.7,0.0
2023-03-10 17:00:00,2023-03-10 18:00:00,92.5,306.0,35.02,106.35,85.05,3.52,10.62,1.16,10.95,0.1,,,,,45.25,0.78,259.25,11.5,26.75,0.0
2023-03-10 18:00:00,2023-03-10 19:00:00,140.0,427.75,10.95,80.67,51.85,3.48,19.4,2.12,16.4,0.1,,,,,51.0,0.95,102.5,11.0,25.38,0.0
2023-03-10 19:00:00,2023-03-10 20:00:00,180.0,416.25,0.67,52.65,28.55,3.48,8.62,0.95,37.6,0.1,,,,,51.75,0.9,83.25,10.75,24.4,0.0
2023-03-10 20:00:00,2023-03-10 21:00:00,161.5,284.25,1.4,59.4,32.7,3.48,5.62,0.61,31.75,0.1,,,,,55.0,0.9,92.0,11.0,23.82,0.0
2023-03-10 21:00:00,2023-03-10 22:00:00,180.5,306.0,4.53,62.27,36.8,3.4,4.47,0.49,25.25,0.1,,,,,57.5,0.8,175.0,11.0,23.17,0.0
2023-03-10 22:00:00,2023-03-10 23:00:00,162.0,276.25,14.53,72.8,50.52,3.52,0.9,0.09,2.65,0.1,,,,,65.25,0.95,215.0,11.0,22.18,0.0
2023-03-10 23:00:00,2023-03-11 00:00:00,203.75,388.5,5.58,59.72,36.32,3.5,40.95,4.47,3.75,0.1,,,,,69.75,0.9,98.5,11.0,21.55,0.0
2023-03-11 00:00:00,2023-03-11 01:00:00,234.5,421.25,1.65,45.7,25.62,3.5,24.52,2.68,8.98,0.1,,,,,70.5,0.85,126.75,11.0,21.15,0.0
2023-03-11 01:00:00,2023-03-11 02:00:00,226.75,347.25,4.58,44.0,27.12,3.6,7.7,0.84,1.8,0.1,,,,,74.5,1.03,223.25,10.5,20.57,0.0
2023-03-11 02:00:00,2023-03-11 03:00:00,211.75,312.25,2.38,40.62,23.55,3.7,11.18,1.22,5.05,0.1,,,,,75.0,0.78,178.0,10.5,19.98,0.0
2023-03-11 03:00:00,2023-03-11 04:00:00,186.75,259.0,3.78,39.45,24.08,3.6,18.45,2.02,2.77,0.1,,,,,76.25,0.85,129.5,10.25,19.72,0.0
2023-03-11 04:00:00,2023-03-11 05:00:00,172.25,242.0,2.65,33.85,20.12,3.48,17.73,1.94,10.8,0.1,,,,,74.0,1.0,183.25,10.5,19.62,0.0
2023-03-11 05:00:00,2023-03-11 06:00:00,146.25,196.0,0.8,24.98,13.95,3.52,10.17,1.11,21.1,0.1,,,,,74.25,1.5,209.5,17.0,19.15,0.0
2023-03-11 06:00:00,2023-03-11 07:00:00,142.0,195.5,1.25,22.67,13.07,3.65,0.47,0.05,21.9,0.1,,,,,72.25,1.2,184.25,45.5,19.73,0.0
2023-03-11 07:00:00,2023-03-11 08:00:00,153.25,232.25,1.5,22.52,13.17,3.48,1.57,0.17,38.7,0.1,,,,,65.75,1.45,158.0,119.0,21.73,0.0
2023-03-11 08:00:00,2023-03-11 09:00:00,160.25,240.25,1.23,19.73,11.48,3.52,0.8,0.09,48.23,0.1,,,,,59.25,1.38,202.5,155.0,23.6,0.0
2023-03-11 09:00:00,2023-03-11 10:00:00,143.25,220.25,1.48,22.3,13.05,3.57,11.6,1.27,65.45,0.1,,,,,54.0,1.32,169.75,211.0,25.75,0.0
2023-03-11 10:00:00,2023-03-11 11:00:00,147.75,247.75,1.07,22.32,12.78,3.52,62.7,6.85,95.55,0.1,,,,,47.5,1.38,186.75,266.25,27.05,0.0
2023-03-11 11:00:00,2023-03-11 12:00:00,140.75,240.75,0.72,18.97,10.68,3.6,41.43,4.53,114.35,0.1,,,,,39.0,1.35,336.0,295.25,29.27,0.0
2023-03-11 12:00:00,2023-03-11 13:00:00,113.5,213.75,1.0,18.55,10.67,3.5,23.07,2.52,120.75,0.1,,,,,36.25,1.78,339.25,253.25,30.05,0.0
2023-03-11 13:00:00,2023-03-11 14:00:00,94.25,187.5,0.93,17.9,10.28,3.52,12.87,1.41,121.8,0.1,,,,,35.75,1.9,178.0,206.75,30.25,0.0
2023-03-11 14:00:00,2023-03-11 15:00:00,83.5,174.0,0.57,15.58,8.75,3.48,4.12,0.45,122.45,0.1,,,,,33.25,1.35,196.5,131.75,30.75,0.0
2023-03-11 15:00:00,2023-03-11 16:00:00,79.0,160.5,0.45,15.82,8.8,3.5,5.9,0.64,127.38,0.1,,,,,30.5,1.17,333.75,81.75,30.65,0.0
2023-03-11 16:00:00,2023-03-11 17:00:00,71.0,180.25,1.98,52.85,29.73,3.45,,,88.95,0.1,,,,,35.75,1.08,115.67,30.75,29.75,0.0
2023-03-11 17:00:00,2023-03-11 18:00:00,89.25,265.25,12.9,79.82,52.95,3.5,4.95,0.54,43.33,0.1,,,,,45.5,0.82,318.75,11.5,27.47,0.0
2023-03-11 18:00:00,2023-03-11 19:00:00,139.5,433.25,20.32,98.62,69.0,3.42,6.77,0.74,13.18,0.1,,,,,51.5,0.9,91.5,10.75,25.98,0.0
2023-03-11 19:00:00,2023-03-11 20:00:00,216.0,506.25,18.62,94.6,65.47,3.5,4.33,0.47,5.35,0.1,,,,,55.75,0.88,122.75,10.5,24.92,0.0
2023-03-11 20:00:00,2023-03-11 21:00:00,228.5,462.0,11.25,81.75,52.62,3.48,1.65,0.18,8.82,0.1,,,,,58.75,0.82,67.5,10.75,23.88,0.0
2023-03-11 21:00:00,2023-03-11 22:00:00,195.75,356.5,15.05,77.08,53.2,3.43,0.4,0.03,4.12,0.1,,,,,63.25,0.68,145.25,11.0,23.05,0.0
2023-03-11 22:00:00,2023-03-11 23:00:00,208.5,381.25,34.92,74.38,67.95,3.5,,,0.53,0.1,,,,,68.0,0.77,159.5,11.0,22.23,0.0
2023-03-11 23:00:00,2023-03-12 00:00:00,229.25,449.5,21.53,63.02,51.05,3.52,2.0,0.22,1.47,0.1,,,,,71.5,0.9,181.25,11.0,21.68,0.0
2023-03-12 00:00:00,2023-03-12 01:00:00,221.75,412.5,3.47,47.3,28.0,3.55,35.1,3.83,5.38,0.1,,,,,71.5,0.85,123.25,11.0,21.2,0.0
2023-03-12 01:00:00,2023-03-12 02:00:00,219.25,345.5,2.45,44.4,25.62,3.45,11.38,1.25,7.28,0.1,,,,,72.0,0.88,71.5,10.75,20.48,0.0
2023-03-12 02:00:00,2023-03-12 03:00:00,167.5,248.5,0.65,35.05,19.15,3.58,14.65,1.6,15.95,0.1,,,,,71.75,0.98,157.0,11.0,20.32,0.0
2023-03-12 03:00:00,2023-03-12 04:00:00,148.0,203.5,0.5,29.57,16.12,3.5,16.83,1.84,21.1,0.1,,,,,72.0,0.85,223.75,11.0,20.0,0.0
2023-03-12 04:00:00,2023-03-12 05:00:00,147.0,199.0,0.53,28.62,15.62,3.5,17.47,1.91,20.38,0.1,,,,,71.75,0.85,213.33,10.75,19.65,0.0
2023-03-12 05:00:00,2023-03-12 06:00:00,148.0,196.25,2.4,36.15,21.2,3.65,11.03,1.21,11.43,0.1,,,,,71.75,0.8,185.25,15.5,19.35,0.0
2023-03-12 06:00:00,2023-03-12 07:00:00,165.75,218.0,1.27,24.23,13.95,3.52,1.62,0.18,21.23,0.1,,,,,65.5,1.05,186.75,48.75,20.25,0.0
2023-03-12 07:00:00,2023-03-12 08:00:00,163.25,213.5,1.45,23.5,13.7,3.45,1.52,0.17,42.2,0.1,,,,,58.0,1.1,200.0,109.25,21.92,0.0
2023-03-12 08:00:00,2023-03-12 09:00:00,162.0,226.5,1.12,22.15,12.7,3.5,5.62,0.62,55.73,0.1,,,,,53.5,1.38,227.0,176.5,23.85,0.0
2023-03-12 09:00:00,2023-03-12 10:00:00,165.75,238.25,0.62,19.72,10.97,3.58,14.52,1.59,77.32,0.1,,,,,47.0,1.2,133.75,234.5,26.52,0.0
2023-03-12 10:00:00,2023-03-12 11:00:00,153.25,231.75,0.7,21.35,11.93,3.57,34.73,3.79,99.75,0.1,,,,,45.0,1.55,249.0,260.0,27.95,0.0
2023-03-12 11:00:00,2023-03-12 12:00:00,151.0,249.0,0.68,20.2,11.3,3.45,73.15,7.99,117.83,0.1,,,,,43.5,1.48,142.25,265.25,29.05,0.0
2023-03-12 12:00:00,2023-03-12 13:00:00,147.25,242.0,0.4,19.9,10.95,3.42,51.92,5.67,129.05,0.1,,,,,39.25,1.4,98.25,247.75,30.62,0.0
2023-03-12 13:00:00,2023-03-12 14:00:00,130.75,228.5,0.4,19.0,10.43,3.43,31.82,3.48,139.35,0.1,,,,,37.5,1.8,261.25,210.0,31.05,0.0
2023-03-12 14:00:00,2023-03-12 15:00:00,118.25,222.5,0.73,17.4,9.85,3.45,5.85,0.64,130.38,0.1,,,,,36.5,2.35,258.5,157.5,31.1,0.0
2023-03-12 15:00:00,2023-03-12 16:00:00,96.5,194.5,0.7,17.08,9.65,3.5,,,125.32,0.1,,,,,32.75,2.1,89.5,87.0,31.12,0.0
2023-03-12 16:00:00,2023-03-12 17:00:00,77.25,158.75,1.0,30.35,16.95,3.4,40.0,4.37,87.77,0.1,,,,,36.75,1.65,8.0,28.5,30.05,0.0
2023-03-12 17:00:00,2023-03-12 18:00:00,89.75,228.25,5.2,62.67,37.55,3.5,50.7,5.54,42.33,0.1,,,,,45.5,1.32,174.75,11.25,28.1,0.0
2023-03-12 18:00:00,2023-03-12 19:00:00,132.5,348.75,4.6,46.23,28.3,3.45,77.15,8.43,43.6,0.1,,,,,50.75,1.6,96.5,11.0,26.67,0.0
2023-03-12 19:00:00,2023-03-12 20:00:00,126.0,280.5,0.68,29.4,16.18,3.48,37.27,4.08,55.7,0.1,,,,,48.25,1.3,34.5,10.75,25.38,0.0
2023-03-12 20:00:00,2023-03-12 21:00:00,92.25,178.25,0.7,29.77,16.4,3.48,32.55,3.56,58.38,0.1,,,,,45.5,1.18,33.75,11.0,24.55,0.0
2023-03-12 21:00:00,2023-03-12 22:00:00,85.0,172.25,2.33,42.18,24.35,3.5,89.8,3.3,41.12,0.1,,,,,49.5,1.1,186.0,11.0,23.53,0.0
2023-03-12 22:00:00,2023-03-12 23:00:00,117.25,226.0,1.12,29.3,16.53,3.52,116.88,0.01,47.15,0.1,,,,,52.75,1.28,154.33,10.5,22.62,0.0
2023-03-12 23:00:00,2023-03-13 00:00:00,99.0,185.0,0.3,22.65,12.28,3.6,52.35,2.95,50.48,0.1,,,,,54.75,0.85,84.5,10.25,21.75,0.0
2023-03-13 00:00:00,2023-03-13 01:00:00,77.5,144.0,0.4,21.32,11.68,3.5,9.33,1.02,40.5,0.1,,,,,59.5,0.95,85.5,10.0,20.98,0.0
2023-03-13 01:00:00,2023-03-13 02:00:00,69.0,135.25,0.2,23.0,12.28,3.55,21.08,2.3,36.77,0.1,,,,,61.25,0.85,93.25,10.5,20.32,0.0
2023-03-13 02:00:00,2023-03-13 03:00:00,83.0,147.0,0.73,29.83,16.3,3.58,8.65,0.95,25.8,0.1,,,,,61.75,0.77,81.75,11.0,19.98,0.0
2023-03-13 03:00:00,2023-03-13 04:00:00,85.5,143.0,1.52,35.62,20.23,3.52,19.95,2.18,8.22,0.1,,,,,69.0,0.88,51.75,10.5,19.43,0.0
2023-03-13 04:00:00,2023-03-13 05:00:00,102.25,169.5,0.95,32.5,18.05,3.5,90.17,3.89,16.73,0.1,,,,,68.75,1.0,112.25,10.5,19.38,0.0
2023-03-13 05:00:00,2023-03-13 06:00:00,126.5,193.5,0.83,31.38,17.35,3.52,33.92,3.71,16.2,0.1,,,,,68.75,1.0,156.5,16.5,19.18,0.0
2023-03-13 06:00:00,2023-03-13 07:00:00,119.0,199.5,2.5,30.1,18.08,3.45,8.72,0.96,24.6,0.1,,,,,64.0,1.03,208.5,58.5,20.73,0.0
2023-03-13 07:00:00,2023-03-13 08:00:00,126.0,226.5,2.5,26.38,16.1,3.48,2.1,0.23,49.45,0.1,,,,,59.0,1.45,186.5,141.25,22.67,0.0
2023-03-13 08:00:00,2023-03-13 09:00:00,131.75,221.0,1.2,19.62,11.42,3.62,,,63.33,0.1,,,,,50.25,1.12,192.25,219.0,24.98,0.0
2023-03-13 09:00:00,2023-03-13 10:00:00,112.5,180.5,1.15,21.4,12.32,3.5,9.53,1.04,93.38,0.1,,,,,43.0,1.33,226.5,277.75,27.05,0.0
2023-03-13 10:00:00,2023-03-13 11:00:00,107.25,196.25,1.4,21.48,12.55,3.48,47.17,5.15,105.85,0.1,,,,,37.25,1.8,236.33,308.25,28.6,0.0
2023-03-13 11:00:00,2023-03-13 12:00:00,90.0,175.75,0.9,19.0,10.82,3.55,38.55,4.21,115.0,0.1,,,,,33.0,1.55,115.0,321.5,30.12,0.0
2023-03-13 12:00:00,2023-03-13 13:00:00,70.75,134.75,1.6,23.83,13.97,3.5,27.62,3.02,109.2,0.1,,,,,31.25,1.78,261.5,295.0,31.02,0.0
2023-03-13 13:00:00,2023-03-13 14:00:00,50.75,119.5,1.85,22.48,13.45,3.57,25.73,2.82,112.38,0.1,,,,,29.5,1.82,337.25,239.25,31.55,0.0
2023-03-13 14:00:00,2023-03-13 15:00:00,48.75,111.75,1.75,20.0,12.05,3.52,,,105.03,0.1,,,,,27.75,1.77,341.75,162.25,31.93,0.0
2023-03-13 15:00:00,2023-03-13 16:00:00,43.25,102.75,1.82,24.2,14.35,3.4,,,94.97,0.1,,,,,26.5,1.62,339.75,82.75,31.9,0.0
2023-03-13 16:00:00,2023-03-13 17:00:00,43.25,123.0,10.8,66.75,44.33,3.48,,,50.15,0.1,,,,,29.0,0.97,262.25,28.75,30.82,0.0
2023-03-13 17:00:00,2023-03-13 18:00:00,63.0,225.25,54.62,101.53,98.4,3.45,4.8,0.53,3.88,0.1,,,,,37.75,0.7,291.5,11.5,28.38,0.0
2023-03-13 18:00:00,2023-03-13 19:00:00,114.5,411.25,47.55,105.35,94.68,3.45,17.25,1.88,3.0,0.1,,,,,43.75,0.8,213.5,11.0,27.23,0.0
2023-03-13 19:00:00,2023-03-13 20:00:00,167.0,476.5,46.42,77.85,79.12,3.48,17.52,1.91,5.85,0.1,,,,,49.5,1.0,152.75,10.75,26.02,0.0
2023-03-13 20:00:00,2023-03-13 21:00:00,188.0,495.25,10.17,66.25,43.52,3.6,13.38,1.46,10.07,0.1,,,,,48.75,0.92,201.75,11.0,25.5,0.0
2023-03-13 21:00:00,2023-03-13 22:00:00,120.25,245.0,4.03,58.7,34.5,3.33,28.65,3.13,14.03,0.1,,,,,50.25,0.85,175.5,11.0,25.27,0.0
2023-03-13 22:00:00,2023-03-13 23:00:00,115.75,231.25,2.98,52.32,30.25,3.38,15.05,1.64,10.73,0.1,,,,,56.25,0.82,156.5,11.0,24.23,0.0
2023-03-13 23:00:00,2023-03-14 00:00:00,124.75,246.75,6.8,50.78,32.55,3.48,15.05,1.64,6.4,0.1,,,,,60.25,0.8,197.75,11.0,23.25,0.0
2023-03-14 00:00:00,2023-03-14 01:00:00,139.0,269.75,5.57,49.2,30.7,3.48,42.8,4.68,5.8,0.1,,,,,64.25,0.75,89.75,10.75,22.3,0.0
2023-03-14 01:00:00,2023-03-14 02:00:00,147.5,250.5,9.12,50.88,34.45,3.57,3.93,0.43,0.87,0.1,,,,,68.0,0.77,120.25,11.0,21.62,0.0
2023-03-14 02:00:00,2023-03-14 03:00:00,123.75,201.25,2.47,39.38,22.95,3.55,12.32,1.35,9.35,0.1,,,,,65.5,0.98,185.25,10.75,21.62,0.0
2023-03-14 03:00:00,2023-03-14 04:00:00,111.0,161.25,0.97,31.85,17.7,3.52,22.75,2.48,20.88,0.1,,,,,66.5,1.4,212.5,10.5,21.2,0.0
2023-03-14 04:00:00,2023-03-14 05:00:00,110.0,152.5,0.58,29.3,16.05,3.55,28.35,3.1,23.0,0.1,,,,,67.75,1.3,197.5,10.75,20.85,0.0
2023-03-14 05:00:00,2023-03-14 06:00:00,108.5,145.5,0.28,26.55,14.38,3.48,22.7,2.48,23.25,0.1,,,,,69.0,1.25,177.5,16.0,20.58,0.0
2023-03-14 06:00:00,2023-03-14 07:00:00,115.75,156.25,1.15,26.27,14.95,3.62,2.55,0.19,21.33,0.1,,,,,66.75,1.23,158.0,52.0,20.93,0.0
2023-03-14 07:00:00,2023-03-14 08:00:00,128.75,191.25,1.77,29.47,17.12,3.48,,,36.95,0.1,,,,,60.5,1.25,127.0,111.5,22.75,0.0
2023-03-14 08:00:00,2023-03-14 09:00:00,153.25,233.25,1.18,25.1,14.3,3.38,,,48.85,0.1,,,,,53.25,1.07,138.5,173.75,24.88,0.0
2023-03-14 09:00:00,2023-03-14 10:00:00,147.0,219.75,0.98,24.15,13.62,3.4,6.85,0.74,75.15,0.1,,,,,44.5,1.1,130.75,236.75,27.43,0.0
2023-03-14 10:00:00,2023-03-14 11:00:00,136.75,226.25,1.02,28.0,15.7,3.45,50.12,5.48,93.3,0.1,,,,,43.75,1.45,254.5,257.25,28.4,0.0
2023-03-14 11:00:00,2023-03-14 12:00:00,136.25,235.25,2.05,30.1,17.68,3.53,68.28,7.45,104.35,0.1,,,,,41.25,1.73,262.75,273.0,29.5,0.0
2023-03-14 12:00:00,2023-03-14 13:00:00,126.25,252.0,1.05,26.43,14.9,3.55,53.07,5.8,124.52,0.1,,,,,38.0,1.85,342.5,248.25,30.5,0.0
2023-03-14 13:00:00,2023-03-14 14:00:00,111.75,226.0,1.38,25.23,14.55,3.48,19.27,2.1,113.75,0.1,,,,,33.5,1.93,347.75,208.5,31.05,0.0
2023-03-14 14:00:00,2023-03-14 15:00:00,68.5,152.25,1.05,19.2,11.05,3.48,,,113.97,0.1,,,,,33.25,1.82,264.0,151.25,31.15,0.0
2023-03-14 15:00:00,2023-03-14 16:00:00,60.0,147.0,0.85,19.02,10.82,3.42,,,114.68,0.1,,,,,32.0,1.22,336.5,73.5,31.07,0.0
2023-03-14 16:00:00,2023-03-14 17:00:00,63.0,161.0,1.77,57.05,31.8,3.5,,,75.73,0.1,,,,,35.25,0.82,176.0,26.5,30.27,0.0
2023-03-14 17:00:00,2023-03-14 18:00:00,76.25,211.75,1.55,41.73,23.45,3.5,,,75.25,0.1,,,,,38.5,1.25,152.75,11.75,28.6,0.0
2023-03-14 18:00:00,2023-03-14 19:00:00,104.5,251.75,0.53,40.85,22.15,3.55,,,74.83,0.1,,,,,40.75,1.18,175.5,11.0,27.3,0.0
2023-03-14 19:00:00,2023-03-14 20:00:00,130.25,223.25,0.65,43.52,23.68,3.55,0.47,0.05,73.35,0.1,,,,,42.25,1.32,188.5,11.0,26.73,0.0
2023-03-14 20:00:00,2023-03-14 21:00:00,137.0,218.0,0.68,37.85,20.68,3.43,2.88,0.32,68.97,0.1,,,,,46.0,1.7,208.25,11.0,25.97,0.0
2023-03-14 21:00:00,2023-03-14 22:00:00,128.0,209.25,0.38,28.62,15.52,3.58,3.65,0.4,75.6,0.1,,,,,49.5,1.5,182.0,10.75,25.23,0.0
2023-03-14 22:00:00,2023-03-14 23:00:00,109.75,180.75,0.5,26.67,14.57,3.45,,,69.45,0.1,,,,,53.5,1.23,241.75,11.0,24.38,0.0
2023-03-14 23:00:00,2023-03-15 00:00:00,106.75,179.0,0.38,26.45,14.4,3.38,2.2,0.24,64.45,0.1,,,,,56.0,1.02,155.25,11.0,24.05,0.0
2023-03-15 00:00:00,2023-03-15 01:00:00,103.5,180.75,0.38,24.1,13.1,3.55,1.13,0.12,57.95,0.1,,,,,59.0,1.0,94.25,11.0,23.65,0.0
2023-03-15 01:00:00,2023-03-15 02:00:00,119.25,196.25,0.3,21.93,11.93,3.48,22.55,2.46,61.93,0.1,,,,,60.0,1.52,146.25,11.0,23.6,0.0
2023-03-15 02:00:00,2023-03-15 03:00:00,119.0,191.0,0.27,22.08,11.95,3.43,32.5,3.55,62.12,0.1,,,,,64.25,1.25,181.5,11.0,23.02,0.0
2023-03-15 03:00:00,2023-03-15 04:00:00,125.75,175.0,0.35,24.07,13.08,3.48,16.68,1.82,58.53,0.1,,,,,64.5,1.27,94.25,11.0,22.9,0.0
2023-03-15 04:00:00,2023-03-15 05:00:00,,,,,,,,,,,,,,,,,,,,
2023-03-15 05:00:00,2023-03-15 06:00:00,,,,,,,,,,,,,,,,,,,,
2023-03-15 06:00:00,2023-03-15 07:00:00,,,,,,,,,,,,,,,,,,,,
2023-03-15 07:00:00,2023-03-15 08:00:00,140.0,220.0,0.9,20.4,11.6,3.5,0.4,0.05,60.7,0.1,,,,,65.0,1.1,33.0,68.0,22.9,0.0
2023-03-15 08:00:00,2023-03-15 09:00:00,138.25,223.25,1.0,20.65,11.78,3.55,4.5,0.5,63.88,0.1,,,,,63.75,1.65,124.75,151.25,23.6,0.0
2023-03-15 09:00:00,2023-03-15 10:00:00,144.0,239.75,0.95,17.48,10.07,3.45,3.08,0.33,80.6,0.1,,,,,55.5,1.82,134.5,230.5,25.4,0.0
2023-03-15 10:00:00,2023-03-15 11:00:00,124.0,219.25,0.72,24.02,13.35,3.48,10.45,1.15,80.62,0.1,,,,,58.25,1.15,162.75,130.25,25.43,0.0
2023-03-15 11:00:00,2023-03-15 12:00:00,131.0,191.25,1.35,24.75,14.27,3.55,6.47,0.71,90.7,0.1,,,,,51.5,1.35,232.75,162.5,26.65,0.0
2023-03-15 12:00:00,2023-03-15 13:00:00,125.75,175.75,1.02,34.65,19.25,3.5,6.6,0.72,72.28,0.1,,,,,58.0,1.58,178.0,15.5,25.3,0.0
2023-03-15 13:00:00,2023-03-15 14:00:00,121.25,181.75,0.78,29.65,16.4,3.5,2.0,0.22,65.03,0.1,,,,,63.25,1.7,159.75,18.75,23.2,0.0
2023-03-15 14:00:00,2023-03-15 15:00:00,113.75,154.25,0.97,25.3,14.25,3.62,,,65.15,0.1,,,,,64.25,2.25,165.5,33.25,22.45,0.0
2023-03-15 15:00:00,2023-03-15 16:00:00,77.75,119.75,1.02,18.93,10.93,3.58,,,72.58,0.1,,,,,62.25,2.0,285.5,76.25,21.9,0.0
2023-03-15 16:00:00,2023-03-15 17:00:00,57.5,97.25,1.2,28.5,16.12,3.52,,,66.83,0.1,,,,,59.75,1.2,294.0,29.0,22.43,0.0
2023-03-15 17:00:00,2023-03-15 18:00:00,74.0,130.25,0.78,37.1,20.38,3.5,,,44.15,0.1,,,,,65.75,1.1,106.25,11.25,21.38,0.0
2023-03-15 18:00:00,2023-03-15 19:00:00,100.0,155.75,0.62,37.48,20.42,3.42,4.07,0.44,39.08,0.1,,,,,70.75,1.4,108.5,11.0,20.23,0.0
2023-03-15 19:00:00,2023-03-15 20:00:00,94.5,130.0,3.65,41.85,25.23,3.45,0.2,0.01,35.38,0.1,,,,,69.5,1.0,126.75,11.0,20.12,0.0
2023-03-15 20:00:00,2023-03-15 21:00:00,87.0,120.25,2.25,32.5,19.1,3.5,46.05,5.03,40.98,0.1,,,,,71.25,2.62,95.5,11.0,20.45,0.0
2023-03-15 21:00:00,2023-03-15 22:00:00,119.75,196.0,0.67,22.12,12.3,3.52,36.35,3.97,68.15,0.1,,,,,70.25,1.98,87.0,11.0,20.02,0.0
2023-03-15 22:00:00,2023-03-15 23:00:00,63.5,226.75,0.5,16.85,9.32,3.42,10.6,1.16,76.08,0.1,,,,,74.5,3.15,247.75,11.0,19.23,0.0
2023-03-15 23:00:00,2023-03-16 00:00:00,43.5,196.0,0.33,13.85,7.6,3.48,,,81.12,0.1,,,,,81.75,1.97,203.5,11.0,17.82,0.0
2023-03-16 00:00:00,2023-03-16 01:00:00,27.25,,0.2,12.2,6.62,3.52,,,74.65,0.1,,,,,84.25,2.2,249.5,11.0,17.6,0.0
2023-03-16 01:00:00,2023-03-16 02:00:00,27.5,,0.1,11.57,6.12,3.55,,,67.13,0.1,,,,,86.0,1.95,205.0,10.75,17.6,0.0
2023-03-16 02:00:00,2023-03-16 03:00:00,24.25,,0.2,12.98,7.0,3.55,0.83,0.09,57.42,0.1,,,,,88.0,1.25,87.75,11.25,,0.0
2023-03-16 03:00:00,2023-03-16 04:00:00,19.25,,0.35,18.3,10.03,3.43,0.85,0.1,46.23,0.1,,,,,89.25,0.88,156.75,11.0,,0.0
2023-03-16 04:00:00,2023-03-16 05:00:00,22.25,,0.17,19.45,10.5,3.48,,,30.58,0.1,,,,,90.0,1.0,65.33,11.0,,0.0
2023-03-16 05:00:00,2023-03-16 06:00:00,20.75,,0.28,18.48,10.03,3.52,0.97,0.1,33.3,0.1,,,,,89.75,0.97,102.75,17.0,,0.0
2023-03-16 06:00:00,2023-03-16 07:00:00,30.75,,0.8,16.38,9.38,3.55,6.65,0.72,38.63,0.1,,,,,86.5,1.08,55.75,46.75,,0.0
2023-03-16 07:00:00,2023-03-16 08:00:00,41.75,,0.82,16.62,9.53,3.48,5.9,0.65,53.25,0.1,,,,,80.5,1.38,48.75,92.25,,0.0
2023-03-16 08:00:00,2023-03-16 09:00:00,47.5,,1.5,20.12,11.93,3.45,6.05,0.66,42.53,0.1,,,,,83.0,1.55,110.75,33.75,,0.0
2023-03-16 09:00:00,2023-03-16 10:00:00,62.5,,1.8,22.2,13.3,3.6,19.65,2.14,36.83,0.1,,,,,86.0,1.5,33.25,37.75,19.6,0.0
2023-03-16 10:00:00,2023-03-16 11:00:00,76.5,,1.65,21.02,12.5,3.52,13.32,1.46,40.6,0.1,,,,,78.75,1.68,35.75,167.0,21.0,0.0
2023-03-16 11:00:00,2023-03-16 12:00:00,54.25,680.0,1.92,20.42,12.42,3.55,12.15,1.33,53.92,0.1,,,,,68.25,1.98,33.5,255.25,23.22,0.0
2023-03-16 12:00:00,2023-03-16 13:00:00,45.75,,1.1,18.67,10.88,3.55,7.43,0.81,73.38,0.1,,,,,60.0,2.2,36.25,262.0,24.58,0.0
2023-03-16 13:00:00,2023-03-16 14:00:00,36.5,,1.07,18.77,10.88,10.48,6.25,0.54,78.97,0.32,3.2,0.85,1.3,0.1,56.67,2.17,36.25,226.67,25.35,0.0
2023-03-16 14:00:00,2023-03-16 15:00:00,36.5,,1.25,16.65,9.88,9.28,1.57,0.05,77.92,0.6,3.35,0.88,1.4,0.1,56.5,1.88,36.25,151.0,25.4,0.0
2023-03-16 15:00:00,2023-03-16 16:00:00,40.75,,0.72,14.98,8.53,8.38,3.0,0.1,77.12,0.33,1.88,0.5,0.77,0.05,57.0,1.6,35.0,71.0,25.02,0.0
2023-03-16 16:00:00,2023-03-16 17:00:00,36.75,63.5,0.53,18.62,10.3,10.38,2.4,0.08,71.62,0.25,1.38,0.35,0.57,,57.25,1.47,37.25,26.25,23.93,0.0
2023-03-16 17:00:00,2023-03-16 18:00:00,41.5,72.5,1.35,30.55,17.33,17.05,20.3,0.68,53.25,0.65,3.58,0.93,1.53,0.12,61.0,1.57,21.25,11.25,22.98,0.0
2023-03-16 18:00:00,2023-03-16 19:00:00,59.5,104.5,0.43,21.7,11.82,12.1,15.9,0.53,58.65,0.15,0.93,0.22,0.35,0.03,62.25,1.38,48.25,11.25,22.27,0.0
2023-03-16 19:00:00,2023-03-16 20:00:00,51.5,90.5,0.17,22.85,12.23,12.75,9.8,0.32,55.95,0.05,0.3,0.05,0.12,,65.5,1.32,41.25,11.0,21.47,0.0
2023-03-16 20:00:00,2023-03-16 21:00:00,45.25,79.25,0.62,29.38,16.12,16.4,11.82,0.4,43.15,0.28,1.57,0.45,0.65,0.08,67.75,1.12,46.75,11.0,20.85,0.0
2023-03-16 21:00:00,2023-03-16 22:00:00,57.75,101.5,1.6,39.95,22.55,22.3,22.77,0.76,30.77,0.75,4.25,1.08,1.77,0.17,68.75,1.05,17.5,10.5,20.57,0.0
2023-03-16 22:00:00,2023-03-16 23:00:00,66.25,115.25,1.62,32.95,18.8,18.4,59.03,1.98,33.75,0.75,4.32,1.12,1.8,0.18,70.5,0.95,338.25,11.0,20.17,0.0
2023-03-16 23:00:00,2023-03-17 00:00:00,79.25,138.75,1.65,38.98,22.08,21.78,64.03,2.14,22.4,0.83,4.47,1.15,1.85,0.17,74.25,0.8,245.75,10.5,19.57,0.0
2023-03-17 00:00:00,2023-03-17 01:00:00,95.5,167.0,1.12,28.92,16.27,16.15,3.6,0.12,18.28,0.53,2.92,0.78,1.2,0.1,79.75,0.88,213.75,10.25,18.95,0.0
2023-03-17 01:00:00,2023-03-17 02:00:00,91.5,160.5,0.62,22.2,12.32,12.42,53.43,1.79,25.12,0.3,1.7,0.45,0.7,0.03,80.75,0.77,195.0,10.75,18.82,0.0
2023-03-17 02:00:00,2023-03-17 03:00:00,74.75,130.75,0.33,23.3,12.65,13.0,79.6,2.66,19.6,0.17,0.83,0.25,0.33,,82.75,0.75,43.0,11.0,18.52,0.0
2023-03-17 03:00:00,2023-03-17 04:00:00,87.0,151.5,1.12,27.23,15.43,15.23,72.22,2.42,15.95,0.53,3.05,0.8,1.25,0.12,84.25,0.85,192.25,11.0,18.5,0.0
2023-03-17 04:00:00,2023-03-17 05:00:00,89.75,157.75,0.8,25.93,14.45,14.47,67.22,2.25,13.38,0.4,2.17,0.57,0.9,0.1,86.25,1.15,31.0,11.0,18.4,0.0
2023-03-17 05:00:00,2023-03-17 06:00:00,76.5,133.5,0.77,22.75,12.72,12.73,59.43,1.99,13.97,0.38,2.05,0.55,0.85,0.1,87.0,0.85,65.25,17.5,18.02,0.0
2023-03-17 06:00:00,2023-03-17 07:00:00,78.25,136.75,1.4,21.58,12.6,12.07,18.53,0.62,15.77,0.65,3.73,0.95,1.5,0.15,83.0,0.85,83.75,53.25,18.68,0.0
2023-03-17 07:00:00,2023-03-17 08:00:00,68.25,119.75,2.17,23.52,14.32,13.12,7.38,0.25,32.05,1.02,5.93,1.55,2.45,0.23,75.5,0.92,133.5,76.5,20.25,0.0
2023-03-17 08:00:00,2023-03-17 09:00:00,75.25,132.5,1.68,19.43,11.67,10.88,1.7,0.06,51.6,0.77,4.4,1.15,1.83,0.17,65.5,1.0,85.0,112.75,22.25,0.0
2023-03-17 09:00:00,2023-03-17 10:00:00,54.5,95.75,1.0,15.93,9.3,8.9,,,67.28,0.47,2.67,0.7,1.12,0.1,60.75,1.67,150.75,217.5,23.6,0.0
2023-03-17 10:00:00,2023-03-17 11:00:00,40.75,71.75,0.8,16.6,9.48,9.28,3.2,0.11,78.65,0.4,2.12,0.57,0.88,0.1,52.25,1.35,105.0,285.5,25.62,0.0
2023-03-17 11:00:00,2023-03-17 12:00:00,36.25,63.0,0.5,17.18,9.52,9.58,2.58,0.09,86.8,0.23,1.25,0.33,0.52,0.03,48.25,1.42,77.5,201.25,26.55,0.0
2023-03-17 12:00:00,2023-03-17 13:00:00,34.5,60.0,0.55,18.02,10.0,10.05,1.27,0.04,78.75,0.28,1.48,0.38,0.62,0.03,51.75,2.3,126.25,140.75,25.35,0.0
2023-03-17 13:00:00,2023-03-17 14:00:00,37.0,64.75,0.55,18.88,10.5,10.55,0.73,0.02,82.35,0.25,1.52,0.35,0.65,0.05,48.5,2.05,160.0,220.25,26.33,0.0
2023-03-17 14:00:00,2023-03-17 15:00:00,41.0,72.5,0.5,15.0,8.38,8.4,,,95.53,0.22,1.25,0.3,0.52,0.03,44.5,1.75,122.25,157.5,26.85,0.0
2023-03-17 15:00:00,2023-03-17 16:00:00,44.5,77.25,0.5,12.02,6.83,6.73,,,101.28,0.25,1.35,0.35,0.57,,42.0,1.38,141.5,83.75,27.0,0.0
2023-03-17 16:00:00,2023-03-17 17:00:00,45.5,79.5,0.25,16.88,9.18,9.4,,,92.97,0.12,0.73,0.17,0.28,,46.25,1.12,155.0,30.0,26.15,0.0
2023-03-17 17:00:00,2023-03-17 18:00:00,62.5,109.25,32.05,89.67,73.75,50.08,,,20.32,14.98,85.53,22.4,35.35,3.38,53.5,0.8,215.0,11.5,24.75,0.0
2023-03-17 18:00:00,2023-03-17 19:00:00,107.25,187.75,50.4,96.15,92.12,53.73,8.0,0.27,1.48,23.52,134.38,35.22,55.55,5.28,58.75,0.78,81.25,11.25,23.6,0.0
2023-03-17 19:00:00,2023-03-17 20:00:00,165.0,289.0,13.7,86.9,57.38,48.58,55.38,1.85,8.1,6.4,36.52,9.55,15.08,1.43,61.0,0.97,17.75,11.25,23.28,0.0
2023-03-17 20:00:00,2023-03-17 21:00:00,157.75,276.0,14.1,81.9,55.05,45.75,70.88,2.37,5.88,6.6,37.58,9.85,15.53,1.48,64.0,0.78,196.75,11.0,22.8,0.0
2023-03-17 21:00:00,2023-03-17 22:00:00,202.5,354.75,66.35,81.5,97.25,45.5,34.6,1.16,0.3,31.0,176.9,46.35,73.15,6.97,70.25,0.75,277.75,11.0,21.78,0.0
2023-03-17 22:00:00,2023-03-17 23:00:00,271.0,473.75,32.4,65.35,61.1,36.53,17.45,0.59,0.9,15.12,86.4,22.65,35.72,3.38,72.75,0.88,194.5,11.0,21.23,0.0
2023-03-17 23:00:00,2023-03-18 00:00:00,244.5,427.25,19.75,54.0,44.77,30.15,11.07,0.37,1.0,9.22,52.62,13.8,21.75,2.05,75.75,0.9,241.5,10.75,20.8,0.0
2023-03-18 00:00:00,2023-03-18 01:00:00,220.75,386.5,5.22,41.4,26.25,23.12,44.08,1.48,4.75,2.45,13.95,3.62,5.77,0.53,77.0,1.25,168.0,10.75,20.85,0.0
2023-03-18 01:00:00,2023-03-18 02:00:00,200.75,351.25,3.77,41.35,25.07,23.1,19.65,0.66,0.92,1.77,10.05,2.65,4.15,0.35,83.0,0.93,159.75,11.0,19.97,0.0
2023-03-18 02:00:00,2023-03-18 03:00:00,160.25,280.75,4.75,41.7,26.05,23.28,29.43,0.98,,2.23,12.72,3.33,5.22,0.53,85.25,1.1,101.5,11.0,19.55,0.0
2023-03-18 03:00:00,2023-03-18 04:00:00,121.75,212.25,2.58,39.6,23.15,22.12,44.83,1.5,1.87,1.2,6.9,1.83,2.85,0.27,87.5,1.72,234.0,11.5,19.62,0.0
2023-03-18 04:00:00,2023-03-18 05:00:00,103.0,179.75,0.9,26.5,14.88,14.8,40.98,1.37,11.77,0.42,2.45,0.65,1.02,0.1,90.75,1.27,81.25,11.75,19.57,0.0
2023-03-18 05:00:00,2023-03-18 06:00:00,83.25,145.25,1.05,30.1,16.9,16.82,29.27,0.98,5.25,0.55,2.9,0.75,1.2,0.08,92.25,1.3,189.25,13.75,19.33,0.0
2023-03-18 06:00:00,2023-03-18 07:00:00,104.25,182.75,5.2,28.38,19.32,15.85,11.45,0.38,5.58,2.45,13.97,3.67,5.8,0.52,92.0,1.07,93.5,32.75,19.65,0.0
2023-03-18 07:00:00,2023-03-18 08:00:00,133.0,233.5,5.05,25.55,17.67,14.25,136.75,4.57,21.25,2.33,13.4,3.5,5.53,0.53,89.25,0.98,19.0,65.0,20.52,0.0
2023-03-18 08:00:00,2023-03-18 09:00:00,209.25,365.5,5.25,28.9,19.65,16.18,102.6,3.43,21.38,2.45,13.95,3.65,5.75,0.55,85.0,1.35,88.75,77.0,21.5,0.0
2023-03-18 09:00:00,2023-03-18 10:00:00,195.25,341.25,2.12,21.15,12.97,11.85,56.0,1.87,36.35,1.02,5.72,1.5,2.35,0.23,80.5,1.3,43.75,91.25,21.9,0.0
2023-03-18 10:00:00,2023-03-18 11:00:00,129.25,226.0,1.42,21.4,12.55,11.97,47.23,1.58,58.47,0.65,3.75,1.0,1.58,0.1,69.5,1.73,29.5,264.0,24.05,0.0
2023-03-18 11:00:00,2023-03-18 12:00:00,80.25,139.75,1.07,22.73,12.97,12.7,42.1,1.41,80.12,0.5,2.85,0.75,1.15,0.08,59.75,1.8,29.0,304.0,25.82,0.0
2023-03-18 12:00:00,2023-03-18 13:00:00,62.5,109.25,1.03,22.65,12.85,12.65,23.3,0.78,91.75,0.45,2.68,0.7,1.12,0.1,51.25,2.12,31.25,285.5,26.9,0.0
2023-03-18 13:00:00,2023-03-18 14:00:00,46.5,82.0,0.88,24.57,13.78,13.73,12.6,0.42,95.65,0.4,2.3,0.6,0.93,0.1,48.25,2.25,14.25,221.75,27.75,0.0
2023-03-18 14:00:00,2023-03-18 15:00:00,50.25,87.5,1.05,19.0,10.95,10.6,0.4,0.01,96.4,0.48,2.75,0.72,1.15,0.1,47.5,1.6,47.0,159.0,27.85,0.0
2023-03-18 15:00:00,2023-03-18 16:00:00,53.5,93.5,0.22,10.53,5.78,5.85,,,94.9,0.15,0.67,0.17,0.28,,48.5,1.38,120.25,70.0,27.68,0.0
2023-03-18 16:00:00,2023-03-18 17:00:00,48.0,85.0,0.25,15.15,8.28,8.47,,,81.6,0.12,0.65,0.18,0.27,,55.0,1.85,186.0,32.5,25.72,0.0
2023-03-18 17:00:00,2023-03-18 18:00:00,50.25,88.5,0.22,15.8,8.57,8.82,,,76.07,0.12,0.6,0.15,0.25,,62.5,2.1,172.25,12.0,23.67,0.0
2023-03-18 18:00:00,2023-03-18 19:00:00,56.25,98.0,0.2,21.2,11.42,11.85,1.5,0.05,76.62,0.1,0.55,0.15,0.2,,60.5,1.12,89.5,11.25,22.9,0.0
2023-03-18 19:00:00,2023-03-18 20:00:00,52.5,91.5,0.5,34.85,18.9,19.45,3.15,0.11,54.7,0.25,1.3,0.35,0.55,,66.25,1.05,91.25,11.0,22.27,0.0
2023-03-18 20:00:00,2023-03-18 21:00:00,64.5,113.0,0.45,30.3,16.53,16.92,3.15,0.11,51.05,0.25,1.23,0.33,0.53,,70.75,0.95,75.75,11.0,21.73,0.0
2023-03-18 21:00:00,2023-03-18 22:00:00,78.0,135.75,0.33,30.35,16.43,16.97,19.02,0.64,45.08,0.17,0.9,0.2,0.38,,71.25,1.02,38.25,11.0,21.32,0.0
2023-03-18 22:00:00,2023-03-18 23:00:00,75.5,132.25,0.1,21.4,11.43,11.95,,,52.18,0.07,0.3,0.07,0.1,,71.75,1.05,55.5,11.0,21.12,0.0
2023-03-18 23:00:00,2023-03-19 00:00:00,59.5,103.75,0.62,23.82,13.15,13.3,4.8,0.16,36.6,0.28,1.6,0.4,0.68,0.05,76.0,1.27,151.0,11.0,20.75,0.0
2023-03-19 00:00:00,2023-03-19 01:00:00,75.5,132.5,0.52,19.55,10.78,10.9,2.3,0.08,39.85,0.25,1.33,0.35,0.55,0.03,78.0,1.1,178.75,11.0,20.58,0.0
2023-03-19 01:00:00,2023-03-19 02:00:00,73.5,129.0,0.27,15.97,8.72,8.92,,,40.12,0.15,0.78,0.23,0.33,,79.75,0.88,110.5,10.5,20.23,0.0
2023-03-19 02:00:00,2023-03-19 03:00:00,61.75,108.0,0.3,18.85,10.18,10.52,2.93,0.1,34.12,0.05,0.43,0.1,0.15,,80.75,0.95,132.5,11.0,19.95,0.0
2023-03-19 03:00:00,2023-03-19 04:00:00,65.5,114.75,0.5,26.45,14.45,14.75,31.55,1.05,15.82,0.23,1.33,0.35,0.52,0.05,87.0,1.02,50.75,11.0,19.38,0.0
2023-03-19 04:00:00,2023-03-19 05:00:00,70.75,124.5,0.33,26.77,14.45,14.97,50.95,1.7,18.4,0.12,0.7,0.15,0.25,,88.5,0.93,39.25,11.25,19.07,0.0
2023-03-19 05:00:00,2023-03-19 06:00:00,67.5,118.5,0.42,23.7,12.93,13.23,22.0,0.74,20.9,0.2,1.12,0.28,0.45,,87.0,0.82,64.25,16.0,18.88,0.0
2023-03-19 06:00:00,2023-03-19 07:00:00,62.25,108.75,1.23,20.83,12.07,11.65,14.7,0.49,18.57,0.55,3.22,0.82,1.35,0.12,85.25,0.92,62.0,33.5,19.25,0.0
2023-03-19 07:00:00,2023-03-19 08:00:00,76.5,134.25,1.25,20.75,12.07,11.57,17.88,0.6,22.15,0.6,3.33,0.9,1.38,0.12,84.25,1.0,45.75,36.75,19.55,0.0
2023-03-19 08:00:00,2023-03-19 09:00:00,88.5,154.5,3.0,23.22,14.8,12.98,23.3,0.78,18.05,1.35,7.95,2.07,3.3,0.3,85.75,1.28,253.25,40.25,19.83,0.0
2023-03-19 09:00:00,2023-03-19 10:00:00,106.75,187.0,2.93,24.9,15.62,13.9,33.4,1.11,21.07,1.38,7.85,2.1,3.23,0.3,86.5,1.25,254.25,47.5,20.02,0.0
2023-03-19 10:00:00,2023-03-19 11:00:00,134.25,234.5,1.48,23.57,13.78,13.18,20.62,0.69,30.5,0.67,3.95,1.02,1.62,0.15,88.0,1.35,179.0,41.0,19.88,0.0
2023-03-19 11:00:00,2023-03-19 12:00:00,98.5,172.0,0.88,22.85,12.9,12.75,21.5,0.72,42.05,0.43,2.4,0.65,1.0,0.1,89.0,0.93,60.75,69.0,19.92,0.0
2023-03-19 12:00:00,2023-03-19 13:00:00,69.0,120.5,0.72,23.68,13.18,13.25,22.75,0.76,47.22,0.35,1.92,0.5,0.82,0.05,88.75,1.0,89.0,58.5,19.92,0.0
2023-03-19 13:00:00,2023-03-19 14:00:00,61.5,107.0,0.53,21.43,11.82,11.97,14.85,0.5,50.15,0.25,1.38,0.33,0.6,,87.5,1.32,110.0,53.75,19.7,0.0
2023-03-19 14:00:00,2023-03-19 15:00:00,60.25,106.0,0.43,18.43,10.12,10.3,2.7,0.09,44.6,0.2,1.15,0.28,0.45,,89.75,1.07,78.5,45.0,19.42,0.0
2023-03-19 15:00:00,2023-03-19 16:00:00,62.25,108.5,0.28,14.15,7.72,7.9,,,43.57,0.1,0.73,0.15,0.3,,89.5,1.0,67.5,45.0,19.4,0.0
2023-03-19 16:00:00,2023-03-19 17:00:00,54.25,94.5,0.35,12.82,6.95,7.15,,,44.7,0.1,0.6,0.17,0.23,,89.0,0.85,93.5,24.5,19.4,0.0
2023-03-19 17:00:00,2023-03-19 18:00:00,62.0,108.5,0.3,14.98,8.23,8.38,,,36.9,0.15,0.85,0.23,0.35,,91.0,1.0,171.25,11.25,19.25,0.0
2023-03-19 18:00:00,2023-03-19 19:00:00,69.25,121.25,1.73,25.97,15.25,14.5,4.13,0.14,28.03,0.82,4.65,1.23,1.93,0.17,91.75,1.0,65.5,11.0,19.15,0.0
2023-03-19 19:00:00,2023-03-19 20:00:00,61.75,107.75,3.65,39.07,23.72,21.83,46.32,1.55,15.83,1.67,9.7,2.55,4.0,0.35,91.25,1.02,22.25,11.75,19.12,0.0
2023-03-19 20:00:00,2023-03-19 21:00:00,90.0,157.33,3.1,38.5,23.03,21.5,41.93,1.4,15.4,1.43,8.2,2.17,3.37,0.33,91.67,0.87,36.33,11.0,19.07,0.0
2023-03-19 21:00:00,2023-03-19 22:00:00,95.0,167.25,0.47,29.2,15.93,16.3,23.75,0.8,19.0,0.23,1.27,0.32,0.53,,92.25,0.93,41.25,11.75,19.0,0.0
2023-03-19 22:00:00,2023-03-19 23:00:00,76.75,134.25,0.45,23.08,12.68,12.93,15.7,0.52,16.25,0.2,1.2,0.3,0.53,,93.0,0.82,56.25,11.0,18.95,0.0
2023-03-19 23:00:00,2023-03-20 00:00:00,72.75,128.0,0.3,18.33,9.97,10.25,6.23,0.21,16.3,0.15,0.78,0.2,0.3,,93.5,0.85,39.75,11.0,18.8,0.0
2023-03-20 00:00:00,2023-03-20 01:00:00,64.5,112.5,0.33,15.32,8.43,8.58,17.18,0.58,22.1,0.17,0.92,0.2,0.38,,94.0,1.3,17.0,11.0,18.58,0.0
2023-03-20 01:00:00,2023-03-20 02:00:00,61.75,107.75,0.2,13.2,7.17,7.35,14.45,0.48,24.77,0.12,0.6,0.18,0.25,,94.0,0.88,49.0,11.0,18.5,0.0
2023-03-20 02:00:00,2023-03-20 03:00:00,53.5,94.0,0.25,15.12,8.25,8.47,7.82,0.26,20.05,0.15,0.68,0.18,0.3,,95.0,0.95,24.0,11.0,18.32,0.0
2023-03-20 03:00:00,2023-03-20 04:00:00,39.75,69.75,0.38,18.6,10.17,10.38,12.77,0.43,21.82,0.15,1.0,0.25,0.4,,96.25,1.18,175.5,11.25,18.23,0.0
2023-03-20 04:00:00,2023-03-20 05:00:00,,,,,0.0,,,0.0,,0.0,,,,,,,,,,
2023-03-20 05:00:00,2023-03-20 06:00:00,,,,17.45,7.2,9.72,,0.0,18.2,,,,,,96.75,0.82,48.0,13.25,,0.0
2023-03-20 06:00:00,2023-03-20 07:00:00,,,0.33,14.62,8.05,8.15,,,26.85,0.17,0.93,0.25,0.38,,96.0,0.85,64.0,24.25,,0.0
2023-03-20 07:00:00,2023-03-20 08:00:00,30.0,52.5,0.95,15.6,9.07,8.7,,,29.95,0.43,2.55,0.68,1.07,0.08,94.5,0.83,195.0,23.75,,0.0
2023-03-20 08:00:00,2023-03-20 09:00:00,35.25,61.75,1.38,17.27,10.28,9.65,,,25.22,0.65,3.68,0.95,1.5,0.12,93.5,1.1,279.5,47.25,,0.0
2023-03-20 09:00:00,2023-03-20 10:00:00,42.75,74.5,2.48,15.02,10.0,8.4,4.25,0.14,28.35,1.18,6.65,1.75,2.75,0.25,92.25,1.25,35.25,83.75,,0.0
2023-03-20 10:00:00,2023-03-20 11:00:00,41.75,73.0,1.85,15.9,9.98,8.88,4.47,0.15,32.92,0.88,4.97,1.3,2.05,0.23,,1.0,92.5,,21.3,0.0
2023-03-20 11:00:00,2023-03-20 12:00:00,44.0,77.0,2.2,15.43,9.95,8.6,1.95,0.06,37.55,1.02,5.88,1.55,2.42,0.22,,1.23,47.0,,21.35,0.0
2023-03-20 12:00:00,2023-03-20 13:00:00,39.75,69.5,3.23,18.1,12.25,10.1,6.35,0.21,50.72,1.52,8.62,2.27,3.55,0.33,75.0,1.77,7.5,233.75,22.8,3.33
2023-03-20 13:00:00,2023-03-20 14:00:00,24.5,43.75,1.62,13.5,8.5,7.55,8.05,0.27,62.8,0.78,4.35,1.15,1.77,0.17,70.0,1.43,177.0,169.25,23.25,0.0
2023-03-20 14:00:00,2023-03-20 15:00:00,25.25,44.0,1.02,13.1,7.8,7.33,8.18,0.27,69.12,0.47,2.72,0.73,1.12,0.1,65.0,1.38,109.5,157.0,24.5,0.0
2023-03-20 15:00:00,2023-03-20 16:00:00,19.75,34.25,0.95,13.87,8.12,7.75,4.83,0.16,68.05,0.42,2.55,0.65,1.07,0.08,65.75,1.05,37.75,68.75,24.25,0.0
2023-03-20 16:00:00,2023-03-20 17:00:00,22.0,39.0,0.73,19.82,11.0,11.07,10.8,0.36,63.05,0.25,1.48,0.4,0.62,0.05,67.5,1.12,36.5,30.75,23.7,0.0
2023-03-20 17:00:00,2023-03-20 18:00:00,26.75,47.0,1.6,38.0,21.5,21.22,14.47,0.49,38.18,0.73,4.25,1.12,1.77,0.18,75.25,1.15,28.75,11.75,22.77,0.0
2023-03-20 18:00:00,2023-03-20 19:00:00,49.0,85.0,2.12,32.35,18.93,18.1,34.57,1.16,37.88,0.97,5.63,1.47,2.33,0.2,79.5,1.1,39.0,11.0,22.1,0.0
2023-03-20 19:00:00,2023-03-20 20:00:00,62.5,109.25,0.38,19.85,10.87,11.08,2.88,0.09,41.95,0.2,1.0,0.28,0.4,,85.5,1.3,35.5,11.0,21.05,0.25
2023-03-20 20:00:00,2023-03-20 21:00:00,45.25,79.75,0.53,18.48,10.25,10.32,0.45,0.01,40.42,0.25,1.35,0.38,0.58,0.03,86.25,1.25,51.25,11.0,20.77,0.0
2023-03-20 21:00:00,2023-03-20 22:00:00,41.0,71.5,0.1,14.03,7.53,7.83,0.2,0.0,42.53,0.03,0.15,0.03,0.05,,86.5,1.1,61.5,11.0,20.48,0.0
2023-03-20 22:00:00,2023-03-20 23:00:00,33.0,57.25,0.1,12.55,6.73,7.0,,,34.55,0.03,0.17,0.03,0.05,,88.25,0.92,125.25,11.0,20.3,0.0
2023-03-20 23:00:00,2023-03-21 00:00:00,28.5,50.0,0.3,11.63,6.4,6.53,,,36.33,0.15,0.75,0.2,0.3,,90.75,1.15,37.0,11.0,20.02,0.5
2023-03-21 00:00:00,2023-03-21 01:00:00,28.0,49.0,0.22,8.5,4.72,4.77,0.8,0.03,36.65,0.1,0.6,0.17,0.28,,92.25,0.97,36.25,11.0,19.58,0.0
2023-03-21 01:00:00,2023-03-21 02:00:00,30.0,52.5,0.23,10.35,5.62,5.78,0.93,0.03,31.47,0.13,0.67,0.17,0.23,,93.75,0.93,102.0,11.0,19.43,0.0
2023-03-21 02:00:00,2023-03-21 03:00:00,24.5,42.75,0.25,10.4,5.75,5.8,6.47,0.22,27.5,0.08,0.65,0.15,0.25,,94.0,1.33,340.5,11.0,19.38,0.0
2023-03-21 03:00:00,2023-03-21 04:00:00,32.25,56.0,0.4,11.43,6.43,6.4,29.68,1.0,25.38,0.23,1.12,0.28,0.45,0.03,94.5,1.18,238.0,11.0,19.38,0.0
2023-03-21 04:00:00,2023-03-21 05:00:00,39.5,69.75,0.15,10.52,5.72,5.87,33.23,1.11,29.3,0.05,0.4,0.08,0.15,,95.0,1.53,20.33,11.0,19.23,0.0
2023-03-21 05:00:00,2023-03-21 06:00:00,36.5,64.25,0.53,10.68,6.12,5.95,20.4,0.69,28.2,0.22,1.4,0.35,0.57,0.08,95.0,1.0,40.75,13.25,19.12,0.0
2023-03-21 06:00:00,2023-03-21 07:00:00,35.25,62.25,1.25,13.28,8.05,7.4,9.72,0.32,25.07,0.57,3.28,0.88,1.35,0.15,93.75,0.97,111.5,29.25,19.27,0.0
2023-03-21 07:00:00,2023-03-21 08:00:00,40.0,70.0,2.42,13.72,9.28,7.67,29.5,0.99,40.2,1.12,6.55,1.7,2.7,0.27,90.0,1.1,19.5,61.5,20.08,0.0
2023-03-21 08:00:00,2023-03-21 09:00:00,52.25,91.75,1.33,13.92,8.48,7.8,19.02,0.64,37.95,0.6,3.52,0.95,1.45,0.12,85.5,0.88,132.25,62.5,20.52,0.0
2023-03-21 09:00:00,2023-03-21 10:00:00,43.5,76.5,1.07,11.0,6.7,6.12,10.2,0.34,48.12,0.47,2.85,0.75,1.17,0.1,79.75,1.12,130.25,169.5,21.45,0.0
2023-03-21 10:00:00,2023-03-21 11:00:00,29.5,52.25,0.8,10.4,6.17,5.83,5.52,0.18,59.92,0.4,2.15,0.55,0.9,0.1,69.75,1.37,132.25,231.0,23.1,0.0
2023-03-21 11:00:00,2023-03-21 12:00:00,15.5,26.5,1.12,11.35,6.92,6.3,4.53,0.15,67.88,0.53,3.03,0.8,1.25,0.1,64.75,1.6,138.0,294.5,24.18,0.0
2023-03-21 12:00:00,2023-03-21 13:00:00,20.0,36.0,1.72,13.47,8.57,7.55,4.68,0.16,69.25,0.8,4.58,1.2,1.9,0.17,66.25,1.65,338.5,176.5,23.8,0.0
2023-03-21 13:00:00,2023-03-21 14:00:00,20.0,177.5,1.8,15.78,9.9,8.82,3.05,0.1,74.6,0.85,4.88,1.28,2.0,0.2,59.5,1.45,253.75,255.25,25.48,0.0
2023-03-21 14:00:00,2023-03-21 15:00:00,20.0,108.0,0.75,12.2,7.12,6.83,0.73,0.03,78.22,0.35,2.05,0.53,0.88,0.05,57.25,1.42,134.75,144.75,25.82,0.0
2023-03-21 15:00:00,2023-03-21 16:00:00,18.5,98.75,1.55,15.0,9.22,8.35,3.0,0.1,72.62,0.68,4.1,1.07,1.7,0.15,58.25,1.33,128.5,83.5,25.58,0.0
2023-03-21 16:00:00,2023-03-21 17:00:00,17.25,170.0,0.5,12.05,6.82,6.72,2.1,0.07,71.32,0.25,1.3,0.35,0.55,,61.25,1.25,41.5,33.5,25.05,0.0
2023-03-21 17:00:00,2023-03-21 18:00:00,22.0,91.5,0.68,16.62,9.38,9.28,10.25,0.34,48.92,0.3,1.77,0.45,0.72,0.03,71.25,1.35,38.5,11.25,23.42,0.0
2023-03-21 18:00:00,2023-03-21 19:00:00,36.25,149.75,0.75,18.07,10.22,10.1,8.42,0.28,38.2,0.35,1.97,0.55,0.82,0.08,75.5,1.32,34.5,11.0,22.48,0.0
2023-03-21 19:00:00,2023-03-21 20:00:00,40.0,154.0,0.95,20.15,11.5,11.28,15.5,0.52,32.75,0.45,2.58,0.7,1.05,0.1,79.25,1.37,32.5,11.0,21.6,0.0
2023-03-21 20:00:00,2023-03-21 21:00:00,54.25,160.5,1.05,22.05,12.58,12.32,33.75,1.13,27.17,0.5,2.77,0.73,1.15,0.12,81.75,1.12,40.75,11.0,21.02,0.0
2023-03-21 21:00:00,2023-03-21 22:00:00,64.75,182.25,1.68,20.07,12.03,11.18,26.7,0.89,25.38,0.75,4.45,1.18,1.85,0.17,84.75,1.52,15.0,10.75,20.62,0.0
2023-03-21 22:00:00,2023-03-21 23:00:00,57.0,216.0,0.8,15.65,8.98,8.72,30.52,1.02,31.85,0.38,2.12,0.55,0.9,0.08,86.0,1.32,37.25,10.75,20.35,0.0
2023-03-21 23:00:00,2023-03-22 00:00:00,42.75,263.0,0.17,12.08,6.52,6.75,10.3,0.34,30.7,0.08,0.38,0.08,0.15,,86.25,1.18,124.5,10.75,20.23,0.0
2023-03-22 00:00:00,2023-03-22 01:00:00,35.75,397.5,0.17,10.82,5.88,6.02,25.12,0.84,28.1,0.08,0.45,0.08,0.15,,92.25,1.0,187.75,11.0,19.73,2.0
2023-03-22 01:00:00,2023-03-22 02:00:00,47.0,467.25,0.27,9.97,5.53,5.6,12.82,0.43,31.23,0.15,0.78,0.17,0.3,,93.0,1.18,110.75,11.0,19.25,0.75
2023-03-22 02:00:00,2023-03-22 03:00:00,24.75,805.75,0.22,11.45,6.25,6.42,8.28,0.28,33.85,0.1,0.62,0.15,0.25,,93.75,1.05,251.5,11.0,18.98,0.5
2023-03-22 03:00:00,2023-03-22 04:00:00,21.75,448.25,0.27,11.1,6.05,6.17,11.45,0.38,24.1,0.08,0.55,0.15,0.2,,95.0,0.93,269.25,11.0,19.2,0.0
2023-03-22 04:00:00,2023-03-22 05:00:00,28.0,270.5,0.45,12.5,6.97,6.97,10.55,0.35,21.5,0.2,1.2,0.3,0.5,,95.25,0.85,209.25,11.0,19.1,0.0
2023-03-22 05:00:00,2023-03-22 06:00:00,28.0,239.75,0.57,12.42,7.07,6.95,8.23,0.27,17.3,0.25,1.52,0.4,0.62,0.05,95.5,0.85,47.25,20.25,19.22,0.0
2023-03-22 06:00:00,2023-03-22 07:00:00,27.75,269.75,0.57,13.4,7.62,7.45,25.57,0.85,19.57,0.3,1.57,0.4,0.67,0.03,95.0,1.45,59.25,36.0,19.35,0.0
2023-03-22 07:00:00,2023-03-22 08:00:00,48.5,419.25,1.52,13.43,8.38,7.53,17.02,0.57,39.05,0.7,4.03,1.05,1.7,0.17,89.75,1.38,185.25,87.5,20.45,0.0
2023-03-22 08:00:00,2023-03-22 09:00:00,70.75,786.0,1.33,11.0,6.9,6.12,11.93,0.4,39.78,0.6,3.55,0.93,1.45,0.15,81.5,1.65,228.5,142.25,21.8,0.0
2023-03-22 09:00:00,2023-03-22 10:00:00,53.25,613.5,0.6,11.12,6.4,6.2,11.4,0.38,48.38,0.3,1.55,0.43,0.68,0.03,78.0,1.38,193.5,74.25,22.4,0.0
2023-03-22 10:00:00,2023-03-22 11:00:00,63.0,321.75,0.77,11.68,6.88,6.55,10.9,0.36,51.25,0.4,2.1,0.58,0.88,0.1,72.75,2.1,196.25,226.5,23.62,0.0
2023-03-22 11:00:00,2023-03-22 12:00:00,65.25,172.75,0.9,12.5,7.35,6.95,10.68,0.36,68.15,0.4,2.38,0.62,1.0,0.1,62.75,2.35,206.75,248.5,25.12,0.0
2023-03-22 12:00:00,2023-03-22 13:00:00,14.75,147.75,1.35,14.7,8.93,8.2,8.68,0.29,75.85,0.65,3.6,0.95,1.5,0.15,58.5,2.15,213.5,211.0,25.65,0.0
2023-03-22 13:00:00,2023-03-22 14:00:00,39.75,103.0,0.9,13.38,7.85,7.5,6.8,0.23,83.67,0.4,2.43,0.62,1.02,0.1,54.75,1.57,183.5,180.25,26.7,0.0
2023-03-22 14:00:00,2023-03-22 15:00:00,42.75,116.0,0.9,14.05,8.22,7.9,3.88,0.13,92.1,0.42,2.35,0.6,1.0,0.08,50.75,1.83,248.75,150.75,27.17,0.0
2023-03-22 15:00:00,2023-03-22 16:00:00,45.25,,0.77,15.6,8.92,8.72,3.85,0.13,95.03,0.38,2.12,0.55,0.85,0.08,52.5,1.57,216.25,69.25,26.62,0.0
2023-03-22 16:00:00,2023-03-22 17:00:00,42.75,312.0,0.65,21.3,11.88,11.9,2.0,0.07,73.33,0.35,1.82,0.45,0.72,0.03,55.75,1.45,195.75,22.75,25.3,0.0
2023-03-22 17:00:00,2023-03-22 18:00:00,44.75,268.75,1.32,30.98,17.55,17.3,4.57,0.15,47.73,0.62,3.58,0.93,1.45,0.12,62.0,1.13,162.75,11.75,24.15,0.0
2023-03-22 18:00:00,2023-03-22 19:00:00,57.0,65.0,2.35,47.45,27.12,26.52,8.55,0.29,27.6,1.1,6.28,1.62,2.55,0.23,65.25,1.0,200.5,11.0,23.53,0.0
2023-03-22 19:00:00,2023-03-22 20:00:00,54.75,124.25,1.43,32.02,18.2,17.9,9.38,0.31,36.27,0.68,3.85,1.0,1.58,0.15,66.5,1.15,208.0,11.0,22.97,0.0
2023-03-22 20:00:00,2023-03-22 21:00:00,43.75,307.25,1.97,29.98,17.55,16.73,13.12,0.43,36.67,0.95,5.28,1.38,2.17,0.23,70.5,1.42,221.75,11.0,22.07,0.0
2023-03-22 21:00:00,2023-03-22 22:00:00,44.5,287.0,1.1,28.85,16.25,16.1,17.65,0.59,32.65,0.5,2.9,0.75,1.2,0.1,76.0,1.2,211.5,11.0,21.15,0.0
2023-03-22 22:00:00,2023-03-22 23:00:00,53.0,343.75,1.32,27.33,15.62,15.25,16.73,0.56,30.1,0.6,3.47,0.9,1.45,0.15,79.5,1.2,166.0,10.5,20.7,0.0
2023-03-22 23:00:00,2023-03-23 00:00:00,64.5,544.0,0.62,20.95,11.68,11.7,9.73,0.33,30.75,0.3,1.63,0.42,0.7,0.03,80.5,1.48,334.75,11.0,20.6,0.0
2023-03-23 00:00:00,2023-03-23 01:00:00,59.75,466.75,0.3,10.43,5.73,5.82,8.25,0.28,69.32,0.12,0.8,0.17,0.25,,77.0,1.62,315.75,11.0,20.48,0.0
2023-03-23 01:00:00,2023-03-23 02:00:00,35.5,217.25,0.2,8.75,4.75,4.9,4.9,0.16,68.47,0.03,0.37,0.1,0.13,,78.5,1.02,273.75,11.0,19.88,0.0
2023-03-23 02:00:00,2023-03-23 03:00:00,31.5,233.75,0.33,14.07,7.78,7.88,7.18,0.24,47.02,0.12,0.88,0.2,0.35,,84.25,0.9,212.75,11.0,19.35,0.0
2023-03-23 03:00:00,2023-03-23 04:00:00,37.5,232.5,0.4,16.68,9.2,9.3,8.68,0.29,34.35,0.18,1.1,0.3,0.45,0.03,88.0,0.95,181.75,11.0,18.88,0.0
2023-03-23 04:00:00,2023-03-23 05:00:00,38.75,203.5,0.17,14.3,7.75,8.0,14.6,0.49,39.95,0.08,0.43,0.1,0.2,,87.5,1.02,185.5,11.0,18.7,0.0
2023-03-23 05:00:00,2023-03-23 06:00:00,38.25,187.0,0.68,18.4,10.38,10.25,5.92,0.2,33.95,0.33,1.88,0.5,0.75,0.08,87.75,1.05,74.0,21.25,18.72,0.0
2023-03-23 06:00:00,2023-03-23 07:00:00,44.25,234.75,1.18,16.52,9.73,9.23,9.68,0.32,33.47,0.55,3.1,0.82,1.3,0.12,85.0,1.18,152.5,78.25,19.6,0.0
2023-03-23 07:00:00,2023-03-23 08:00:00,63.5,405.0,1.02,12.82,7.62,7.18,23.97,0.8,54.95,0.47,2.65,0.67,1.12,0.1,80.0,1.6,26.5,148.75,21.23,0.0
2023-03-23 08:00:00,2023-03-23 09:00:00,61.75,394.75,1.5,13.35,8.32,7.42,16.4,0.55,58.52,0.7,3.95,1.02,1.62,0.17,75.75,2.02,98.25,211.25,22.0,0.0
2023-03-23 09:00:00,2023-03-23 10:00:00,47.75,322.25,1.23,13.43,8.15,7.5,19.4,0.65,59.57,0.55,3.28,0.85,1.38,0.1,72.0,2.12,19.25,300.5,22.98,0.0
2023-03-23 10:00:00,2023-03-23 11:00:00,38.0,280.75,1.65,16.43,10.07,9.15,20.55,0.69,71.1,0.8,4.4,1.12,1.82,0.17,65.75,2.42,92.25,345.5,23.9,0.0
2023-03-23 11:00:00,2023-03-23 12:00:00,30.5,205.25,1.9,17.35,10.8,9.68,18.88,0.63,70.58,0.9,5.12,1.32,2.1,0.2,65.0,2.78,127.0,323.75,24.45,0.0
2023-03-23 12:00:00,2023-03-23 13:00:00,31.5,166.5,2.38,18.25,11.65,10.2,14.33,0.48,68.5,1.08,6.3,1.65,2.58,0.27,64.25,2.83,94.25,306.25,24.6,0.0
2023-03-23 13:00:00,2023-03-23 14:00:00,29.75,139.25,1.62,16.5,10.1,9.23,9.95,0.33,70.22,0.75,4.35,1.15,1.82,0.18,63.25,2.52,12.75,249.5,24.75,0.0
2023-03-23 14:00:00,2023-03-23 15:00:00,31.5,127.0,1.38,14.07,8.62,7.85,4.65,0.16,75.55,0.67,3.72,1.0,1.55,0.12,61.25,2.1,24.25,171.75,24.78,0.0
2023-03-23 15:00:00,2023-03-23 16:00:00,30.0,135.25,1.02,13.55,8.03,7.55,4.1,0.14,78.65,0.45,2.75,0.72,1.12,0.1,60.75,1.93,26.25,92.5,24.37,0.0
2023-03-23 16:00:00,2023-03-23 17:00:00,31.0,237.5,0.7,12.75,7.35,7.12,5.55,0.19,68.4,0.35,1.88,0.47,0.8,0.05,64.25,1.65,42.25,34.5,23.33,0.0
2023-03-23 17:00:00,2023-03-23 18:00:00,34.75,388.0,1.22,20.5,11.9,11.45,10.25,0.34,46.67,0.55,3.3,0.88,1.4,0.12,71.5,1.72,31.5,11.75,21.52,0.0
2023-03-23 18:00:00,2023-03-23 19:00:00,33.75,90.0,0.85,18.38,10.5,10.28,11.48,0.38,43.38,0.4,2.28,0.6,0.95,0.1,74.5,1.75,38.75,11.0,20.65,0.0
2023-03-23 19:00:00,2023-03-23 20:00:00,33.0,125.0,1.02,18.92,10.88,10.57,9.57,0.32,37.4,0.5,2.7,0.7,1.12,0.12,75.25,1.52,39.0,11.0,20.5,0.0
2023-03-23 20:00:00,2023-03-23 21:00:00,33.5,121.5,1.6,19.27,11.55,10.75,12.95,0.43,38.58,0.75,4.25,1.12,1.75,0.15,76.75,1.58,64.0,11.0,20.27,2.5
2023-03-23 21:00:00,2023-03-23 22:00:00,36.5,119.5,0.8,17.68,10.07,9.88,4.97,0.17,36.33,0.4,2.17,0.57,0.88,0.1,87.0,1.55,32.75,11.0,18.95,0.25
2023-03-23 22:00:00,2023-03-23 23:00:00,39.5,143.75,0.57,14.45,8.15,8.1,8.55,0.28,39.9,0.27,1.43,0.38,0.6,0.03,88.75,1.8,14.75,11.0,18.42,0.0
2023-03-23 23:00:00,2023-03-24 00:00:00,41.75,223.0,0.17,10.02,5.47,5.6,12.7,0.42,40.42,0.1,0.5,0.12,0.23,,90.25,1.65,30.25,11.0,18.38,2.75
2023-03-24 00:00:00,2023-03-24 01:00:00,28.75,248.25,0.18,8.62,4.72,4.83,6.0,0.2,41.55,0.1,0.48,0.12,0.2,,93.0,1.38,107.0,11.0,18.0,0.5
2023-03-24 01:00:00,2023-03-24 02:00:00,24.5,224.5,0.23,9.5,5.22,5.28,15.65,0.52,38.3,0.1,0.6,0.18,0.25,,93.0,1.1,27.0,11.0,18.0,0.0
2023-03-24 02:00:00,2023-03-24 03:00:00,23.25,131.75,0.2,9.82,5.38,5.47,9.62,0.32,35.08,0.1,0.55,0.12,0.22,,92.5,0.85,63.5,11.0,18.08,0.0
2023-03-24 03:00:00,2023-03-24 04:00:00,13.75,64.75,0.1,10.72,5.83,6.03,7.67,0.26,34.3,0.1,0.33,0.1,0.13,,92.0,0.82,54.75,11.0,18.0,0.0
2023-03-24 04:00:00,2023-03-24 05:00:00,14.0,82.5,0.2,11.93,6.42,6.65,14.68,0.49,32.83,0.08,0.3,0.1,0.12,,91.75,1.05,36.25,11.0,18.08,0.0
2023-03-24 05:00:00,2023-03-24 06:00:00,19.5,88.75,0.2,13.03,7.05,7.3,14.28,0.48,26.8,0.08,0.4,0.08,0.15,,92.25,0.93,101.0,12.75,18.18,0.0
2023-03-24 06:00:00,2023-03-24 07:00:00,29.0,149.0,0.75,12.45,7.23,6.93,7.57,0.25,24.83,0.35,2.02,0.55,0.82,0.08,90.75,0.95,196.5,60.25,18.95,0.0
2023-03-24 07:00:00,2023-03-24 08:00:00,33.5,250.0,0.93,10.9,6.58,6.1,24.65,0.82,53.65,0.43,2.5,0.65,1.07,0.1,81.5,1.43,116.75,126.0,20.1,0.0
2023-03-24 08:00:00,2023-03-24 09:00:00,36.0,249.0,0.6,10.3,5.95,5.73,6.38,0.21,46.08,0.3,1.58,0.4,0.65,0.03,77.75,1.23,165.25,110.5,21.12,0.0
2023-03-24 09:00:00,2023-03-24 10:00:00,40.0,237.0,1.0,14.32,8.45,8.02,7.32,0.24,38.72,0.45,2.65,0.7,1.1,0.12,79.25,1.08,238.75,54.25,21.12,0.0
2023-03-24 10:00:00,2023-03-24 11:00:00,42.5,160.5,2.6,20.07,12.77,11.2,23.52,0.79,44.65,1.25,6.98,1.82,2.9,0.28,74.75,1.58,98.0,142.25,21.77,0.0
2023-03-24 11:00:00,2023-03-24 12:00:00,38.5,116.5,1.9,16.58,10.35,9.25,18.82,0.63,57.95,0.88,5.03,1.3,2.08,0.23,72.0,2.05,97.5,193.5,22.68,0.0
2023-03-24 12:00:00,2023-03-24 13:00:00,30.5,127.75,1.9,18.47,11.4,10.3,16.88,0.57,61.67,0.9,5.1,1.33,2.15,0.23,70.0,2.43,14.5,168.75,23.12,0.0
2023-03-24 13:00:00,2023-03-24 14:00:00,32.25,115.75,1.98,15.38,9.82,8.58,11.73,0.4,66.85,0.98,5.3,1.38,2.2,0.2,68.0,2.33,106.25,249.25,23.68,0.0
2023-03-24 14:00:00,2023-03-24 15:00:00,32.75,149.75,1.8,14.88,9.38,8.32,13.15,0.44,69.35,0.82,4.8,1.28,1.95,0.2,66.25,1.93,238.33,166.75,23.92,0.0
2023-03-24 15:00:00,2023-03-24 16:00:00,33.5,180.75,1.88,16.48,10.28,9.23,20.4,0.68,69.45,0.88,5.05,1.3,2.08,0.22,66.5,1.92,341.25,88.75,23.55,0.0
2023-03-24 16:00:00,2023-03-24 17:00:00,37.75,216.75,1.52,16.07,9.8,9.0,3.2,0.11,63.75,0.7,4.08,1.07,1.67,0.17,69.25,1.35,324.5,32.5,22.95,0.0
2023-03-24 17:00:00,2023-03-24 18:00:00,33.0,282.0,2.62,29.32,17.77,16.4,16.35,0.37,45.85,1.23,7.0,1.85,2.9,0.28,73.5,1.55,262.75,11.5,22.12,0.0
2023-03-24 18:00:00,2023-03-24 19:00:00,81.0,167.0,2.98,26.98,16.78,15.05,78.38,2.62,41.62,1.4,8.0,2.08,3.27,0.3,76.75,1.85,119.33,11.0,21.38,0.0
2023-03-24 19:00:00,2023-03-24 20:00:00,81.5,178.5,3.1,25.98,16.38,14.53,54.35,1.81,37.9,1.45,8.3,2.18,3.42,0.33,78.75,1.75,96.0,10.75,20.57,0.0
2023-03-24 20:00:00,2023-03-24 21:00:00,64.5,173.25,1.52,23.98,14.0,13.38,42.12,1.41,36.92,0.72,4.12,1.07,1.75,0.15,80.5,1.2,32.67,11.0,19.75,0.0
2023-03-24 21:00:00,2023-03-24 22:00:00,64.75,148.75,1.12,21.68,12.45,12.12,32.27,1.08,31.75,0.5,3.0,0.8,1.25,0.1,84.25,1.35,20.25,10.5,19.27,0.0
2023-03-24 22:00:00,2023-03-24 23:00:00,68.75,193.25,1.05,18.07,10.47,10.1,27.32,0.91,27.77,0.53,2.85,0.73,1.18,0.1,87.25,1.1,15.0,10.5,18.95,0.0
2023-03-24 23:00:00,2023-03-25 00:00:00,60.0,258.0,0.67,15.2,8.62,8.5,22.25,0.74,25.25,0.3,1.77,0.47,0.75,0.05,88.75,0.8,72.75,10.75,18.7,0.0
2023-03-25 00:00:00,2023-03-25 01:00:00,57.75,265.0,0.27,11.52,6.35,6.42,9.95,0.33,22.8,0.18,0.75,0.23,0.33,,90.5,0.97,44.75,11.0,18.38,0.0
2023-03-25 01:00:00,2023-03-25 02:00:00,48.25,257.75,0.1,11.02,5.9,6.12,12.5,0.42,22.07,0.0,0.2,0.03,0.08,,90.5,0.85,44.75,10.75,18.4,0.0
2023-03-25 02:00:00,2023-03-25 03:00:00,42.25,169.75,0.28,14.2,7.75,7.92,27.27,0.91,19.0,0.12,0.7,0.2,0.3,,91.5,0.85,28.5,10.75,18.4,0.0
2023-03-25 03:00:00,2023-03-25 04:00:00,43.0,109.5,0.68,15.8,8.92,8.8,38.3,1.28,15.18,0.33,1.78,0.47,0.73,0.05,92.5,0.95,105.25,10.75,18.23,0.0
2023-03-25 04:00:00,2023-03-25 05:00:00,49.0,146.25,0.8,17.35,9.85,9.65,33.8,1.13,10.73,0.38,2.05,0.55,0.85,0.08,93.0,0.78,196.0,11.0,18.1,0.0
2023-03-25 05:00:00,2023-03-25 06:00:00,,170.0,3.05,18.8,12.5,10.5,20.93,0.7,5.95,1.45,8.18,2.15,3.35,0.3,94.0,0.88,67.5,21.25,18.15,0.0
2023-03-25 06:00:00,2023-03-25 07:00:00,,210.5,3.58,17.9,12.42,10.03,29.43,0.98,11.27,1.68,9.58,2.5,3.95,0.38,88.5,0.93,157.5,76.75,19.38,0.0
2023-03-25 07:00:00,2023-03-25 08:00:00,,305.25,2.43,17.4,11.25,9.7,15.55,0.52,35.35,1.15,6.53,1.7,2.67,0.25,81.5,1.15,333.0,91.5,20.92,0.0
2023-03-25 08:00:00,2023-03-25 09:00:00,,277.25,2.83,14.05,9.78,7.83,35.38,1.18,29.32,1.32,7.55,1.97,3.1,0.3,83.5,2.08,92.0,120.25,20.62,0.0
2023-03-25 09:00:00,2023-03-25 10:00:00,,219.25,2.17,11.93,8.1,6.65,29.1,0.97,42.42,1.02,5.77,1.5,2.4,0.25,73.25,1.77,124.0,287.75,22.27,0.0
2023-03-25 10:00:00,2023-03-25 11:00:00,,118.0,1.55,14.9,9.2,8.32,20.12,0.67,61.33,0.72,4.12,1.07,1.75,0.15,64.75,2.02,9.75,329.5,23.88,0.0
2023-03-25 11:00:00,2023-03-25 12:00:00,29.0,67.75,1.18,15.52,9.22,8.68,15.68,0.53,71.47,0.53,3.15,0.82,1.32,0.1,59.0,2.25,23.0,334.75,25.23,0.0
2023-03-25 12:00:00,2023-03-25 13:00:00,26.75,103.5,1.25,16.68,9.88,9.32,10.57,0.36,77.78,0.58,3.3,0.88,1.35,0.1,54.5,2.4,20.25,307.25,26.38,0.0
2023-03-25 13:00:00,2023-03-25 14:00:00,29.75,149.25,1.42,16.78,10.07,9.35,8.4,0.28,84.0,0.65,3.75,1.0,1.55,0.12,53.25,2.85,15.0,239.0,26.8,0.0
2023-03-25 14:00:00,2023-03-25 15:00:00,33.25,112.5,1.38,13.73,8.45,7.7,,,82.33,0.62,3.67,0.98,1.55,0.12,53.75,2.53,15.75,169.0,26.75,0.0
2023-03-25 15:00:00,2023-03-25 16:00:00,34.0,113.75,1.02,13.43,8.0,7.47,,,79.85,0.47,2.78,0.72,1.12,0.1,53.75,2.02,14.0,88.5,26.4,0.0
2023-03-25 16:00:00,2023-03-25 17:00:00,33.75,184.75,1.6,20.12,12.03,11.25,,,72.6,0.75,4.28,1.12,1.75,0.17,55.75,1.42,255.25,32.0,25.72,0.0
2023-03-25 17:00:00,2023-03-25 18:00:00,56.0,228.75,2.08,31.45,18.42,17.55,5.6,0.18,53.12,1.0,5.53,1.45,2.27,0.23,61.25,1.8,12.75,11.75,24.68,0.0
2023-03-25 18:00:00,2023-03-25 19:00:00,98.5,202.75,1.6,32.5,18.6,18.15,38.98,1.31,45.25,0.75,4.3,1.12,1.75,0.2,63.5,1.0,52.0,11.0,23.97,0.0
2023-03-25 19:00:00,2023-03-25 20:00:00,98.0,212.0,1.6,35.55,20.23,19.82,45.43,1.52,36.2,0.75,4.22,1.12,1.78,0.15,65.25,1.23,31.75,11.25,23.75,0.0
2023-03-25 20:00:00,2023-03-25 21:00:00,100.75,231.25,1.7,30.25,17.45,16.9,34.1,1.14,36.98,0.78,4.5,1.18,1.85,0.18,68.75,1.35,20.0,11.0,23.05,0.0
2023-03-25 21:00:00,2023-03-25 22:00:00,92.25,214.5,1.35,22.38,12.98,12.53,40.45,1.35,40.65,0.62,3.57,0.95,1.5,0.15,72.0,1.4,25.0,11.0,22.17,0.0
2023-03-25 22:00:00,2023-03-25 23:00:00,77.5,212.25,0.42,17.3,9.55,9.65,23.52,0.79,39.5,0.25,1.17,0.28,0.47,,74.25,1.05,118.25,11.0,21.95,0.0
2023-03-25 23:00:00,2023-03-26 00:00:00,77.75,257.25,0.4,14.8,8.07,8.25,45.77,1.53,37.58,0.17,1.07,0.27,0.43,0.03,77.25,1.23,50.25,10.75,21.47,0.0
2023-03-26 00:00:00,2023-03-26 01:00:00,91.5,300.0,0.43,16.43,9.1,9.18,32.22,1.08,26.35,0.23,1.15,0.3,0.5,,80.25,1.15,251.0,11.0,21.05,0.0
2023-03-26 01:00:00,2023-03-26 02:00:00,106.75,358.25,0.35,14.05,7.77,7.85,51.35,1.72,30.15,0.18,0.95,0.27,0.4,,82.5,1.27,202.0,11.0,20.95,0.0
2023-03-26 02:00:00,2023-03-26 03:00:00,97.75,235.0,0.28,13.8,7.55,7.72,35.38,1.19,26.12,0.15,0.73,0.2,0.3,,84.0,1.0,79.5,11.25,20.67,0.0
2023-03-26 03:00:00,2023-03-26 04:00:00,80.0,141.75,0.35,17.32,9.47,9.68,17.15,0.57,17.25,0.15,0.88,0.23,0.38,,87.25,1.25,163.75,11.0,20.48,0.0
2023-03-26 04:00:00,2023-03-26 05:00:00,75.0,186.0,0.92,20.12,11.43,11.22,10.9,0.37,10.75,0.43,2.45,0.65,1.02,0.05,91.25,1.4,137.5,11.0,20.18,0.0
2023-03-26 05:00:00,2023-03-26 06:00:00,82.75,205.5,1.27,19.9,11.6,11.12,7.57,0.26,12.88,0.57,3.33,0.88,1.38,0.12,92.75,1.3,185.0,15.0,20.12,0.25
2023-03-26 06:00:00,2023-03-26 07:00:00,88.5,239.0,1.7,18.12,11.03,10.12,2.07,0.07,19.07,0.8,4.55,1.2,1.9,0.17,91.75,1.15,250.75,38.0,20.38,0.0
2023-03-26 07:00:00,2023-03-26 08:00:00,100.75,363.75,2.67,18.23,11.9,10.18,3.95,0.13,40.0,1.25,7.1,1.85,2.92,0.3,87.0,1.07,296.5,69.75,21.32,0.0
2023-03-26 08:00:00,2023-03-26 09:00:00,111.5,379.0,2.88,15.15,10.43,8.47,1.7,0.05,37.78,1.35,7.72,2.02,3.17,0.3,82.0,1.27,329.25,144.5,22.5,0.0
2023-03-26 09:00:00,2023-03-26 10:00:00,114.0,274.75,1.28,13.75,8.38,7.68,15.47,0.52,57.0,0.57,3.4,0.9,1.4,0.12,75.0,1.45,11.5,175.0,23.75,0.0
2023-03-26 10:00:00,2023-03-26 11:00:00,112.25,149.25,1.02,13.55,8.05,7.57,32.38,1.08,67.73,0.47,2.77,0.72,1.12,0.1,71.5,2.12,263.25,198.5,24.65,0.0
2023-03-26 11:00:00,2023-03-26 12:00:00,87.25,147.0,1.3,15.52,9.3,8.65,27.48,0.92,76.2,0.57,3.42,0.9,1.4,0.12,67.25,1.98,265.75,213.75,25.25,0.0
2023-03-26 12:00:00,2023-03-26 13:00:00,66.25,130.5,1.02,13.75,8.18,7.7,12.35,0.41,87.15,0.5,2.75,0.75,1.12,0.1,60.75,2.15,13.75,269.75,26.4,0.0
2023-03-26 13:00:00,2023-03-26 14:00:00,51.75,112.5,0.88,14.22,8.25,7.93,5.3,0.17,79.95,0.4,2.27,0.57,0.95,0.1,61.5,2.45,22.25,216.0,26.67,0.0
2023-03-26 14:00:00,2023-03-26 15:00:00,51.75,144.5,0.62,10.58,6.1,5.88,,,85.38,0.32,1.65,0.45,0.7,0.03,60.25,2.1,100.0,158.0,26.73,0.0
2023-03-26 15:00:00,2023-03-26 16:00:00,53.75,232.0,0.85,11.25,6.68,6.28,,,75.9,0.4,2.25,0.6,0.93,0.1,63.0,2.5,14.0,89.5,26.1,0.0
2023-03-26 16:00:00,2023-03-26 17:00:00,48.75,268.75,0.73,13.3,7.7,7.42,,,63.17,0.38,2.0,0.5,0.83,0.05,66.25,1.85,28.0,34.5,25.1,0.0
2023-03-26 17:00:00,2023-03-26 18:00:00,52.75,264.5,0.73,19.62,11.03,10.98,0.7,0.02,50.18,0.33,1.9,0.5,0.8,0.08,70.25,1.45,24.5,11.75,23.83,0.0
2023-03-26 18:00:00,2023-03-26 19:00:00,73.5,229.5,1.52,27.15,15.7,15.18,4.03,0.13,44.95,0.7,4.05,1.05,1.7,0.17,73.0,1.73,13.5,11.0,22.85,0.0
2023-03-26 19:00:00,2023-03-26 20:00:00,83.75,179.75,1.15,21.9,12.57,12.22,16.02,0.54,49.42,0.53,3.05,0.8,1.25,0.1,74.75,1.6,22.75,11.0,22.2,0.0
2023-03-26 20:00:00,2023-03-26 21:00:00,70.25,153.25,0.62,16.4,9.23,9.15,13.47,0.45,49.92,0.27,1.6,0.43,0.65,0.05,77.75,1.53,36.5,11.0,21.47,0.0
2023-03-26 21:00:00,2023-03-26 22:00:00,61.25,134.75,0.3,14.57,8.0,8.12,4.5,0.15,46.5,0.15,0.75,0.23,0.35,,80.0,1.55,28.75,11.0,21.25,0.0
2023-03-26 22:00:00,2023-03-26 23:00:00,55.75,174.5,0.6,14.43,8.13,8.08,8.38,0.28,43.55,0.25,1.5,0.38,0.62,0.05,83.5,1.98,256.5,11.0,20.98,0.0
2023-03-26 23:00:00,2023-03-27 00:00:00,67.5,277.5,0.3,10.07,5.6,5.6,1.4,0.05,53.62,0.15,0.75,0.17,0.33,,86.75,1.3,50.75,11.0,20.1,0.0
2023-03-27 00:00:00,2023-03-27 01:00:00,60.25,182.75,0.17,8.95,4.92,4.97,2.82,0.1,45.47,0.1,0.5,0.15,0.23,,88.5,0.93,61.25,10.75,19.88,0.0
2023-03-27 01:00:00,2023-03-27 02:00:00,54.25,189.0,0.28,10.32,5.72,5.73,2.73,0.09,34.48,0.12,0.7,0.2,0.3,,89.75,0.83,130.25,11.0,19.75,0.0
2023-03-27 02:00:00,2023-03-27 03:00:00,54.0,130.5,0.25,14.45,7.88,8.05,7.38,0.25,27.25,0.1,0.62,0.15,0.25,,91.25,0.88,166.0,11.0,19.75,0.0
2023-03-27 03:00:00,2023-03-27 04:00:00,50.5,79.75,0.45,17.18,9.53,9.6,8.82,0.29,20.32,0.23,1.23,0.33,0.52,0.05,92.75,1.15,252.5,11.0,19.45,0.0
2023-03-27 04:00:00,2023-03-27 05:00:00,59.25,141.25,0.47,15.1,8.32,8.45,60.35,2.02,26.78,0.17,0.97,0.25,0.4,,94.0,1.07,31.25,11.0,19.35,0.0
2023-03-27 05:00:00,2023-03-27 06:00:00,90.75,212.0,0.25,15.1,8.22,8.4,129.85,6.01,27.57,0.1,0.68,0.15,0.25,,93.25,0.95,78.5,17.5,19.52,0.0
2023-03-27 06:00:00,2023-03-27 07:00:00,110.0,278.25,0.7,15.32,8.72,8.55,30.35,1.01,23.27,0.33,1.95,0.5,0.8,0.05,90.25,0.95,121.5,35.0,20.15,0.0
2023-03-27 07:00:00,2023-03-27 08:00:00,102.25,319.5,1.15,12.95,7.8,7.23,22.07,0.74,45.05,0.53,3.0,0.8,1.25,0.12,84.75,1.05,262.0,109.0,21.5,0.0
2023-03-27 08:00:00,2023-03-27 09:00:00,100.5,341.5,2.57,16.55,10.92,9.28,18.35,0.61,35.1,1.18,6.88,1.8,2.88,0.3,81.0,1.3,266.25,140.25,22.58,0.0
2023-03-27 09:00:00,2023-03-27 10:00:00,103.5,299.5,2.25,14.15,9.38,7.9,21.45,0.72,46.88,1.05,6.0,1.57,2.48,0.22,73.25,1.47,266.25,255.75,24.65,0.0
2023-03-27 10:00:00,2023-03-27 11:00:00,93.25,188.25,1.72,16.48,10.18,9.2,58.7,1.96,67.95,0.8,4.6,1.2,1.93,0.2,65.5,1.55,239.0,320.25,26.52,0.0
2023-03-27 11:00:00,2023-03-27 12:00:00,83.0,157.5,1.38,15.55,9.4,8.68,26.77,0.89,83.03,0.62,3.67,1.0,1.52,0.1,60.25,2.1,310.5,329.0,27.77,0.0
2023-03-27 12:00:00,2023-03-27 13:00:00,57.75,181.0,1.1,16.65,9.72,9.3,19.32,0.64,89.35,0.53,2.92,0.78,1.23,0.1,55.75,2.05,275.5,293.25,28.73,0.0
2023-03-27 13:00:00,2023-03-27 14:00:00,53.5,157.75,0.83,14.95,8.6,8.38,12.1,0.4,100.52,0.38,2.17,0.6,0.88,0.1,50.5,2.1,227.0,247.25,29.67,0.0
2023-03-27 14:00:00,2023-03-27 15:00:00,45.0,148.0,0.82,13.55,7.9,7.58,1.43,0.05,103.82,0.38,2.2,0.6,0.9,0.1,49.75,1.78,272.25,170.0,29.85,0.0
2023-03-27 15:00:00,2023-03-27 16:00:00,49.0,198.5,0.4,11.55,6.5,6.45,,,100.47,0.2,1.15,0.3,0.47,,48.75,2.38,199.25,88.75,29.18,0.0
2023-03-27 16:00:00,2023-03-27 17:00:00,48.5,173.75,0.25,11.07,6.07,6.22,,,89.8,0.12,0.62,0.17,0.28,,52.0,2.1,178.25,32.75,27.8,0.0
2023-03-27 17:00:00,2023-03-27 18:00:00,50.5,203.0,0.3,14.32,7.85,7.97,2.05,0.07,69.32,0.12,0.8,0.2,0.33,,61.5,1.8,172.25,11.75,26.6,0.0
2023-03-27 18:00:00,2023-03-27 19:00:00,70.0,197.75,0.62,19.27,10.75,10.75,6.6,0.22,52.25,0.3,1.65,0.42,0.68,0.05,67.0,1.68,177.0,11.0,25.52,0.0
2023-03-27 19:00:00,2023-03-27 20:00:00,77.25,113.25,0.4,19.3,10.6,10.77,8.43,0.28,48.15,0.2,1.05,0.3,0.43,,69.0,1.87,191.25,11.0,24.6,0.0
2023-03-27 20:00:00,2023-03-27 21:00:00,60.5,134.5,0.2,15.75,8.55,8.78,11.85,0.4,57.95,0.08,0.5,0.1,0.23,,64.25,1.95,181.0,11.0,24.2,0.0
2023-03-27 21:00:00,2023-03-27 22:00:00,47.25,115.75,0.15,13.43,7.25,7.53,8.88,0.3,60.67,0.05,0.35,0.05,0.15,,66.75,1.98,176.25,11.0,23.5,0.0
2023-03-27 22:00:00,2023-03-27 23:00:00,45.5,123.75,0.15,10.93,5.92,6.07,1.05,0.04,61.53,0.1,0.47,0.15,0.2,,66.75,1.57,181.25,10.75,23.3,0.0
2023-03-27 23:00:00,2023-03-28 00:00:00,47.75,151.75,0.1,10.25,5.5,5.7,1.23,0.04,66.33,0.03,0.17,0.03,0.08,,66.0,1.83,180.5,10.75,23.48,0.0
2023-03-28 00:00:00,2023-03-28 01:00:00,49.0,159.25,0.18,10.38,5.67,5.8,2.48,0.08,55.23,0.1,0.48,0.1,0.18,,71.0,1.88,180.0,10.75,22.82,0.0
2023-03-28 01:00:00,2023-03-28 02:00:00,57.75,177.0,0.28,12.1,6.65,6.77,3.78,0.13,40.7,0.12,0.75,0.23,0.3,,75.25,1.38,99.5,10.5,21.98,0.0
2023-03-28 02:00:00,2023-03-28 03:00:00,67.25,144.5,0.2,16.57,8.98,9.25,31.6,1.05,32.05,0.08,0.52,0.12,0.2,,81.75,1.25,27.75,10.75,21.35,0.0
2023-03-28 03:00:00,2023-03-28 04:00:00,76.75,144.5,0.38,17.85,9.77,9.97,21.77,0.72,19.98,0.2,0.97,0.25,0.45,,86.0,0.93,166.5,10.75,20.73,0.0
2023-03-28 04:00:00,2023-03-28 05:00:00,68.0,139.5,0.75,18.22,10.3,10.23,18.55,0.62,16.52,0.35,2.05,0.53,0.82,0.08,88.5,1.08,74.25,11.0,20.45,0.0
2023-03-28 05:00:00,2023-03-28 06:00:00,65.75,146.5,1.2,18.73,10.95,10.45,21.32,0.71,15.65,0.55,3.23,0.83,1.35,0.12,89.75,0.98,60.0,30.0,20.25,0.0
2023-03-28 06:00:00,2023-03-28 07:00:00,76.5,200.75,1.62,15.32,9.5,8.58,31.68,1.06,20.2,0.77,4.32,1.12,1.8,0.15,86.75,1.85,260.0,82.5,21.02,0.0
2023-03-28 07:00:00,2023-03-28 08:00:00,87.5,258.5,1.3,12.03,7.45,6.72,23.1,0.77,66.3,0.62,3.45,0.93,1.43,0.12,74.25,1.57,91.0,173.5,23.25,0.0
2023-03-28 08:00:00,2023-03-28 09:00:00,60.5,150.25,1.35,12.82,7.93,7.18,5.45,0.18,86.55,0.62,3.6,0.97,1.5,0.1,60.5,2.73,91.5,200.25,22.47,0.0
2023-03-28 09:00:00,2023-03-28 10:00:00,31.75,66.5,1.05,13.95,8.3,7.8,17.3,0.58,98.17,0.5,2.83,0.75,1.15,0.1,52.25,1.4,341.25,166.5,23.98,0.0
2023-03-28 10:00:00,2023-03-28 11:00:00,25.0,33.0,1.15,15.22,9.0,8.53,21.98,0.74,95.03,0.55,3.03,0.77,1.25,0.1,52.75,1.72,25.75,331.75,25.52,0.0
2023-03-28 11:00:00,2023-03-28 12:00:00,27.5,46.0,1.92,16.45,10.3,9.18,31.65,1.06,96.33,0.9,5.1,1.3,2.1,0.22,51.25,1.95,104.25,338.75,26.83,0.0
2023-03-28 12:00:00,2023-03-28 13:00:00,36.75,86.5,1.3,16.95,10.1,9.45,29.43,0.99,100.8,0.62,3.48,0.93,1.42,0.12,51.25,2.25,93.5,313.5,27.38,0.0
2023-03-28 13:00:00,2023-03-28 14:00:00,41.75,90.75,1.4,19.95,11.75,11.15,24.45,0.81,100.42,0.62,3.7,1.0,1.52,0.1,50.0,2.1,180.75,249.5,28.57,0.0
2023-03-28 14:00:00,2023-03-28 15:00:00,48.75,117.0,1.53,16.7,10.12,9.35,10.32,0.34,104.1,0.75,4.08,1.08,1.7,0.15,49.0,2.32,185.75,162.25,28.9,0.0
2023-03-28 15:00:00,2023-03-28 16:00:00,51.75,173.0,1.0,14.38,8.47,8.0,5.7,0.18,94.58,0.47,2.7,0.73,1.1,0.1,53.25,2.2,14.5,92.0,28.27,0.0
2023-03-28 16:00:00,2023-03-28 17:00:00,48.0,153.75,0.92,15.4,8.95,8.6,4.6,0.15,68.75,0.42,2.5,0.65,1.02,0.08,57.25,2.15,35.25,33.25,26.5,0.0
2023-03-28 17:00:00,2023-03-28 18:00:00,37.75,122.75,0.35,13.65,7.55,7.65,3.15,0.1,67.05,0.17,0.9,0.25,0.38,,58.75,1.6,43.75,11.75,25.1,0.0
2023-03-28 18:00:00,2023-03-28 19:00:00,41.25,113.0,0.17,16.93,9.2,9.45,7.4,0.24,72.15,0.1,0.53,0.15,0.23,,59.5,1.43,49.0,11.0,24.12,0.0
2023-03-28 19:00:00,2023-03-28 20:00:00,41.0,86.5,0.47,17.43,9.6,9.75,14.65,0.49,74.07,0.17,0.98,0.25,0.42,,59.5,1.55,43.25,11.0,23.38,0.0
2023-03-28 20:00:00,2023-03-28 21:00:00,37.5,96.75,0.27,17.93,9.7,10.03,14.55,0.48,70.18,0.1,0.5,0.15,0.23,,61.5,1.0,58.25,11.0,22.65,0.0
2023-03-28 21:00:00,2023-03-28 22:00:00,40.5,93.25,0.6,23.12,12.78,12.87,22.43,0.75,58.92,0.28,1.62,0.4,0.68,0.05,66.25,1.0,103.0,10.75,22.1,0.0
2023-03-28 22:00:00,2023-03-28 23:00:00,47.5,109.5,0.73,21.32,11.95,11.93,34.95,1.17,51.2,0.35,2.0,0.53,0.82,0.08,71.5,1.05,282.0,10.5,21.47,0.0
2023-03-28 23:00:00,2023-03-29 00:00:00,66.5,167.0,0.88,24.8,13.93,13.88,36.73,1.23,41.33,0.4,2.35,0.63,0.95,0.08,74.5,1.27,261.25,10.0,21.1,0.0
2023-03-29 00:00:00,2023-03-29 01:00:00,71.75,172.75,0.25,13.1,7.15,7.3,32.55,1.09,52.53,0.1,0.65,0.17,0.28,,76.5,1.43,102.5,10.5,20.67,0.0
2023-03-29 01:00:00,2023-03-29 02:00:00,59.5,116.0,0.2,12.35,6.7,6.9,14.75,0.49,41.48,0.1,0.53,0.12,0.23,,80.0,1.05,76.5,10.25,19.88,0.0
2023-03-29 02:00:00,2023-03-29 03:00:00,56.75,97.75,0.35,15.8,8.55,8.82,6.83,0.23,31.45,0.1,0.67,0.17,0.27,,82.0,0.88,132.75,10.5,19.4,0.0
2023-03-29 03:00:00,2023-03-29 04:00:00,52.75,76.5,0.3,18.92,10.35,10.6,8.7,0.29,27.0,0.17,0.85,0.2,0.35,,84.0,0.97,172.75,11.0,19.27,0.0
2023-03-29 04:00:00,2023-03-29 05:00:00,57.0,100.75,0.75,19.15,10.8,10.73,57.17,1.91,26.42,0.35,1.95,0.47,0.82,0.05,83.75,1.15,342.25,11.0,19.2,0.0
2023-03-29 05:00:00,2023-03-29 06:00:00,63.75,113.25,0.75,15.88,9.03,8.85,67.75,2.27,40.33,0.38,1.98,0.53,0.8,0.05,80.75,1.25,263.25,24.5,18.7,0.0
2023-03-29 06:00:00,2023-03-29 07:00:00,59.75,111.75,1.55,17.7,10.65,9.9,82.65,2.76,43.8,0.73,4.2,1.08,1.75,0.17,73.25,0.93,290.5,80.0,20.0,0.0
2023-03-29 07:00:00,2023-03-29 08:00:00,58.25,152.5,1.07,13.45,8.03,7.53,25.75,0.86,61.25,0.47,2.85,0.77,1.2,0.1,66.25,1.27,183.0,161.75,21.88,0.0
2023-03-29 08:00:00,2023-03-29 09:00:00,45.0,105.0,1.2,13.6,8.2,7.6,15.2,0.5,59.1,0.6,3.3,0.9,1.4,0.1,67.0,1.5,211.0,218.0,22.4,0.0
2023-03-29 09:00:00,2023-03-29 10:00:00,,,0.2,10.93,5.9,6.1,7.4,0.08,74.65,0.05,0.25,0.05,0.1,,52.67,,,317.33,25.8,0.0
2023-03-29 10:00:00,2023-03-29 11:00:00,,,0.45,13.03,7.32,7.25,9.3,0.31,86.08,0.23,1.18,0.3,0.47,,46.75,,,348.75,27.12,0.0
2023-03-29 11:00:00,2023-03-29 12:00:00,23.5,51.25,0.72,15.97,9.07,8.9,11.45,0.38,89.97,0.35,1.9,0.5,0.77,0.05,43.25,,,346.75,27.93,0.0
2023-03-29 12:00:00,2023-03-29 13:00:00,22.0,67.0,1.55,18.45,11.05,10.32,14.32,0.48,90.55,0.7,4.03,1.08,1.68,0.17,41.75,,,314.25,28.5,0.0
2023-03-29 13:00:00,2023-03-29 14:00:00,21.75,82.5,1.27,16.95,10.02,9.47,8.73,0.29,96.93,0.6,3.35,0.88,1.38,0.15,39.75,,,256.25,29.45,0.0
2023-03-29 14:00:00,2023-03-29 15:00:00,21.75,83.25,0.6,11.12,6.43,6.23,1.2,0.04,108.4,0.27,1.6,0.4,0.65,0.03,37.75,,,176.0,30.37,0.0
2023-03-29 15:00:00,2023-03-29 16:00:00,28.5,98.5,1.28,15.93,9.52,8.9,3.85,0.13,92.7,0.62,3.45,0.9,1.45,0.12,43.0,,,94.0,28.95,0.0
2023-03-29 16:00:00,2023-03-29 17:00:00,29.75,129.0,1.05,17.77,10.3,9.9,3.77,0.13,75.17,0.47,2.8,0.77,1.15,0.1,46.25,,,36.5,27.52,0.0
2023-03-29 17:00:00,2023-03-29 18:00:00,30.25,145.25,1.02,25.32,14.32,14.15,6.15,0.21,59.47,0.48,2.75,0.72,1.15,0.08,50.5,,,12.25,25.95,0.0
2023-03-29 18:00:00,2023-03-29 19:00:00,42.75,165.0,1.2,28.02,15.88,15.65,29.0,0.97,56.28,0.55,3.17,0.85,1.3,0.1,53.75,,,11.0,24.57,0.0
2023-03-29 19:00:00,2023-03-29 20:00:00,50.25,138.5,0.73,19.48,10.95,10.85,11.95,0.4,64.5,0.35,1.98,0.5,0.82,0.05,53.0,,,11.25,23.77,0.0
2023-03-29 20:00:00,2023-03-29 21:00:00,28.75,88.25,0.55,16.4,9.18,9.18,16.52,0.56,71.97,0.25,1.45,0.38,0.6,0.03,50.75,,,11.0,23.5,0.0
2023-03-29 21:00:00,2023-03-29 22:00:00,23.5,66.5,0.3,13.62,7.5,7.6,13.83,0.47,76.1,0.12,0.85,0.22,0.38,,48.75,,,10.25,23.05,0.0
2023-03-29 22:00:00,2023-03-29 23:00:00,20.75,56.5,0.1,11.0,5.9,6.17,6.08,0.2,78.45,0.05,0.23,0.05,0.07,,47.75,,,10.75,22.58,0.0
2023-03-29 23:00:00,2023-03-30 00:00:00,20.75,59.75,0.17,10.35,5.62,5.78,9.6,0.32,77.35,0.05,0.35,0.05,0.12,,50.25,,,11.0,22.07,0.0
2023-03-30 00:00:00,2023-03-30 01:00:00,23.0,53.0,0.2,9.75,5.33,5.45,6.5,0.21,73.12,0.08,0.47,0.1,0.17,,53.5,,,10.75,21.6,0.0
2023-03-30 01:00:00,2023-03-30 02:00:00,20.0,45.5,0.15,10.73,5.78,6.0,2.65,0.09,66.53,0.07,0.33,0.1,0.13,,55.75,,,10.75,21.23,0.0
2023-03-30 02:00:00,2023-03-30 03:00:00,20.5,46.0,0.38,18.95,10.4,10.57,5.12,0.17,51.27,0.23,1.02,0.25,0.45,,58.5,,,10.75,21.05,0.0
2023-03-30 03:00:00,2023-03-30 04:00:00,25.5,58.5,0.65,19.55,10.93,10.93,33.77,1.13,52.0,0.3,1.73,0.45,0.75,0.05,61.5,,,11.0,20.8,0.0
2023-03-30 04:00:00,2023-03-30 05:00:00,41.5,79.25,0.2,17.62,9.53,9.85,65.77,2.2,47.62,0.1,0.5,0.12,0.23,,68.0,,,11.0,20.12,0.0
2023-03-30 05:00:00,2023-03-30 06:00:00,53.25,83.5,0.63,16.57,9.2,9.23,57.05,1.91,47.08,0.23,1.25,0.32,0.55,0.03,69.75,,,21.5,19.88,0.0
2023-03-30 06:00:00,2023-03-30 07:00:00,49.5,97.5,1.25,16.25,9.68,9.1,64.65,2.16,43.93,0.6,3.42,0.9,1.42,0.15,67.75,,,65.0,20.4,0.0
2023-03-30 07:00:00,2023-03-30 08:00:00,59.25,155.0,1.23,15.1,9.03,8.45,48.38,1.62,59.4,0.53,3.2,0.85,1.33,0.12,61.25,,,135.75,22.12,0.0
2023-03-30 08:00:00,2023-03-30 09:00:00,55.75,134.25,1.3,14.43,8.68,8.07,17.38,0.58,66.72,0.57,3.4,0.88,1.4,0.1,53.25,,,219.75,24.0,0.0
2023-03-30 09:00:00,2023-03-30 10:00:00,41.25,90.0,1.42,14.78,8.97,8.25,13.82,0.46,76.05,0.65,3.7,0.95,1.53,0.17,52.25,,,267.5,24.95,0.0
2023-03-30 10:00:00,2023-03-30 11:00:00,42.0,113.5,1.97,17.9,11.1,9.97,40.55,1.36,78.9,0.95,5.33,1.38,2.2,0.23,51.5,,,319.5,25.4,0.0
2023-03-30 11:00:00,2023-03-30 12:00:00,40.0,114.25,1.27,17.23,10.2,9.65,22.45,0.75,88.42,0.6,3.38,0.87,1.38,0.12,47.75,,,320.5,26.57,0.0
2023-03-30 12:00:00,2023-03-30 13:00:00,32.75,96.5,1.4,17.67,10.53,9.88,19.45,0.66,92.82,0.62,3.7,1.0,1.52,0.12,45.75,,,289.5,27.45,0.0
2023-03-30 13:00:00,2023-03-30 14:00:00,31.0,86.75,0.9,16.23,9.35,9.07,11.6,0.39,94.35,0.42,2.4,0.6,0.98,0.1,42.25,,,250.75,28.62,0.0
2023-03-30 14:00:00,2023-03-30 15:00:00,28.75,76.25,1.12,14.55,8.68,8.12,7.53,0.25,98.32,0.55,3.05,0.82,1.27,0.1,42.5,,,172.75,28.75,0.0
2023-03-30 15:00:00,2023-03-30 16:00:00,31.75,95.5,1.58,17.2,10.43,9.62,1.6,0.05,92.17,0.73,4.15,1.08,1.7,0.17,43.5,,,87.0,27.98,0.0
2023-03-30 16:00:00,2023-03-30 17:00:00,36.25,120.0,2.45,27.55,16.62,15.35,8.57,0.28,75.8,1.15,6.52,1.72,2.7,0.25,46.0,,,29.5,27.03,0.0
2023-03-30 17:00:00,2023-03-30 18:00:00,41.75,146.75,2.17,34.88,20.35,19.5,14.15,0.47,58.27,1.05,5.88,1.52,2.42,0.25,48.25,,,12.25,25.93,0.0
2023-03-30 18:00:00,2023-03-30 19:00:00,50.5,168.75,1.12,32.65,18.27,18.22,46.55,1.56,58.35,0.52,3.02,0.8,1.23,0.1,50.0,,,11.0,24.8,0.0
2023-03-30 19:00:00,2023-03-30 20:00:00,58.75,150.75,1.15,27.75,15.7,15.5,44.45,1.49,60.07,0.53,3.08,0.8,1.27,0.12,51.5,,,11.0,24.02,0.0
2023-03-30 20:00:00,2023-03-30 21:00:00,56.0,130.75,0.6,24.95,13.75,13.92,34.0,1.14,60.2,0.3,1.55,0.4,0.65,0.03,53.75,,,10.75,23.35,0.0
2023-03-30 21:00:00,2023-03-30 22:00:00,48.75,109.5,0.43,24.18,13.2,13.5,34.4,1.15,55.55,0.22,1.15,0.33,0.47,,57.0,,,11.0,22.7,0.0
2023-03-30 22:00:00,2023-03-30 23:00:00,46.75,106.5,0.2,15.95,8.5,8.9,25.15,0.84,56.62,0.05,0.25,0.05,0.1,,59.0,,,11.0,22.22,0.0
2023-03-30 23:00:00,2023-03-31 00:00:00,42.75,100.75,0.38,17.93,9.78,10.0,41.12,1.38,54.02,0.17,0.95,0.28,0.38,,60.75,,,10.75,22.15,0.0
2023-03-31 00:00:00,2023-03-31 01:00:00,39.75,88.0,0.27,12.85,7.05,7.18,12.03,0.4,61.95,0.1,0.65,0.15,0.25,,58.75,,,11.0,22.05,0.0
2023-03-31 01:00:00,2023-03-31 02:00:00,30.0,55.75,0.25,10.43,5.65,5.85,0.4,0.01,60.52,0.07,0.5,0.13,0.2,,58.5,,,10.75,21.7,0.0
2023-03-31 02:00:00,2023-03-31 03:00:00,22.0,42.0,1.35,19.77,11.65,11.05,24.7,0.83,45.92,0.65,3.62,0.95,1.47,0.12,63.75,,,10.75,21.15,0.0
2023-03-31 03:00:00,2023-03-31 04:00:00,28.0,59.0,0.38,22.2,12.1,12.42,50.1,1.67,35.83,0.2,1.02,0.25,0.4,,68.25,,,10.75,20.57,0.0
2023-03-31 04:00:00,2023-03-31 05:00:00,53.0,87.75,0.28,20.57,11.15,11.47,78.15,2.62,30.38,0.15,0.7,0.2,0.28,,72.0,,,10.75,20.4,0.0
2023-03-31 05:00:00,2023-03-31 06:00:00,70.25,114.5,1.12,22.15,12.7,12.35,117.0,5.55,33.95,0.52,3.07,0.8,1.3,0.12,74.0,,,21.5,20.15,0.0
2023-03-31 06:00:00,2023-03-31 07:00:00,92.5,159.0,1.62,17.88,10.85,9.97,86.65,2.9,36.92,0.78,4.38,1.12,1.83,0.18,72.25,,,53.0,20.77,0.0
2023-03-31 07:00:00,2023-03-31 08:00:00,78.25,159.5,1.2,16.7,9.88,9.3,98.78,3.3,55.9,0.58,3.27,0.88,1.35,0.1,66.0,,,104.75,22.38,0.0
2023-03-31 08:00:00,2023-03-31 09:00:00,80.5,163.75,1.02,15.88,9.28,8.85,31.28,1.04,61.23,0.45,2.7,0.72,1.15,0.1,58.0,,,175.0,24.4,0.0
2023-03-31 09:00:00,2023-03-31 10:00:00,57.5,118.5,1.12,15.0,8.93,8.38,24.73,0.83,74.95,0.53,3.03,0.83,1.22,0.1,50.0,,,229.75,26.35,0.0
2023-03-31 10:00:00,2023-03-31 11:00:00,47.25,105.0,1.3,18.27,10.78,10.23,41.4,1.39,77.83,0.62,3.55,0.95,1.47,0.12,51.25,,,294.25,26.48,0.0
2023-03-31 11:00:00,2023-03-31 12:00:00,51.75,111.25,1.35,18.38,10.88,10.28,23.9,0.8,87.15,0.6,3.5,0.92,1.45,0.12,47.25,,,308.75,27.58,0.0
2023-03-31 12:00:00,2023-03-31 13:00:00,40.25,97.0,1.55,19.8,11.8,11.07,17.57,0.59,91.45,0.75,4.17,1.1,1.72,0.18,46.0,,,286.5,28.55,0.0
2023-03-31 13:00:00,2023-03-31 14:00:00,40.75,96.25,0.9,17.43,10.05,9.75,7.07,0.24,96.8,0.45,2.48,0.65,1.0,0.1,44.5,,,231.5,29.05,0.0
2023-03-31 14:00:00,2023-03-31 15:00:00,36.25,94.75,1.05,15.72,9.2,8.78,,,95.75,0.47,2.77,0.73,1.15,0.1,42.0,,,150.75,29.12,0.0
2023-03-31 15:00:00,2023-03-31 16:00:00,33.5,96.0,0.85,15.62,8.98,8.7,,,97.15,0.38,2.25,0.57,0.93,0.1,41.0,,,87.25,29.05,0.0
2023-03-31 16:00:00,2023-03-31 17:00:00,36.5,97.75,0.72,15.95,9.05,8.93,10.4,0.35,91.2,0.35,1.88,0.5,0.8,0.05,43.25,,,40.5,28.1,0.0
2023-03-31 17:00:00,2023-03-31 18:00:00,45.5,117.5,0.38,19.57,10.72,10.93,2.9,0.09,85.43,0.18,1.02,0.27,0.45,,45.75,,,12.75,27.02,0.0
2023-03-31 18:00:00,2023-03-31 19:00:00,63.75,122.25,0.17,27.05,14.55,15.12,6.25,0.21,70.8,0.1,0.53,0.12,0.2,,49.75,,,11.0,26.12,0.0
2023-03-31 19:00:00,2023-03-31 20:00:00,85.0,156.0,2.4,53.3,30.3,29.77,8.43,0.28,42.0,1.12,6.38,1.7,2.65,0.25,52.75,,,11.0,25.67,0.0
2023-03-31 20:00:00,2023-03-31 21:00:00,91.0,213.0,2.65,61.5,34.85,34.33,13.03,0.43,17.55,1.22,7.05,1.88,2.92,0.25,57.25,,,11.0,24.85,0.0
2023-03-31 21:00:00,2023-03-31 22:00:00,116.5,280.25,1.9,49.8,28.02,27.8,7.83,0.26,19.5,0.88,5.08,1.38,2.08,0.18,61.75,,,11.0,24.23,0.0
2023-03-31 22:00:00,2023-03-31 23:00:00,117.75,272.5,0.65,23.75,13.18,13.27,,,40.6,0.3,1.72,0.45,0.75,0.05,67.75,,,11.0,23.25,0.0
2023-03-31 23:00:00,2023-04-01 00:00:00,73.75,167.75,0.5,17.55,9.65,9.8,,,43.77,0.17,1.05,0.28,0.42,0.03,69.25,,,10.75,22.85,0.0
