From Date,To Date,PM2.5 (ug/m3),PM10 (ug/m3),NO (ug/m3),NO2 (ug/m3),NOx (ppb),SO2 (ug/m3),CO (mg/m3),Ozone (ug/m3)
2023-02-27 18:00:00,2023-02-27 19:00:00,39.43,110.03,24.47,68.01,56.07,1.07,1.31,43.64
2023-02-27 19:00:00,2023-02-27 20:00:00,57.07,135.78,10.62,57.01,38.96,2.11,1.85,30.75
2023-02-27 20:00:00,2023-02-27 21:00:00,57.38,160.75,41.29,70.66,60.41,4.82,2.01,15.21
2023-02-27 21:00:00,2023-02-27 22:00:00,59.22,153.72,6.0,58.2,35.84,3.97,1.27,22.92
2023-02-27 22:00:00,2023-02-27 23:00:00,60.65,153.35,1.73,41.88,23.68,2.88,0.79,33.6
2023-02-27 23:00:00,2023-02-28 00:00:00,76.95,202.3,3.29,34.42,20.98,3.68,0.88,33.9
2023-02-28 00:00:00,2023-02-28 01:00:00,89.35,163.15,14.35,75.34,51.75,15.96,1.57,9.13
2023-02-28 01:00:00,2023-02-28 02:00:00,110.03,220.97,16.2,65.22,47.86,39.22,2.9,8.85
2023-02-28 02:00:00,2023-02-28 03:00:00,125.18,277.17,8.76,54.19,35.95,35.99,3.16,9.54
2023-02-28 03:00:00,2023-02-28 04:00:00,127.38,248.88,5.41,41.65,26.55,25.66,2.82,8.11
2023-02-28 04:00:00,2023-02-28 05:00:00,122.47,211.53,5.84,43.62,27.95,27.03,2.77,9.03
2023-02-28 05:00:00,2023-02-28 06:00:00,123.75,220.1,4.79,40.19,25.26,15.45,2.11,7.75
2023-02-28 06:00:00,2023-02-28 07:00:00,140.5,307.1,11.79,42.73,32.32,10.54,2.06,9.46
2023-02-28 07:00:00,2023-02-28 08:00:00,195.35,573.03,16.08,64.23,47.24,39.16,3.81,21.27
2023-02-28 08:00:00,2023-02-28 09:00:00,271.23,726.95,4.82,72.06,42.25,109.31,6.91,74.18
2023-02-28 09:00:00,2023-02-28 10:00:00,308.9,526.45,2.17,31.27,18.4,54.98,1.66,89.41
2023-02-28 10:00:00,2023-02-28 11:00:00,169.68,330.58,1.88,20.12,12.23,42.82,0.88,104.93
2023-02-28 11:00:00,2023-02-28 12:00:00,106.55,192.78,0.67,16.76,9.46,40.62,1.64,154.55
2023-02-28 12:00:00,2023-02-28 13:00:00,107.62,174.77,1.48,22.43,13.12,25.98,1.33,140.47
2023-02-28 13:00:00,2023-02-28 14:00:00,86.85,183.9,1.85,17.87,11.01,12.22,1.04,106.79
2023-02-28 14:00:00,2023-02-28 15:00:00,60.08,132.17,17.8,67.08,50.15,11.29,1.8,97.06
2023-02-28 15:00:00,2023-02-28 16:00:00,52.5,141.02,3.68,16.91,11.98,8.16,1.34,108.26
2023-02-28 16:00:00,2023-02-28 17:00:00,47.1,197.23,3.69,23.65,15.58,8.86,1.63,92.48
2023-02-28 17:00:00,2023-02-28 18:00:00,54.1,183.65,12.3,71.39,47.98,11.16,2.02,42.61
2023-02-28 18:00:00,2023-02-28 19:00:00,107.3,386.95,39.95,48.03,58.03,10.69,2.92,31.58
2023-02-28 19:00:00,2023-02-28 20:00:00,169.4,526.25,12.84,60.5,42.62,10.57,2.18,25.85
2023-02-28 20:00:00,2023-02-28 21:00:00,138.8,374.0,4.53,44.81,27.53,7.3,1.52,30.78
2023-02-28 21:00:00,2023-02-28 22:00:00,,,,,,,,
2023-02-28 22:00:00,2023-02-28 23:00:00,,,,,,,,
2023-02-28 23:00:00,2023-03-01 00:00:00,,,,,,,,
2023-03-01 00:00:00,2023-03-01 01:00:00,,,,,,,,
2023-03-01 01:00:00,2023-03-01 02:00:00,,,,,,,,
2023-03-01 02:00:00,2023-03-01 03:00:00,,,,,,,,
2023-03-01 03:00:00,2023-03-01 04:00:00,,,,,,,,
2023-03-01 04:00:00,2023-03-01 05:00:00,,,,,,,,
2023-03-01 05:00:00,2023-03-01 06:00:00,,,,,,,,
2023-03-01 06:00:00,2023-03-01 07:00:00,,,,,,,,
2023-03-01 07:00:00,2023-03-01 08:00:00,,,,,,,,
2023-03-01 08:00:00,2023-03-01 09:00:00,,,,,,,,
2023-03-01 09:00:00,2023-03-01 10:00:00,,,,,,,,
2023-03-01 10:00:00,2023-03-01 11:00:00,,,,,,,,
2023-03-01 11:00:00,2023-03-01 12:00:00,,,1.81,9.19,6.36,15.04,0.15,132.11
2023-03-01 12:00:00,2023-03-01 13:00:00,104.7,177.8,1.7,15.84,9.81,21.46,0.64,169.81
2023-03-01 13:00:00,2023-03-01 14:00:00,101.62,174.65,1.78,22.29,13.3,16.68,0.65,150.58
2023-03-01 14:00:00,2023-03-01 15:00:00,83.45,146.52,1.29,8.98,5.83,3.77,0.06,119.99
2023-03-01 15:00:00,2023-03-01 16:00:00,53.38,91.2,1.41,11.53,7.28,2.62,0.39,97.53
2023-03-01 16:00:00,2023-03-01 17:00:00,43.15,90.07,4.19,23.61,15.97,5.15,1.26,84.74
2023-03-01 17:00:00,2023-03-01 18:00:00,42.77,89.0,14.57,50.55,38.73,6.2,2.15,62.55
2023-03-01 18:00:00,2023-03-01 19:00:00,66.1,223.8,22.5,61.13,50.8,1.91,2.04,23.35
2023-03-01 19:00:00,2023-03-01 20:00:00,130.5,520.72,49.5,67.1,75.94,4.51,2.67,14.91
2023-03-01 20:00:00,2023-03-01 21:00:00,136.55,382.93,25.73,77.45,61.33,2.72,1.53,9.14
2023-03-01 21:00:00,2023-03-01 22:00:00,97.27,241.85,15.23,61.89,45.3,1.78,1.07,3.71
2023-03-01 22:00:00,2023-03-01 23:00:00,78.67,221.7,5.3,43.27,27.32,0.91,0.92,12.58
2023-03-01 23:00:00,2023-03-02 00:00:00,58.6,132.35,0.62,16.98,9.54,,0.01,39.3
2023-03-02 00:00:00,2023-03-02 01:00:00,47.7,91.15,1.18,33.67,18.87,0.19,0.34,13.21
2023-03-02 01:00:00,2023-03-02 02:00:00,52.72,103.5,3.32,36.45,22.09,,0.83,10.32
2023-03-02 02:00:00,2023-03-02 03:00:00,77.35,130.28,4.96,35.05,22.68,1.3,0.79,3.58
2023-03-02 03:00:00,2023-03-02 04:00:00,76.68,132.5,2.4,34.51,20.3,8.34,0.79,5.69
2023-03-02 04:00:00,2023-03-02 05:00:00,92.58,154.38,6.09,33.76,22.91,4.88,0.86,1.84
2023-03-02 05:00:00,2023-03-02 06:00:00,88.55,159.33,4.19,34.73,21.88,4.16,0.99,7.38
2023-03-02 06:00:00,2023-03-02 07:00:00,108.9,263.38,9.6,38.68,28.38,13.03,1.64,5.04
2023-03-02 07:00:00,2023-03-02 08:00:00,174.05,488.88,11.93,57.77,40.42,58.48,4.15,21.24
2023-03-02 08:00:00,2023-03-02 09:00:00,195.0,372.82,4.79,43.45,27.0,56.66,3.81,63.64
2023-03-02 09:00:00,2023-03-02 10:00:00,179.82,294.85,1.6,16.02,9.82,18.3,1.31,90.16
2023-03-02 10:00:00,2023-03-02 11:00:00,106.9,189.1,1.57,29.13,16.77,5.03,0.5,97.44
2023-03-02 11:00:00,2023-03-02 12:00:00,74.42,137.88,1.95,10.44,7.14,5.05,0.72,112.56
2023-03-02 12:00:00,2023-03-02 13:00:00,65.25,124.8,1.51,8.0,5.48,0.85,0.02,98.33
2023-03-02 13:00:00,2023-03-02 14:00:00,50.57,97.4,2.83,14.93,10.24,0.42,0.04,92.37
2023-03-02 14:00:00,2023-03-02 15:00:00,44.28,89.12,4.13,13.45,10.51,1.33,0.36,83.21
2023-03-02 15:00:00,2023-03-02 16:00:00,38.27,108.15,6.21,22.27,16.89,0.73,0.25,96.78
2023-03-02 16:00:00,2023-03-02 17:00:00,40.3,134.05,2.74,15.1,10.26,,0.26,79.68
2023-03-02 17:00:00,2023-03-02 18:00:00,37.08,110.97,7.77,33.37,24.07,2.14,1.12,58.05
2023-03-02 18:00:00,2023-03-02 19:00:00,40.2,109.35,37.91,65.23,65.52,1.0,2.06,22.45
2023-03-02 19:00:00,2023-03-02 20:00:00,55.2,157.12,60.24,54.34,77.88,3.32,2.42,9.15
2023-03-02 20:00:00,2023-03-02 21:00:00,63.07,161.78,24.79,46.38,44.83,2.17,1.48,20.14
2023-03-02 21:00:00,2023-03-02 22:00:00,71.12,153.27,1.7,13.65,8.64,,0.19,61.98
2023-03-02 22:00:00,2023-03-02 23:00:00,49.58,93.45,1.75,24.01,14.2,,0.84,45.38
2023-03-02 23:00:00,2023-03-03 00:00:00,57.08,102.57,1.08,20.72,11.9,0.13,0.97,44.36
2023-03-03 00:00:00,2023-03-03 01:00:00,68.0,112.68,1.03,25.56,14.43,3.46,0.73,19.9
2023-03-03 01:00:00,2023-03-03 02:00:00,59.17,100.12,0.92,25.26,14.19,6.7,1.01,15.41
2023-03-03 02:00:00,2023-03-03 03:00:00,67.47,103.17,1.22,25.98,14.82,9.06,1.5,6.61
2023-03-03 03:00:00,2023-03-03 04:00:00,81.1,127.58,4.0,40.84,24.98,31.3,4.72,6.75
2023-03-03 04:00:00,2023-03-03 05:00:00,103.68,168.72,1.75,27.66,16.13,22.72,2.3,13.96
2023-03-03 05:00:00,2023-03-03 06:00:00,84.47,139.65,2.44,22.67,14.04,10.57,0.87,24.79
2023-03-03 06:00:00,2023-03-03 07:00:00,89.4,208.85,5.4,31.02,20.9,5.8,1.35,9.52
2023-03-03 07:00:00,2023-03-03 08:00:00,150.78,453.83,6.6,46.36,30.02,16.2,2.23,27.51
2023-03-03 08:00:00,2023-03-03 09:00:00,216.85,448.25,4.9,81.39,47.27,64.16,6.59,76.33
2023-03-03 09:00:00,2023-03-03 10:00:00,293.5,457.5,2.07,42.51,24.29,25.61,2.89,88.34
2023-03-03 10:00:00,2023-03-03 11:00:00,163.67,264.18,1.44,13.88,8.55,9.93,0.95,94.02
2023-03-03 11:00:00,2023-03-03 12:00:00,89.9,156.25,2.17,11.99,8.14,2.39,0.24,84.13
2023-03-03 12:00:00,2023-03-03 13:00:00,51.67,91.02,2.43,10.31,7.46,0.2,0.14,77.3
2023-03-03 13:00:00,2023-03-03 14:00:00,34.3,86.38,2.38,12.19,8.41,,0.0,73.47
2023-03-03 14:00:00,2023-03-03 15:00:00,29.2,94.33,1.83,6.04,4.71,,0.0,84.11
2023-03-03 15:00:00,2023-03-03 16:00:00,30.55,109.12,1.99,8.71,6.25,0.35,0.0,87.7
2023-03-03 16:00:00,2023-03-03 17:00:00,33.88,96.62,1.75,11.2,7.38,2.12,0.41,81.41
2023-03-03 17:00:00,2023-03-03 18:00:00,33.5,88.4,5.47,18.8,14.45,4.58,1.34,71.01
2023-03-03 18:00:00,2023-03-03 19:00:00,44.25,107.6,22.31,72.92,56.92,3.74,2.71,27.3
2023-03-03 19:00:00,2023-03-03 20:00:00,60.6,141.22,16.32,50.66,39.96,2.92,1.76,29.05
2023-03-03 20:00:00,2023-03-03 21:00:00,59.33,133.62,14.85,67.14,47.78,1.91,2.09,13.38
2023-03-03 21:00:00,2023-03-03 22:00:00,51.25,120.25,2.88,31.33,19.01,1.11,1.04,42.95
2023-03-03 22:00:00,2023-03-03 23:00:00,45.93,106.7,4.6,58.13,34.66,3.1,1.03,15.89
2023-03-03 23:00:00,2023-03-04 00:00:00,55.45,116.83,1.98,48.1,27.2,33.53,3.51,14.62
2023-03-04 00:00:00,2023-03-04 01:00:00,96.95,175.0,1.87,51.49,28.91,45.78,4.35,14.75
2023-03-04 01:00:00,2023-03-04 02:00:00,114.38,198.0,1.07,29.41,16.52,24.55,2.93,20.41
2023-03-04 02:00:00,2023-03-04 03:00:00,96.33,161.85,0.72,13.96,8.01,11.35,1.06,43.37
2023-03-04 03:00:00,2023-03-04 04:00:00,66.65,106.03,0.75,12.06,7.02,10.01,0.54,44.93
2023-03-04 04:00:00,2023-03-04 05:00:00,55.78,91.75,0.7,10.59,6.2,8.48,0.56,47.7
2023-03-04 05:00:00,2023-03-04 06:00:00,58.75,98.55,1.17,31.5,17.71,15.0,1.63,25.8
2023-03-04 06:00:00,2023-03-04 07:00:00,89.05,143.38,5.73,46.97,29.65,51.0,4.87,8.96
2023-03-04 07:00:00,2023-03-04 08:00:00,153.27,272.17,3.31,28.24,17.72,27.87,2.36,40.96
2023-03-04 08:00:00,2023-03-04 09:00:00,141.93,348.13,2.97,22.42,14.34,17.18,1.95,63.69
2023-03-04 09:00:00,2023-03-04 10:00:00,110.18,247.37,1.9,12.48,8.18,6.01,0.46,64.85
2023-03-04 10:00:00,2023-03-04 11:00:00,59.7,253.52,2.2,10.02,7.12,0.95,0.26,69.66
2023-03-04 11:00:00,2023-03-04 12:00:00,42.02,149.8,2.33,6.38,5.29,,0.21,78.88
2023-03-04 12:00:00,2023-03-04 13:00:00,38.78,150.03,2.77,10.45,7.81,,0.23,82.14
2023-03-04 13:00:00,2023-03-04 14:00:00,40.5,175.4,2.2,8.73,6.43,,0.27,81.31
2023-03-04 14:00:00,2023-03-04 15:00:00,35.28,146.83,2.33,7.63,5.96,2.34,1.08,78.67
2023-03-04 15:00:00,2023-03-04 16:00:00,36.62,124.3,4.19,9.29,8.35,3.83,1.5,90.99
2023-03-04 16:00:00,2023-03-04 17:00:00,37.55,106.3,1.99,11.08,7.51,0.68,0.71,87.29
2023-03-04 17:00:00,2023-03-04 18:00:00,33.82,105.6,3.66,31.95,19.97,,0.9,72.56
2023-03-04 18:00:00,2023-03-04 19:00:00,42.2,108.57,4.7,30.33,19.95,1.02,1.19,57.96
2023-03-04 19:00:00,2023-03-04 20:00:00,59.62,131.7,8.87,51.79,34.75,1.36,1.7,35.62
2023-03-04 20:00:00,2023-03-04 21:00:00,61.08,130.62,9.71,68.79,44.49,0.03,2.1,11.53
2023-03-04 21:00:00,2023-03-04 22:00:00,57.92,123.67,3.98,36.22,22.5,0.78,0.97,38.65
2023-03-04 22:00:00,2023-03-04 23:00:00,50.7,102.95,2.15,25.02,15.06,0.29,0.7,48.49
2023-03-04 23:00:00,2023-03-05 00:00:00,45.42,86.47,0.81,7.59,4.7,,0.22,70.82
2023-03-05 00:00:00,2023-03-05 01:00:00,42.7,74.48,0.58,9.06,5.29,,0.29,63.4
2023-03-05 01:00:00,2023-03-05 02:00:00,39.3,75.3,0.55,10.58,6.07,,0.34,47.48
2023-03-05 02:00:00,2023-03-05 03:00:00,41.42,76.3,0.68,9.32,5.5,0.31,0.34,45.12
2023-03-05 03:00:00,2023-03-05 04:00:00,44.2,75.28,0.91,15.5,8.98,0.32,0.6,32.55
2023-03-05 04:00:00,2023-03-05 05:00:00,47.0,79.8,0.5,11.95,6.77,0.1,0.57,22.58
2023-03-05 05:00:00,2023-03-05 06:00:00,48.9,82.65,1.13,17.35,10.15,0.07,0.69,16.42
2023-03-05 06:00:00,2023-03-05 07:00:00,60.9,103.32,2.17,26.92,16.08,0.25,1.08,9.5
2023-03-05 07:00:00,2023-03-05 08:00:00,88.0,157.15,2.21,23.32,14.21,1.88,1.08,23.84
2023-03-05 08:00:00,2023-03-05 09:00:00,98.88,168.45,2.06,13.8,9.02,3.76,0.85,50.55
2023-03-05 09:00:00,2023-03-05 10:00:00,76.05,131.82,1.39,11.84,7.43,3.76,1.1,64.31
2023-03-05 10:00:00,2023-03-05 11:00:00,53.4,89.8,2.83,12.81,9.12,12.15,1.53,75.22
2023-03-05 11:00:00,2023-03-05 12:00:00,36.48,92.42,4.82,19.63,14.36,7.7,1.41,82.81
2023-03-05 12:00:00,2023-03-05 13:00:00,26.0,166.5,2.21,7.81,5.96,2.67,0.98,81.32
2023-03-05 13:00:00,2023-03-05 14:00:00,20.68,86.8,3.72,13.64,10.28,9.23,1.78,85.61
2023-03-05 14:00:00,2023-03-05 15:00:00,31.83,66.03,5.12,16.3,12.83,14.08,2.04,92.86
2023-03-05 15:00:00,2023-03-05 16:00:00,31.1,86.8,4.89,19.79,14.5,4.26,1.03,80.34
2023-03-05 16:00:00,2023-03-05 17:00:00,19.82,105.55,12.69,48.77,36.26,2.08,0.75,68.15
2023-03-05 17:00:00,2023-03-05 18:00:00,22.02,84.78,11.35,47.82,34.66,1.71,0.97,51.2
2023-03-05 18:00:00,2023-03-05 19:00:00,32.05,85.08,30.52,62.72,58.29,4.17,1.61,30.42
2023-03-05 19:00:00,2023-03-05 20:00:00,47.13,102.15,33.0,70.94,64.56,6.12,1.56,20.01
2023-03-05 20:00:00,2023-03-05 21:00:00,52.75,109.55,11.84,51.47,37.0,4.62,1.23,24.82
2023-03-05 21:00:00,2023-03-05 22:00:00,54.22,98.77,11.45,53.01,37.5,2.83,1.08,13.59
2023-03-05 22:00:00,2023-03-05 23:00:00,45.52,91.75,5.92,45.75,29.15,4.85,0.86,15.7
2023-03-05 23:00:00,2023-03-06 00:00:00,42.48,91.65,1.42,23.49,13.65,3.58,0.26,46.27
2023-03-06 00:00:00,2023-03-06 01:00:00,37.35,71.52,0.81,9.23,5.57,6.77,0.0,66.6
2023-03-06 01:00:00,2023-03-06 02:00:00,23.6,49.75,0.8,8.03,4.92,3.03,0.0,72.55
2023-03-06 02:00:00,2023-03-06 03:00:00,30.83,50.6,0.84,20.85,11.78,17.22,0.36,61.71
2023-03-06 03:00:00,2023-03-06 04:00:00,53.35,72.6,0.72,18.04,10.18,23.7,0.32,61.21
2023-03-06 04:00:00,2023-03-06 05:00:00,62.35,81.9,0.74,5.8,3.69,12.85,0.0,64.59
2023-03-06 05:00:00,2023-03-06 06:00:00,43.88,61.58,1.11,24.24,13.79,28.29,1.93,33.02
2023-03-06 06:00:00,2023-03-06 07:00:00,70.53,117.2,6.21,42.55,27.68,62.0,4.46,17.92
2023-03-06 07:00:00,2023-03-06 08:00:00,119.43,189.8,2.94,21.12,13.63,16.98,1.42,48.39
2023-03-06 08:00:00,2023-03-06 09:00:00,86.55,140.52,1.85,7.05,5.26,2.31,0.4,69.88
2023-03-06 09:00:00,2023-03-06 10:00:00,47.25,79.17,1.9,9.14,6.4,0.13,0.58,74.85
2023-03-06 10:00:00,2023-03-06 11:00:00,35.7,67.0,1.74,8.08,5.71,,0.38,82.69
2023-03-06 11:00:00,2023-03-06 12:00:00,30.15,94.8,2.51,10.11,7.42,,0.33,83.3
2023-03-06 12:00:00,2023-03-06 13:00:00,23.45,195.23,3.58,14.37,10.55,,0.57,77.03
2023-03-06 13:00:00,2023-03-06 14:00:00,21.47,117.4,4.33,20.27,14.3,,0.78,76.5
2023-03-06 14:00:00,2023-03-06 15:00:00,23.17,73.8,2.56,17.17,11.22,,0.37,80.57
2023-03-06 15:00:00,2023-03-06 16:00:00,22.4,57.95,2.57,12.2,8.58,,0.08,81.48
2023-03-06 16:00:00,2023-03-06 17:00:00,21.4,58.85,1.84,9.13,6.35,,0.18,84.23
2023-03-06 17:00:00,2023-03-06 18:00:00,25.3,63.35,3.72,15.39,11.21,,0.61,71.3
2023-03-06 18:00:00,2023-03-06 19:00:00,29.45,67.08,7.12,39.78,26.95,,1.18,48.34
2023-03-06 19:00:00,2023-03-06 20:00:00,41.3,88.38,9.18,54.88,36.66,0.16,1.51,34.85
2023-03-06 20:00:00,2023-03-06 21:00:00,57.5,106.95,6.18,33.67,22.93,0.04,1.33,39.47
2023-03-06 21:00:00,2023-03-06 22:00:00,60.05,104.62,4.0,31.13,19.81,,1.07,40.82
2023-03-06 22:00:00,2023-03-06 23:00:00,48.7,89.12,1.76,19.63,11.88,,0.64,50.69
2023-03-06 23:00:00,2023-03-07 00:00:00,39.6,71.25,1.0,11.26,6.8,,0.47,58.59
2023-03-07 00:00:00,2023-03-07 01:00:00,37.73,63.73,0.78,7.86,4.82,,0.49,65.11
2023-03-07 01:00:00,2023-03-07 02:00:00,45.52,67.82,0.88,20.66,11.71,3.92,1.18,39.35
2023-03-07 02:00:00,2023-03-07 03:00:00,80.8,124.85,3.96,45.07,27.2,21.12,2.91,2.92
2023-03-07 03:00:00,2023-03-07 04:00:00,131.6,211.27,6.28,49.49,31.43,30.39,3.6,
2023-03-07 04:00:00,2023-03-07 05:00:00,162.5,247.43,1.77,40.02,22.73,24.2,4.36,2.43
2023-03-07 05:00:00,2023-03-07 06:00:00,174.73,238.93,3.79,42.88,25.9,25.16,4.6,
2023-03-07 06:00:00,2023-03-07 07:00:00,190.38,292.95,9.57,45.24,31.84,18.25,4.46,
2023-03-07 07:00:00,2023-03-07 08:00:00,240.55,420.22,3.61,42.78,25.69,31.81,5.22,35.41
2023-03-07 08:00:00,2023-03-07 09:00:00,298.8,479.55,2.52,45.87,26.43,55.01,5.79,82.83
2023-03-07 09:00:00,2023-03-07 10:00:00,275.85,400.15,1.74,10.81,7.17,14.09,1.25,86.11
2023-03-07 10:00:00,2023-03-07 11:00:00,103.82,159.43,1.45,8.73,5.83,4.65,0.89,100.1
2023-03-07 11:00:00,2023-03-07 12:00:00,66.6,106.79,1.37,6.37,4.5,2.27,0.52,92.53
2023-03-07 12:00:00,2023-03-07 13:00:00,42.74,76.65,1.73,5.71,4.44,,0.27,84.84
2023-03-07 13:00:00,2023-03-07 14:00:00,27.61,55.73,1.45,5.36,4.03,,0.31,90.48
2023-03-07 14:00:00,2023-03-07 15:00:00,27.78,51.81,1.61,7.94,5.54,,0.41,89.79
2023-03-07 15:00:00,2023-03-07 16:00:00,24.31,46.48,1.47,6.91,4.87,,0.33,86.51
2023-03-07 16:00:00,2023-03-07 17:00:00,24.78,51.25,1.32,6.48,4.52,,0.29,84.02
2023-03-07 17:00:00,2023-03-07 18:00:00,24.02,48.77,2.99,17.14,11.54,,0.75,69.01
2023-03-07 18:00:00,2023-03-07 19:00:00,31.79,71.49,3.34,27.27,17.22,1.09,1.14,60.31
2023-03-07 19:00:00,2023-03-07 20:00:00,75.86,112.83,7.4,43.49,29.16,3.61,1.68,42.85
2023-03-07 20:00:00,2023-03-07 21:00:00,101.06,150.3,4.88,38.98,24.7,5.73,1.9,41.58
2023-03-07 21:00:00,2023-03-07 22:00:00,115.64,167.0,2.54,22.7,14.14,1.49,1.3,52.22
2023-03-07 22:00:00,2023-03-07 23:00:00,77.15,114.88,1.59,27.38,15.86,1.38,1.51,31.25
2023-03-07 23:00:00,2023-03-08 00:00:00,97.24,183.4,1.34,24.79,14.28,0.66,1.22,27.98
2023-03-08 00:00:00,2023-03-08 01:00:00,76.24,124.07,3.05,35.45,21.33,0.56,1.4,6.1
2023-03-08 01:00:00,2023-03-08 02:00:00,79.41,122.99,1.29,34.16,19.22,20.95,2.47,7.54
2023-03-08 02:00:00,2023-03-08 03:00:00,115.48,169.16,0.95,25.97,14.59,16.7,2.0,9.64
2023-03-08 03:00:00,2023-03-08 04:00:00,102.72,155.72,1.18,30.1,16.97,24.98,2.87,4.17
2023-03-08 04:00:00,2023-03-08 05:00:00,127.95,186.26,1.46,29.38,16.82,17.45,3.55,1.54
2023-03-08 05:00:00,2023-03-08 06:00:00,141.86,191.19,1.31,29.5,16.76,17.58,4.05,0.14
2023-03-08 06:00:00,2023-03-08 07:00:00,167.65,257.31,1.95,28.53,16.76,21.43,3.43,4.95
2023-03-08 07:00:00,2023-03-08 08:00:00,223.2,369.68,1.94,21.12,12.81,20.68,2.81,21.46
2023-03-08 08:00:00,2023-03-08 09:00:00,203.42,348.63,1.47,16.55,10.0,23.64,2.16,59.46
2023-03-08 09:00:00,2023-03-08 10:00:00,144.35,207.43,1.21,10.84,6.74,14.75,1.39,82.96
2023-03-08 10:00:00,2023-03-08 11:00:00,96.05,132.22,1.01,7.52,4.82,8.6,1.19,96.19
2023-03-08 11:00:00,2023-03-08 12:00:00,74.71,103.03,1.01,4.17,3.04,1.06,0.42,86.62
2023-03-08 12:00:00,2023-03-08 13:00:00,45.39,63.15,0.99,3.12,2.47,,0.36,87.45
2023-03-08 13:00:00,2023-03-08 14:00:00,33.46,54.74,1.0,3.55,2.7,,0.55,86.91
2023-03-08 14:00:00,2023-03-08 15:00:00,35.4,63.39,0.86,4.19,2.93,,0.65,78.91
2023-03-08 15:00:00,2023-03-08 16:00:00,44.22,87.36,0.99,5.16,3.55,1.91,0.82,53.28
2023-03-08 16:00:00,2023-03-08 17:00:00,45.72,131.7,1.3,8.9,5.79,0.73,1.15,37.27
2023-03-08 17:00:00,2023-03-08 18:00:00,52.02,95.82,1.43,7.88,5.36,2.04,1.3,37.43
2023-03-08 18:00:00,2023-03-08 19:00:00,50.17,73.38,1.21,11.89,7.31,,0.89,19.67
2023-03-08 19:00:00,2023-03-08 20:00:00,61.22,84.01,1.2,12.78,7.78,,0.73,
2023-03-08 20:00:00,2023-03-08 21:00:00,67.57,79.01,2.18,18.56,11.65,,0.97,
2023-03-08 21:00:00,2023-03-08 22:00:00,64.03,85.59,4.08,27.69,18.05,,1.19,
2023-03-08 22:00:00,2023-03-08 23:00:00,77.86,102.69,4.41,28.19,18.57,,1.44,
2023-03-08 23:00:00,2023-03-09 00:00:00,92.78,113.61,2.24,25.11,15.18,,1.22,
2023-03-09 00:00:00,2023-03-09 01:00:00,83.44,102.66,1.19,19.44,11.31,,1.24,
2023-03-09 01:00:00,2023-03-09 02:00:00,79.89,112.32,1.14,15.86,9.37,,1.13,
2023-03-09 02:00:00,2023-03-09 03:00:00,79.25,107.31,1.07,13.45,8.02,,0.99,
2023-03-09 03:00:00,2023-03-09 04:00:00,76.01,95.97,1.07,12.67,7.61,,0.95,
2023-03-09 04:00:00,2023-03-09 05:00:00,73.72,94.36,1.05,13.5,8.03,,1.2,
2023-03-09 05:00:00,2023-03-09 06:00:00,87.03,110.49,1.1,14.62,8.67,,1.44,
2023-03-09 06:00:00,2023-03-09 07:00:00,119.63,145.43,1.62,17.2,10.46,,1.52,
2023-03-09 07:00:00,2023-03-09 08:00:00,117.26,141.8,2.96,25.18,15.79,,3.67,3.9
2023-03-09 08:00:00,2023-03-09 09:00:00,167.64,191.63,3.22,38.05,22.86,1.69,6.35,33.43
2023-03-09 09:00:00,2023-03-09 10:00:00,234.65,264.7,2.42,28.84,17.3,1.18,4.47,61.53
2023-03-09 10:00:00,2023-03-09 11:00:00,203.63,238.99,1.66,14.23,8.92,2.28,1.89,91.5
2023-03-09 11:00:00,2023-03-09 12:00:00,102.98,126.36,1.35,15.5,9.35,8.24,2.43,137.85
2023-03-09 12:00:00,2023-03-09 13:00:00,104.59,130.34,1.26,12.98,7.93,4.77,1.73,146.27
2023-03-09 13:00:00,2023-03-09 14:00:00,80.58,110.87,1.24,9.99,6.32,3.02,1.29,144.6
2023-03-09 14:00:00,2023-03-09 15:00:00,67.9,97.54,1.22,7.85,5.17,0.96,0.8,125.16
2023-03-09 15:00:00,2023-03-09 16:00:00,53.27,69.26,1.42,11.3,7.16,0.22,0.76,113.07
2023-03-09 16:00:00,2023-03-09 17:00:00,46.48,56.88,1.9,21.6,13.04,,1.07,93.91
2023-03-09 17:00:00,2023-03-09 18:00:00,46.54,73.0,4.28,40.44,24.99,,1.82,55.21
2023-03-09 18:00:00,2023-03-09 19:00:00,66.49,139.35,7.26,45.07,29.87,0.01,2.15,26.52
2023-03-09 19:00:00,2023-03-09 20:00:00,108.21,207.18,1.86,18.92,11.58,,1.03,64.86
2023-03-09 20:00:00,2023-03-09 21:00:00,64.77,110.09,1.65,16.19,9.95,,0.91,60.99
2023-03-09 21:00:00,2023-03-09 22:00:00,60.89,89.18,1.48,12.41,7.8,,0.76,64.17
2023-03-09 22:00:00,2023-03-09 23:00:00,48.7,64.64,1.2,12.94,7.85,,0.8,54.92
2023-03-09 23:00:00,2023-03-10 00:00:00,54.68,72.17,1.2,18.58,10.85,,0.86,33.01
2023-03-10 00:00:00,2023-03-10 01:00:00,59.51,85.58,1.07,16.27,9.52,,0.76,36.02
2023-03-10 01:00:00,2023-03-10 02:00:00,51.2,76.06,0.99,11.75,7.05,,0.75,28.27
2023-03-10 02:00:00,2023-03-10 03:00:00,51.18,68.32,1.04,12.43,7.46,,0.85,12.07
2023-03-10 03:00:00,2023-03-10 04:00:00,56.48,74.84,1.2,15.27,9.1,,1.02,3.97
2023-03-10 04:00:00,2023-03-10 05:00:00,61.92,82.12,1.27,13.31,8.11,,0.99,15.84
2023-03-10 05:00:00,2023-03-10 06:00:00,65.47,91.54,1.27,15.28,9.16,,0.96,17.23
2023-03-10 06:00:00,2023-03-10 07:00:00,71.14,99.78,2.73,27.04,16.6,,1.18,5.68
2023-03-10 07:00:00,2023-03-10 08:00:00,92.77,133.51,2.33,19.32,12.17,,1.06,34.41
2023-03-10 08:00:00,2023-03-10 09:00:00,93.98,115.43,1.78,10.54,7.05,,1.02,60.2
2023-03-10 09:00:00,2023-03-10 10:00:00,66.85,86.47,1.88,8.94,6.29,,0.99,67.96
2023-03-10 10:00:00,2023-03-10 11:00:00,53.3,65.07,1.55,5.72,4.3,,0.81,78.97
2023-03-10 11:00:00,2023-03-10 12:00:00,41.66,55.48,1.42,5.3,3.97,,0.81,85.91
2023-03-10 12:00:00,2023-03-10 13:00:00,37.78,57.76,1.39,5.76,4.19,,0.9,95.68
2023-03-10 13:00:00,2023-03-10 14:00:00,40.21,56.77,1.67,7.92,5.57,,1.04,102.64
2023-03-10 14:00:00,2023-03-10 15:00:00,40.44,61.77,1.06,5.26,3.65,,0.76,111.36
2023-03-10 15:00:00,2023-03-10 16:00:00,41.61,64.39,2.21,16.76,10.72,,1.08,94.25
2023-03-10 16:00:00,2023-03-10 17:00:00,45.1,84.81,3.25,26.18,16.57,,1.34,73.56
2023-03-10 17:00:00,2023-03-10 18:00:00,53.96,96.47,2.73,17.95,11.77,,1.17,71.9
2023-03-10 18:00:00,2023-03-10 19:00:00,61.21,174.51,2.03,10.97,7.48,,1.36,74.03
2023-03-10 19:00:00,2023-03-10 20:00:00,53.72,112.06,2.3,19.48,12.23,,1.74,77.43
2023-03-10 20:00:00,2023-03-10 21:00:00,82.03,141.16,2.46,21.46,13.42,,2.12,72.89
2023-03-10 21:00:00,2023-03-10 22:00:00,45.83,178.33,7.82,37.85,26.49,,2.09,48.06
2023-03-10 22:00:00,2023-03-10 23:00:00,68.79,117.18,1.91,26.42,15.61,,2.7,25.78
2023-03-10 23:00:00,2023-03-11 00:00:00,121.41,166.06,1.02,22.44,12.77,,2.9,11.54
2023-03-11 00:00:00,2023-03-11 01:00:00,138.89,167.39,1.33,20.47,11.97,,2.58,
2023-03-11 01:00:00,2023-03-11 02:00:00,129.58,157.29,1.12,20.93,12.05,,3.0,0.61
2023-03-11 02:00:00,2023-03-11 03:00:00,117.03,121.48,0.96,15.32,8.93,,1.8,1.17
2023-03-11 03:00:00,2023-03-11 04:00:00,103.36,103.82,1.04,16.08,9.39,,1.58,2.54
2023-03-11 04:00:00,2023-03-11 05:00:00,99.25,110.07,1.54,18.33,11.0,,1.71,1.31
2023-03-11 05:00:00,2023-03-11 06:00:00,98.13,109.4,1.6,20.05,11.97,,1.74,2.93
2023-03-11 06:00:00,2023-03-11 07:00:00,105.4,119.55,6.77,26.21,19.45,,1.7,
2023-03-11 07:00:00,2023-03-11 08:00:00,119.8,162.36,7.66,36.52,25.66,,2.55,0.87
2023-03-11 08:00:00,2023-03-11 09:00:00,114.19,263.16,9.13,43.85,30.75,,3.73,38.1
2023-03-11 09:00:00,2023-03-11 10:00:00,118.06,192.7,3.08,57.87,33.28,2.54,3.96,37.88
2023-03-11 10:00:00,2023-03-11 11:00:00,156.12,203.07,2.5,43.97,25.42,0.84,4.64,109.81
2023-03-11 11:00:00,2023-03-11 12:00:00,198.7,249.79,1.71,30.28,17.5,,3.26,148.52
2023-03-11 12:00:00,2023-03-11 13:00:00,157.18,202.02,1.17,17.01,10.0,,2.28,164.39
2023-03-11 13:00:00,2023-03-11 14:00:00,132.58,172.39,0.94,10.0,6.08,,1.51,154.92
2023-03-11 14:00:00,2023-03-11 15:00:00,105.13,136.3,0.89,9.19,5.61,,1.15,147.64
2023-03-11 15:00:00,2023-03-11 16:00:00,82.75,110.21,1.04,13.54,8.05,,1.08,139.83
2023-03-11 16:00:00,2023-03-11 17:00:00,81.36,110.47,1.16,12.11,7.38,,1.15,126.21
2023-03-11 17:00:00,2023-03-11 18:00:00,80.39,109.55,2.04,28.76,16.96,,1.64,82.89
2023-03-11 18:00:00,2023-03-11 19:00:00,84.33,113.04,5.18,53.36,32.59,,2.47,46.85
2023-03-11 19:00:00,2023-03-11 20:00:00,127.0,173.41,1.17,38.27,21.3,,1.81,55.62
2023-03-11 20:00:00,2023-03-11 21:00:00,157.87,207.0,1.51,25.76,14.93,,1.35,66.6
2023-03-11 21:00:00,2023-03-11 22:00:00,124.86,163.31,0.99,30.77,17.17,,1.39,42.36
2023-03-11 22:00:00,2023-03-11 23:00:00,120.41,159.96,1.06,29.54,16.57,,1.43,26.82
2023-03-11 23:00:00,2023-03-12 00:00:00,106.13,138.33,1.22,26.7,15.19,,1.32,23.07
2023-03-12 00:00:00,2023-03-12 01:00:00,106.53,129.94,0.83,16.48,9.44,,1.03,34.82
2023-03-12 01:00:00,2023-03-12 02:00:00,92.97,116.74,0.94,17.34,9.99,,1.06,25.77
2023-03-12 02:00:00,2023-03-12 03:00:00,98.47,121.36,0.79,15.53,8.9,,0.97,28.18
2023-03-12 03:00:00,2023-03-12 04:00:00,111.92,137.03,1.38,18.36,10.89,,1.01,24.71
2023-03-12 04:00:00,2023-03-12 05:00:00,103.12,122.77,0.73,14.05,8.07,,0.94,32.77
2023-03-12 05:00:00,2023-03-12 06:00:00,86.77,104.99,0.95,16.0,9.28,,1.01,30.63
2023-03-12 06:00:00,2023-03-12 07:00:00,98.12,123.79,3.59,26.09,16.8,,1.31,22.8
2023-03-12 07:00:00,2023-03-12 08:00:00,119.65,170.0,3.66,29.85,18.85,,1.5,17.26
2023-03-12 08:00:00,2023-03-12 09:00:00,134.58,174.57,1.34,13.84,8.45,,1.19,64.74
2023-03-12 09:00:00,2023-03-12 10:00:00,101.95,138.33,1.28,10.56,6.66,,1.19,95.14
2023-03-12 10:00:00,2023-03-12 11:00:00,94.22,121.38,1.3,11.16,7.0,,1.2,111.78
2023-03-12 11:00:00,2023-03-12 12:00:00,80.37,109.42,1.68,21.08,12.58,,1.22,116.54
2023-03-12 12:00:00,2023-03-12 13:00:00,83.15,113.89,1.17,19.29,11.21,0.64,1.51,151.08
2023-03-12 13:00:00,2023-03-12 14:00:00,102.5,142.98,1.07,21.31,12.21,4.31,1.82,168.44
2023-03-12 14:00:00,2023-03-12 15:00:00,114.4,157.23,0.94,18.52,10.61,7.34,1.89,194.52
2023-03-12 15:00:00,2023-03-12 16:00:00,125.99,167.23,0.81,14.2,8.21,4.79,1.78,
2023-03-12 16:00:00,2023-03-12 17:00:00,127.9,175.72,1.04,15.83,9.27,1.45,1.27,166.75
2023-03-12 17:00:00,2023-03-12 18:00:00,105.09,145.22,1.03,21.73,12.4,0.05,1.53,112.57
2023-03-12 18:00:00,2023-03-12 19:00:00,120.68,254.19,1.07,27.88,15.7,,2.04,73.01
2023-03-12 19:00:00,2023-03-12 20:00:00,157.82,281.75,5.73,49.38,30.92,,2.37,47.47
2023-03-12 20:00:00,2023-03-12 21:00:00,158.81,244.57,7.7,45.17,30.29,,1.31,39.54
2023-03-12 21:00:00,2023-03-12 22:00:00,88.64,135.43,4.75,34.02,21.96,,1.01,55.96
2023-03-12 22:00:00,2023-03-12 23:00:00,60.57,103.54,3.12,18.04,12.14,,0.86,68.45
2023-03-12 23:00:00,2023-03-13 00:00:00,56.96,81.94,0.8,11.84,6.95,,0.84,72.28
2023-03-13 00:00:00,2023-03-13 01:00:00,64.35,94.37,0.8,9.58,5.75,,0.83,74.35
2023-03-13 01:00:00,2023-03-13 02:00:00,62.93,82.35,0.81,12.58,7.35,,0.95,58.8
2023-03-13 02:00:00,2023-03-13 03:00:00,63.78,92.56,0.77,12.15,7.08,,0.96,56.18
2023-03-13 03:00:00,2023-03-13 04:00:00,66.27,91.49,0.73,10.44,6.15,,1.0,58.75
2023-03-13 04:00:00,2023-03-13 05:00:00,68.56,94.28,0.78,13.46,7.79,,1.07,46.35
2023-03-13 05:00:00,2023-03-13 06:00:00,73.42,103.14,1.05,18.59,10.74,,1.19,36.0
2023-03-13 06:00:00,2023-03-13 07:00:00,81.21,124.91,1.09,16.65,9.74,,1.41,43.13
2023-03-13 07:00:00,2023-03-13 08:00:00,124.74,219.39,1.42,15.25,9.27,,1.47,55.8
2023-03-13 08:00:00,2023-03-13 09:00:00,119.32,171.46,1.67,13.78,8.69,,1.42,74.3
2023-03-13 09:00:00,2023-03-13 10:00:00,93.96,135.67,1.42,13.94,8.57,,1.57,90.09
2023-03-13 10:00:00,2023-03-13 11:00:00,98.67,140.37,1.34,13.92,8.5,,1.59,113.41
2023-03-13 11:00:00,2023-03-13 12:00:00,100.34,133.64,1.09,11.09,6.79,,1.56,144.83
2023-03-13 12:00:00,2023-03-13 13:00:00,92.94,134.74,0.98,10.43,6.34,,1.67,169.87
2023-03-13 13:00:00,2023-03-13 14:00:00,96.86,130.44,1.16,16.63,9.79,,1.97,175.78
2023-03-13 14:00:00,2023-03-13 15:00:00,96.16,143.29,0.86,15.16,8.76,0.28,2.01,182.31
2023-03-13 15:00:00,2023-03-13 16:00:00,112.47,149.11,0.79,12.06,7.05,0.01,1.93,
2023-03-13 16:00:00,2023-03-13 17:00:00,111.53,155.42,0.67,9.79,5.76,0.01,1.76,192.47
2023-03-13 17:00:00,2023-03-13 18:00:00,110.41,165.0,0.75,16.46,9.37,,1.92,138.96
2023-03-13 18:00:00,2023-03-13 19:00:00,135.92,263.03,1.01,31.79,17.73,,2.66,76.01
2023-03-13 19:00:00,2023-03-13 20:00:00,192.83,333.97,1.24,54.95,30.24,,3.74,43.66
2023-03-13 20:00:00,2023-03-13 21:00:00,227.59,339.04,2.05,29.98,17.62,,1.92,61.95
2023-03-13 21:00:00,2023-03-13 22:00:00,112.6,172.39,1.25,11.73,7.25,,0.99,86.67
2023-03-13 22:00:00,2023-03-13 23:00:00,65.96,101.66,0.83,8.0,4.93,,0.95,88.75
2023-03-13 23:00:00,2023-03-14 00:00:00,58.79,80.42,0.92,9.89,6.0,,0.95,78.06
2023-03-14 00:00:00,2023-03-14 01:00:00,55.58,86.47,0.77,7.63,4.69,,0.91,78.86
2023-03-14 01:00:00,2023-03-14 02:00:00,52.43,74.8,0.74,8.64,5.21,,1.01,81.18
2023-03-14 02:00:00,2023-03-14 03:00:00,65.03,95.03,0.64,6.73,4.1,,1.06,86.1
2023-03-14 03:00:00,2023-03-14 04:00:00,66.47,96.41,0.67,8.3,4.96,,1.12,80.44
2023-03-14 04:00:00,2023-03-14 05:00:00,83.12,111.38,0.71,8.17,4.92,,1.14,79.67
2023-03-14 05:00:00,2023-03-14 06:00:00,84.08,120.04,0.9,16.07,9.28,,1.33,63.17
2023-03-14 06:00:00,2023-03-14 07:00:00,98.52,137.67,2.34,24.91,15.16,,1.53,48.0
2023-03-14 07:00:00,2023-03-14 08:00:00,111.24,194.89,3.13,34.33,20.8,,1.87,43.62
2023-03-14 08:00:00,2023-03-14 09:00:00,126.34,193.47,1.59,19.77,11.81,,1.73,82.84
2023-03-14 09:00:00,2023-03-14 10:00:00,106.62,160.12,0.92,10.16,6.15,,1.4,112.62
2023-03-14 10:00:00,2023-03-14 11:00:00,92.69,140.3,0.98,10.66,6.47,,1.48,121.39
2023-03-14 11:00:00,2023-03-14 12:00:00,95.11,134.27,1.16,12.27,7.47,,1.6,133.6
2023-03-14 12:00:00,2023-03-14 13:00:00,86.52,127.51,1.07,11.05,6.74,,1.54,156.33
2023-03-14 13:00:00,2023-03-14 14:00:00,81.43,131.33,0.99,13.86,8.18,,1.76,168.5
2023-03-14 14:00:00,2023-03-14 15:00:00,87.38,395.01,1.6,17.84,10.79,0.26,1.45,131.05
2023-03-14 15:00:00,2023-03-14 16:00:00,66.37,192.73,1.21,16.61,9.82,0.03,1.36,142.84
2023-03-14 16:00:00,2023-03-14 17:00:00,65.49,121.03,2.51,34.91,20.61,,1.86,119.39
2023-03-14 17:00:00,2023-03-14 18:00:00,66.25,124.61,4.64,62.76,37.15,,2.88,77.06
2023-03-14 18:00:00,2023-03-14 19:00:00,96.4,199.62,3.53,42.4,25.42,,2.28,76.29
2023-03-14 19:00:00,2023-03-14 20:00:00,90.35,176.04,3.17,25.7,16.24,,1.72,78.86
2023-03-14 20:00:00,2023-03-14 21:00:00,82.85,144.46,1.52,17.48,10.53,,1.47,81.63
2023-03-14 21:00:00,2023-03-14 22:00:00,78.31,122.67,0.91,11.41,6.81,,1.39,81.52
2023-03-14 22:00:00,2023-03-14 23:00:00,70.35,115.28,0.73,15.65,8.92,,1.51,60.77
2023-03-14 23:00:00,2023-03-15 00:00:00,83.53,177.34,1.22,22.5,12.96,,1.59,40.05
2023-03-15 00:00:00,2023-03-15 01:00:00,84.22,143.2,0.91,17.26,9.92,,1.31,55.8
2023-03-15 01:00:00,2023-03-15 02:00:00,81.82,125.54,0.7,13.08,7.53,,1.47,64.35
2023-03-15 02:00:00,2023-03-15 03:00:00,77.03,115.94,0.75,11.67,6.82,,1.72,61.53
2023-03-15 03:00:00,2023-03-15 04:00:00,86.75,137.46,0.78,11.38,6.68,,1.53,59.9
2023-03-15 04:00:00,2023-03-15 05:00:00,90.85,138.75,0.81,12.18,7.14,,1.39,60.21
2023-03-15 05:00:00,2023-03-15 06:00:00,87.02,126.32,1.27,21.06,12.23,,1.46,43.82
2023-03-15 06:00:00,2023-03-15 07:00:00,100.79,149.27,2.21,23.78,14.46,,2.0,45.25
2023-03-15 07:00:00,2023-03-15 08:00:00,146.99,206.31,2.35,24.57,14.98,,2.43,57.7
2023-03-15 08:00:00,2023-03-15 09:00:00,152.57,206.87,1.79,22.11,13.21,,2.95,88.28
2023-03-15 09:00:00,2023-03-15 10:00:00,152.64,209.27,1.76,13.42,8.57,,1.75,104.37
2023-03-15 10:00:00,2023-03-15 11:00:00,92.19,132.09,1.23,8.79,5.68,,1.39,112.1
2023-03-15 11:00:00,2023-03-15 12:00:00,68.24,104.9,1.25,8.47,5.52,,1.31,106.49
2023-03-15 12:00:00,2023-03-15 13:00:00,54.61,84.28,1.34,7.78,5.23,,1.17,102.25
2023-03-15 13:00:00,2023-03-15 14:00:00,46.04,72.24,1.66,8.44,5.84,,1.14,94.64
2023-03-15 14:00:00,2023-03-15 15:00:00,38.34,73.74,1.71,10.25,6.85,,1.01,101.32
2023-03-15 15:00:00,2023-03-15 16:00:00,36.33,80.23,1.27,7.85,5.21,,0.9,106.58
2023-03-15 16:00:00,2023-03-15 17:00:00,31.68,66.74,2.08,16.99,10.73,,1.21,98.81
2023-03-15 17:00:00,2023-03-15 18:00:00,39.96,71.65,13.23,61.69,43.57,,2.6,49.55
2023-03-15 18:00:00,2023-03-15 19:00:00,51.76,105.41,29.88,74.86,64.11,0.01,3.7,25.38
2023-03-15 19:00:00,2023-03-15 20:00:00,73.66,154.37,23.91,64.57,53.79,0.07,3.25,20.81
2023-03-15 20:00:00,2023-03-15 21:00:00,106.36,204.8,2.6,31.22,18.72,,1.6,49.34
2023-03-15 21:00:00,2023-03-15 22:00:00,68.79,139.38,5.46,40.5,25.98,,2.23,38.59
2023-03-15 22:00:00,2023-03-15 23:00:00,62.78,126.95,9.12,64.29,41.61,0.13,2.3,13.01
2023-03-15 23:00:00,2023-03-16 00:00:00,79.22,141.73,4.92,38.04,24.23,,1.91,27.15
2023-03-16 00:00:00,2023-03-16 01:00:00,74.32,137.33,0.83,17.66,10.07,,1.44,42.61
2023-03-16 01:00:00,2023-03-16 02:00:00,69.75,115.41,0.96,25.94,14.58,,1.62,22.99
2023-03-16 02:00:00,2023-03-16 03:00:00,78.5,121.92,0.89,22.79,12.85,,1.52,20.62
2023-03-16 03:00:00,2023-03-16 04:00:00,72.39,111.19,1.53,23.85,13.93,,1.39,28.8
2023-03-16 04:00:00,2023-03-16 05:00:00,71.93,110.61,0.96,23.45,13.25,,1.39,25.53
2023-03-16 05:00:00,2023-03-16 06:00:00,79.69,117.43,1.43,21.68,12.7,,1.38,30.02
2023-03-16 06:00:00,2023-03-16 07:00:00,85.71,156.73,1.38,22.23,12.95,,1.57,41.86
2023-03-16 07:00:00,2023-03-16 08:00:00,116.59,282.2,2.91,28.52,17.54,0.79,2.39,39.4
2023-03-16 08:00:00,2023-03-16 09:00:00,163.52,273.05,2.54,28.69,17.32,2.42,2.53,60.41
2023-03-16 09:00:00,2023-03-16 10:00:00,163.98,239.24,1.18,14.53,8.69,0.28,1.79,90.6
2023-03-16 10:00:00,2023-03-16 11:00:00,120.62,169.98,1.8,19.05,11.6,0.98,1.48,92.61
2023-03-16 11:00:00,2023-03-16 12:00:00,80.4,126.62,1.23,10.47,6.57,0.3,1.21,108.71
2023-03-16 12:00:00,2023-03-16 13:00:00,56.49,92.42,1.41,12.87,7.99,0.11,1.19,115.17
2023-03-16 13:00:00,2023-03-16 14:00:00,49.91,92.69,1.52,10.84,7.0,,1.18,109.32
2023-03-16 14:00:00,2023-03-16 15:00:00,44.22,79.76,1.24,7.28,4.88,0.01,1.07,115.93
2023-03-16 15:00:00,2023-03-16 16:00:00,39.78,72.89,1.0,7.45,4.78,0.41,1.45,116.98
2023-03-16 16:00:00,2023-03-16 17:00:00,44.81,78.62,1.43,10.18,6.58,0.37,1.37,89.33
2023-03-16 17:00:00,2023-03-16 18:00:00,51.16,87.92,1.7,12.73,8.15,,1.33,96.7
2023-03-16 18:00:00,2023-03-16 19:00:00,49.03,95.86,20.95,44.46,40.14,4.49,1.94,71.5
2023-03-16 19:00:00,2023-03-16 20:00:00,80.21,222.13,1.52,15.97,9.73,3.36,2.1,74.4
2023-03-16 20:00:00,2023-03-16 21:00:00,63.17,133.33,0.67,9.04,5.36,,1.38,73.21
2023-03-16 21:00:00,2023-03-16 22:00:00,55.67,136.48,0.73,10.67,6.27,,1.44,58.45
2023-03-16 22:00:00,2023-03-16 23:00:00,59.91,93.97,0.81,13.79,8.0,,1.46,58.34
2023-03-16 23:00:00,2023-03-17 00:00:00,60.82,86.28,0.61,10.68,6.18,,1.27,59.36
2023-03-17 00:00:00,2023-03-17 01:00:00,73.58,97.38,0.72,9.98,5.9,,1.21,57.52
2023-03-17 01:00:00,2023-03-17 02:00:00,79.04,109.78,0.76,10.75,6.34,,1.44,43.6
2023-03-17 02:00:00,2023-03-17 03:00:00,112.01,160.72,0.92,19.17,10.94,,2.79,13.83
2023-03-17 03:00:00,2023-03-17 04:00:00,183.14,225.15,0.97,21.73,12.34,,2.71,9.72
2023-03-17 04:00:00,2023-03-17 05:00:00,179.78,234.94,1.06,22.32,12.73,,3.58,7.22
2023-03-17 05:00:00,2023-03-17 06:00:00,196.23,261.12,1.3,16.64,9.91,,2.75,12.77
2023-03-17 06:00:00,2023-03-17 07:00:00,198.59,234.26,3.2,24.85,15.82,,3.85,4.12
2023-03-17 07:00:00,2023-03-17 08:00:00,221.47,281.32,4.24,27.64,18.16,,3.95,11.22
2023-03-17 08:00:00,2023-03-17 09:00:00,201.04,247.68,3.37,21.23,14.03,,3.01,24.89
2023-03-17 09:00:00,2023-03-17 10:00:00,132.7,177.5,2.85,23.62,14.88,,3.02,46.63
2023-03-17 10:00:00,2023-03-17 11:00:00,132.77,174.74,4.77,40.07,25.19,,2.75,48.96
2023-03-17 11:00:00,2023-03-17 12:00:00,130.31,179.96,3.46,30.54,19.06,,2.27,60.69
2023-03-17 12:00:00,2023-03-17 13:00:00,89.76,125.74,2.25,21.91,13.48,,1.84,73.6
2023-03-17 13:00:00,2023-03-17 14:00:00,81.24,100.66,1.04,11.97,7.22,,1.56,86.37
2023-03-17 14:00:00,2023-03-17 15:00:00,71.98,100.12,0.87,12.41,7.3,,1.58,85.82
2023-03-17 15:00:00,2023-03-17 16:00:00,88.62,118.74,0.86,11.89,7.03,,1.62,73.96
2023-03-17 16:00:00,2023-03-17 17:00:00,102.09,136.36,1.24,15.31,9.15,,1.75,56.26
2023-03-17 17:00:00,2023-03-17 18:00:00,136.79,189.88,1.04,13.84,8.21,,1.73,58.1
2023-03-17 18:00:00,2023-03-17 19:00:00,130.38,180.95,1.03,14.38,8.49,,1.83,65.35
2023-03-17 19:00:00,2023-03-17 20:00:00,153.59,196.08,0.97,23.09,13.07,,2.25,28.09
2023-03-17 20:00:00,2023-03-17 21:00:00,205.94,258.57,0.93,22.17,12.55,,2.39,28.58
2023-03-17 21:00:00,2023-03-17 22:00:00,190.3,237.49,0.8,16.23,9.29,,2.11,35.89
2023-03-17 22:00:00,2023-03-17 23:00:00,184.23,237.59,0.93,15.97,9.25,,1.88,33.22
2023-03-17 23:00:00,2023-03-18 00:00:00,192.31,246.28,0.99,13.96,8.23,,1.98,26.23
2023-03-18 00:00:00,2023-03-18 01:00:00,204.34,257.28,0.9,10.88,6.53,,1.87,22.06
2023-03-18 01:00:00,2023-03-18 02:00:00,194.66,253.66,1.12,11.66,7.12,,2.01,13.53
2023-03-18 02:00:00,2023-03-18 03:00:00,186.69,246.96,1.41,17.92,10.68,,2.09,7.74
2023-03-18 03:00:00,2023-03-18 04:00:00,198.27,254.78,1.14,17.45,10.21,,2.44,9.79
2023-03-18 04:00:00,2023-03-18 05:00:00,232.61,347.52,2.84,17.78,11.77,,2.68,10.44
2023-03-18 05:00:00,2023-03-18 06:00:00,262.58,363.65,1.75,17.79,10.88,,2.99,7.59
2023-03-18 06:00:00,2023-03-18 07:00:00,268.29,321.22,9.26,20.82,18.6,,3.46,12.93
2023-03-18 07:00:00,2023-03-18 08:00:00,320.64,558.16,4.86,24.78,17.13,,4.38,16.38
2023-03-18 08:00:00,2023-03-18 09:00:00,297.15,422.48,2.79,20.81,13.34,,3.71,39.16
2023-03-18 09:00:00,2023-03-18 10:00:00,,,2.15,20.71,12.76,,3.44,57.22
2023-03-18 10:00:00,2023-03-18 11:00:00,220.38,273.37,1.28,12.06,7.46,,2.7,75.32
2023-03-18 11:00:00,2023-03-18 12:00:00,165.67,213.09,1.27,11.67,7.24,,2.45,93.38
2023-03-18 12:00:00,2023-03-18 13:00:00,134.09,169.15,1.17,10.63,6.6,,2.1,98.5
2023-03-18 13:00:00,2023-03-18 14:00:00,115.9,162.05,0.92,10.92,6.55,,2.08,115.59
2023-03-18 14:00:00,2023-03-18 15:00:00,128.12,167.43,1.05,16.49,9.62,,2.08,105.09
2023-03-18 15:00:00,2023-03-18 16:00:00,141.38,194.91,1.05,21.05,12.05,,2.16,89.36
2023-03-18 16:00:00,2023-03-18 17:00:00,151.63,204.5,3.81,36.28,22.39,0.29,3.08,43.12
2023-03-18 17:00:00,2023-03-18 18:00:00,110.53,138.82,3.4,29.27,18.33,0.68,2.67,52.41
2023-03-18 18:00:00,2023-03-18 19:00:00,65.96,89.01,4.0,35.94,22.36,,2.64,51.57
2023-03-18 19:00:00,2023-03-18 20:00:00,97.08,138.51,17.9,40.08,34.84,,2.72,66.83
2023-03-18 20:00:00,2023-03-18 21:00:00,112.3,137.37,1.92,23.32,13.96,,2.73,37.5
2023-03-18 21:00:00,2023-03-18 22:00:00,145.56,177.68,1.44,22.68,13.23,,2.92,73.79
2023-03-18 22:00:00,2023-03-18 23:00:00,99.96,112.69,2.18,20.27,12.55,0.87,2.95,28.33
2023-03-18 23:00:00,2023-03-19 00:00:00,75.43,94.52,3.21,24.49,15.63,3.08,3.04,44.98
2023-03-19 00:00:00,2023-03-19 01:00:00,74.06,82.84,2.56,21.06,13.28,2.37,3.28,50.35
2023-03-19 01:00:00,2023-03-19 02:00:00,96.79,147.02,1.09,14.33,8.51,,2.52,51.55
2023-03-19 02:00:00,2023-03-19 03:00:00,122.18,210.64,0.53,10.37,5.95,,2.77,46.37
2023-03-19 03:00:00,2023-03-19 04:00:00,189.1,272.61,1.18,7.33,4.86,,1.73,49.14
2023-03-19 04:00:00,2023-03-19 05:00:00,124.86,187.26,0.89,7.21,4.56,,1.56,44.37
2023-03-19 05:00:00,2023-03-19 06:00:00,109.4,143.2,0.98,7.66,4.87,,1.67,40.93
2023-03-19 06:00:00,2023-03-19 07:00:00,118.07,160.66,1.06,6.86,4.51,,1.58,41.41
2023-03-19 07:00:00,2023-03-19 08:00:00,117.52,159.57,1.04,6.54,4.33,,1.48,46.72
2023-03-19 08:00:00,2023-03-19 09:00:00,122.94,156.7,1.58,6.94,4.98,,1.46,49.18
2023-03-19 09:00:00,2023-03-19 10:00:00,94.74,101.41,1.77,7.52,5.44,,1.63,56.7
2023-03-19 10:00:00,2023-03-19 11:00:00,84.24,98.78,1.46,5.99,4.37,,1.35,68.84
2023-03-19 11:00:00,2023-03-19 12:00:00,78.72,96.98,1.79,7.23,5.3,,1.64,86.84
2023-03-19 12:00:00,2023-03-19 13:00:00,56.38,58.99,2.41,16.12,10.54,,2.17,53.21
2023-03-19 13:00:00,2023-03-19 14:00:00,64.03,70.19,1.73,10.91,7.21,,1.98,77.69
2023-03-19 14:00:00,2023-03-19 15:00:00,53.3,67.17,0.97,9.29,5.73,,1.43,95.69
2023-03-19 15:00:00,2023-03-19 16:00:00,56.74,72.85,0.79,9.55,5.72,,1.49,88.6
2023-03-19 16:00:00,2023-03-19 17:00:00,69.9,92.63,0.74,10.8,6.35,,1.44,83.05
2023-03-19 17:00:00,2023-03-19 18:00:00,82.31,117.65,0.97,18.44,10.6,,1.65,64.39
2023-03-19 18:00:00,2023-03-19 19:00:00,104.04,146.48,4.33,27.29,18.03,,2.2,42.77
2023-03-19 19:00:00,2023-03-19 20:00:00,132.23,183.97,1.47,7.99,5.44,,1.49,75.38
2023-03-19 20:00:00,2023-03-19 21:00:00,73.61,105.64,1.85,10.53,7.11,,2.27,44.69
2023-03-19 21:00:00,2023-03-19 22:00:00,30.02,42.81,1.62,7.54,5.33,0.02,2.1,61.2
2023-03-19 22:00:00,2023-03-19 23:00:00,21.81,34.58,1.78,8.11,5.77,0.05,1.78,66.4
2023-03-19 23:00:00,2023-03-20 00:00:00,,,,,,,,
2023-03-20 00:00:00,2023-03-20 01:00:00,,,,,,,,
2023-03-20 01:00:00,2023-03-20 02:00:00,,,,,,,,
2023-03-20 02:00:00,2023-03-20 03:00:00,,,,,,,,
2023-03-20 03:00:00,2023-03-20 04:00:00,,,,,,,,
2023-03-20 04:00:00,2023-03-20 05:00:00,,,,,,,,
2023-03-20 05:00:00,2023-03-20 06:00:00,,,,,,,,
2023-03-20 06:00:00,2023-03-20 07:00:00,,,,,,,,
2023-03-20 07:00:00,2023-03-20 08:00:00,,,,,,,,
2023-03-20 08:00:00,2023-03-20 09:00:00,,,,,,,,
2023-03-20 09:00:00,2023-03-20 10:00:00,,,,,,,,
2023-03-20 10:00:00,2023-03-20 11:00:00,,,,,,,,
2023-03-20 11:00:00,2023-03-20 12:00:00,,,,,,,,
2023-03-20 12:00:00,2023-03-20 13:00:00,,,,,,,,
2023-03-20 13:00:00,2023-03-20 14:00:00,,,,,,,,
2023-03-20 14:00:00,2023-03-20 15:00:00,,,,,,,,
2023-03-20 15:00:00,2023-03-20 16:00:00,,,3.94,15.98,11.7,8.6,2.74,82.2
2023-03-20 16:00:00,2023-03-20 17:00:00,,,3.73,19.92,13.63,7.51,2.86,80.72
2023-03-20 17:00:00,2023-03-20 18:00:00,,,7.54,36.36,25.46,5.93,3.19,67.63
2023-03-20 18:00:00,2023-03-20 19:00:00,,,13.14,52.06,38.38,1.13,2.99,44.57
2023-03-20 19:00:00,2023-03-20 20:00:00,,,4.15,28.12,18.33,,1.94,48.26
2023-03-20 20:00:00,2023-03-20 21:00:00,,,4.93,29.95,19.94,,1.94,36.49
2023-03-20 21:00:00,2023-03-20 22:00:00,,,2.04,14.77,9.52,,1.42,45.81
2023-03-20 22:00:00,2023-03-20 23:00:00,,,1.86,18.21,11.21,,1.44,28.12
2023-03-20 23:00:00,2023-03-21 00:00:00,,,1.67,18.96,11.44,,1.51,18.33
2023-03-21 00:00:00,2023-03-21 01:00:00,,,1.53,14.55,8.99,,1.35,25.62
2023-03-21 01:00:00,2023-03-21 02:00:00,,,1.27,16.43,9.78,,1.27,25.61
2023-03-21 02:00:00,2023-03-21 03:00:00,,,1.32,7.15,4.88,,1.12,39.93
2023-03-21 03:00:00,2023-03-21 04:00:00,,,1.31,8.5,5.58,,1.1,35.67
2023-03-21 04:00:00,2023-03-21 05:00:00,,,1.25,6.07,4.25,,1.08,33.53
2023-03-21 05:00:00,2023-03-21 06:00:00,,,1.33,6.78,4.69,,1.12,31.09
2023-03-21 06:00:00,2023-03-21 07:00:00,,,1.79,9.19,6.33,,1.19,31.42
2023-03-21 07:00:00,2023-03-21 08:00:00,,,2.73,11.0,8.07,,1.38,36.79
2023-03-21 08:00:00,2023-03-21 09:00:00,,,2.38,10.66,7.61,,1.65,51.02
2023-03-21 09:00:00,2023-03-21 10:00:00,,,2.66,17.58,11.52,,2.29,58.78
2023-03-21 10:00:00,2023-03-21 11:00:00,,,3.08,27.67,17.22,,3.35,63.76
2023-03-21 11:00:00,2023-03-21 12:00:00,,,3.56,27.06,17.29,,3.44,67.3
2023-03-21 12:00:00,2023-03-21 13:00:00,,,4.01,28.4,18.38,,3.58,63.11
2023-03-21 13:00:00,2023-03-21 14:00:00,,,,,,,0.0,
2023-03-21 14:00:00,2023-03-21 15:00:00,5.61,,6.96,25.81,19.39,,1.86,91.1
2023-03-21 15:00:00,2023-03-21 16:00:00,84.12,,5.8,29.05,20.16,,2.58,44.46
2023-03-21 16:00:00,2023-03-21 17:00:00,79.59,,6.8,34.67,23.97,,2.87,42.08
2023-03-21 17:00:00,2023-03-21 18:00:00,73.5,,19.55,57.96,46.73,,3.44,16.87
2023-03-21 18:00:00,2023-03-21 19:00:00,78.9,,11.04,23.21,20.88,0.2,1.85,35.84
2023-03-21 19:00:00,2023-03-21 20:00:00,43.36,,47.56,59.07,70.19,1.0,2.5,27.66
2023-03-21 20:00:00,2023-03-21 21:00:00,34.66,,4.57,29.52,19.42,,2.02,33.95
2023-03-21 21:00:00,2023-03-21 22:00:00,27.0,,3.59,25.7,16.59,,2.18,22.51
2023-03-21 22:00:00,2023-03-21 23:00:00,51.2,,1.71,22.97,13.6,,3.39,19.72
2023-03-21 23:00:00,2023-03-22 00:00:00,99.0,,1.14,22.65,12.97,,3.99,12.78
2023-03-22 00:00:00,2023-03-22 01:00:00,122.12,,1.11,14.7,8.72,,2.27,18.98
2023-03-22 01:00:00,2023-03-22 02:00:00,81.5,,0.87,7.41,4.65,,1.39,30.64
2023-03-22 02:00:00,2023-03-22 03:00:00,52.09,,0.9,7.65,4.8,,1.48,22.75
2023-03-22 03:00:00,2023-03-22 04:00:00,51.29,,0.85,7.82,4.85,,1.37,26.09
2023-03-22 04:00:00,2023-03-22 05:00:00,45.03,,0.81,4.87,3.25,,1.29,39.38
2023-03-22 05:00:00,2023-03-22 06:00:00,41.0,,1.41,8.97,5.92,,1.34,26.76
2023-03-22 06:00:00,2023-03-22 07:00:00,41.66,,3.46,16.58,11.63,,1.68,17.35
2023-03-22 07:00:00,2023-03-22 08:00:00,70.69,,9.94,34.17,26.26,,5.46,22.34
2023-03-22 08:00:00,2023-03-22 09:00:00,182.17,,5.7,31.26,21.26,,5.79,36.44
2023-03-22 09:00:00,2023-03-22 10:00:00,173.74,,4.2,24.79,16.6,,4.09,59.57
2023-03-22 10:00:00,2023-03-22 11:00:00,127.94,,3.58,20.59,13.87,,2.29,63.84
2023-03-22 11:00:00,2023-03-22 12:00:00,71.1,,2.97,22.82,14.55,,1.57,65.46
2023-03-22 12:00:00,2023-03-22 13:00:00,,,,,,,,
2023-03-22 13:00:00,2023-03-22 14:00:00,24.6,,2.73,9.41,7.22,2.37,1.9,87.98
2023-03-22 14:00:00,2023-03-22 15:00:00,1.55,,2.75,10.83,7.99,1.32,1.93,91.55
2023-03-22 15:00:00,2023-03-22 16:00:00,23.23,,2.2,9.57,6.88,0.94,1.82,93.3
2023-03-22 16:00:00,2023-03-22 17:00:00,25.25,,2.35,12.34,8.47,1.06,1.86,89.44
2023-03-22 17:00:00,2023-03-22 18:00:00,28.03,,4.72,29.77,19.68,2.4,2.55,69.36
2023-03-22 18:00:00,2023-03-22 19:00:00,30.42,,15.62,54.92,41.92,14.45,3.75,36.22
2023-03-22 19:00:00,2023-03-22 20:00:00,73.73,,31.14,66.66,60.78,26.47,4.99,18.67
2023-03-22 20:00:00,2023-03-22 21:00:00,111.52,,25.46,60.86,53.06,26.74,5.13,15.93
2023-03-22 21:00:00,2023-03-22 22:00:00,130.45,,37.79,61.64,63.52,26.25,5.79,15.36
2023-03-22 22:00:00,2023-03-22 23:00:00,145.04,,19.98,55.16,45.59,19.1,5.06,13.95
2023-03-22 23:00:00,2023-03-23 00:00:00,134.94,,7.43,41.29,28.0,18.38,3.77,19.64
2023-03-23 00:00:00,2023-03-23 01:00:00,107.02,,1.78,16.41,10.18,10.61,1.95,55.1
2023-03-23 01:00:00,2023-03-23 02:00:00,66.41,,1.64,16.48,10.1,4.96,1.68,48.13
2023-03-23 02:00:00,2023-03-23 03:00:00,55.87,,1.76,24.62,14.53,5.47,1.9,35.97
2023-03-23 03:00:00,2023-03-23 04:00:00,77.48,,1.62,15.39,9.51,4.49,1.6,53.91
2023-03-23 04:00:00,2023-03-23 05:00:00,58.59,,2.0,14.96,9.58,4.02,1.54,55.46
2023-03-23 05:00:00,2023-03-23 06:00:00,51.82,,1.83,17.15,10.61,3.73,1.61,50.24
2023-03-23 06:00:00,2023-03-23 07:00:00,53.52,,3.71,26.82,17.28,5.73,2.01,37.26
2023-03-23 07:00:00,2023-03-23 08:00:00,72.48,,3.51,26.08,16.73,10.79,2.31,63.86
2023-03-23 08:00:00,2023-03-23 09:00:00,83.64,,3.44,26.66,16.98,19.83,2.69,80.72
2023-03-23 09:00:00,2023-03-23 10:00:00,115.44,,2.47,22.68,14.07,25.9,3.19,106.87
2023-03-23 10:00:00,2023-03-23 11:00:00,111.04,,3.29,16.59,11.5,8.93,2.21,96.55
2023-03-23 11:00:00,2023-03-23 12:00:00,65.67,,4.74,16.01,12.35,0.65,1.5,75.04
2023-03-23 12:00:00,2023-03-23 13:00:00,28.35,,5.13,16.8,13.1,0.17,1.54,79.65
2023-03-23 13:00:00,2023-03-23 14:00:00,25.19,,5.62,22.32,16.44,0.23,1.67,77.8
2023-03-23 14:00:00,2023-03-23 15:00:00,24.43,,3.31,13.03,9.62,,1.46,81.52
2023-03-23 15:00:00,2023-03-23 16:00:00,14.38,,2.78,14.08,9.75,,1.56,84.37
2023-03-23 16:00:00,2023-03-23 17:00:00,13.39,,3.55,17.12,12.0,0.12,1.61,78.81
2023-03-23 17:00:00,2023-03-23 18:00:00,18.67,,6.98,32.44,22.94,1.43,2.18,64.51
2023-03-23 18:00:00,2023-03-23 19:00:00,23.11,,16.14,60.33,45.22,7.41,3.14,41.77
2023-03-23 19:00:00,2023-03-23 20:00:00,47.71,,17.85,61.25,47.09,5.94,3.3,31.64
2023-03-23 20:00:00,2023-03-23 21:00:00,53.78,,7.27,41.05,27.74,4.17,2.42,45.09
2023-03-23 21:00:00,2023-03-23 22:00:00,46.81,,2.82,26.94,16.62,2.49,2.01,55.06
2023-03-23 22:00:00,2023-03-23 23:00:00,41.7,,2.76,30.98,18.73,1.65,2.02,42.98
2023-03-23 23:00:00,2023-03-24 00:00:00,41.32,,1.96,30.69,17.92,1.09,1.9,32.09
2023-03-24 00:00:00,2023-03-24 01:00:00,36.55,,1.51,26.56,15.35,0.3,1.68,39.39
2023-03-24 01:00:00,2023-03-24 02:00:00,33.66,,1.34,25.03,14.4,0.26,1.74,34.33
2023-03-24 02:00:00,2023-03-24 03:00:00,37.27,,8.47,40.05,28.18,5.57,2.5,16.13
2023-03-24 03:00:00,2023-03-24 04:00:00,54.42,,25.12,53.86,49.07,29.7,4.28,15.57
2023-03-24 04:00:00,2023-03-24 05:00:00,120.5,,18.6,50.37,41.91,33.48,5.04,15.77
2023-03-24 05:00:00,2023-03-24 06:00:00,132.66,,17.12,42.75,36.67,24.17,4.94,15.73
2023-03-24 06:00:00,2023-03-24 07:00:00,142.25,,21.98,48.27,43.55,34.82,5.03,19.95
2023-03-24 07:00:00,2023-03-24 08:00:00,162.83,,9.16,46.63,32.25,53.68,4.43,37.13
2023-03-24 08:00:00,2023-03-24 09:00:00,152.99,,3.7,39.62,24.09,88.64,5.94,81.69
2023-03-24 09:00:00,2023-03-24 10:00:00,174.78,,1.58,15.84,9.71,33.17,3.54,118.83
2023-03-24 10:00:00,2023-03-24 11:00:00,113.56,,1.42,11.99,7.52,16.93,2.47,132.1
2023-03-24 11:00:00,2023-03-24 12:00:00,64.36,,1.62,17.12,10.43,26.0,2.79,152.85
2023-03-24 12:00:00,2023-03-24 13:00:00,85.27,,1.94,17.11,10.67,16.63,2.6,128.28
2023-03-24 13:00:00,2023-03-24 14:00:00,71.12,,2.33,15.61,10.19,15.75,2.79,126.31
2023-03-24 14:00:00,2023-03-24 15:00:00,54.13,,2.81,18.17,11.94,11.97,2.31,132.9
2023-03-24 15:00:00,2023-03-24 16:00:00,38.6,,2.04,19.43,12.0,9.61,2.04,133.38
2023-03-24 16:00:00,2023-03-24 17:00:00,50.64,,2.65,32.94,19.68,9.71,2.47,114.2
2023-03-24 17:00:00,2023-03-24 18:00:00,58.84,,7.3,52.36,33.79,5.29,2.88,73.65
2023-03-24 18:00:00,2023-03-24 19:00:00,67.76,,8.79,60.73,39.45,6.04,3.56,43.43
2023-03-24 19:00:00,2023-03-24 20:00:00,107.54,,16.55,79.54,55.77,11.84,4.72,23.67
2023-03-24 20:00:00,2023-03-24 21:00:00,156.9,,13.2,79.21,52.86,11.96,4.04,18.16
2023-03-24 21:00:00,2023-03-24 22:00:00,132.89,,2.28,57.34,32.36,15.73,3.54,28.64
2023-03-24 22:00:00,2023-03-24 23:00:00,108.45,,1.32,30.98,17.55,14.69,2.57,60.1
2023-03-24 23:00:00,2023-03-25 00:00:00,93.6,,1.04,18.8,10.85,11.07,2.2,58.36
2023-03-25 00:00:00,2023-03-25 01:00:00,81.68,,1.2,22.6,13.0,6.99,2.17,38.49
2023-03-25 01:00:00,2023-03-25 02:00:00,80.75,,1.23,24.0,13.77,4.66,2.19,21.86
2023-03-25 02:00:00,2023-03-25 03:00:00,89.59,,1.7,26.38,15.42,3.56,2.28,13.33
2023-03-25 03:00:00,2023-03-25 04:00:00,77.35,,2.11,27.62,16.4,3.52,2.26,12.31
2023-03-25 04:00:00,2023-03-25 05:00:00,92.11,,2.48,27.82,16.81,2.48,2.32,8.19
2023-03-25 05:00:00,2023-03-25 06:00:00,98.81,,4.08,26.67,17.51,2.41,2.53,8.18
2023-03-25 06:00:00,2023-03-25 07:00:00,94.21,,13.26,38.41,31.21,11.05,3.88,9.78
2023-03-25 07:00:00,2023-03-25 08:00:00,154.28,,7.56,47.84,31.59,64.83,5.85,32.52
2023-03-25 08:00:00,2023-03-25 09:00:00,200.01,,3.6,34.03,21.03,57.29,4.63,67.16
2023-03-25 09:00:00,2023-03-25 10:00:00,182.62,,2.28,32.43,19.1,59.37,4.63,117.04
2023-03-25 10:00:00,2023-03-25 11:00:00,165.5,,2.29,30.27,17.96,53.12,3.89,116.9
2023-03-25 11:00:00,2023-03-25 12:00:00,135.5,,2.13,18.9,11.78,25.22,2.86,121.6
2023-03-25 12:00:00,2023-03-25 13:00:00,94.26,,5.03,22.37,15.99,14.06,2.47,114.9
2023-03-25 13:00:00,2023-03-25 14:00:00,79.93,,2.58,20.59,13.05,12.72,2.4,107.49
2023-03-25 14:00:00,2023-03-25 15:00:00,69.76,,2.03,19.11,11.82,9.86,2.26,97.15
2023-03-25 15:00:00,2023-03-25 16:00:00,61.41,,1.9,16.1,10.11,7.39,2.48,73.96
2023-03-25 16:00:00,2023-03-25 17:00:00,67.61,,4.87,28.17,18.95,7.64,2.84,66.39
2023-03-25 17:00:00,2023-03-25 18:00:00,57.14,,17.23,67.37,49.84,8.18,4.96,9.7
2023-03-25 18:00:00,2023-03-25 19:00:00,107.8,,35.59,57.36,59.44,5.94,6.05,
2023-03-25 19:00:00,2023-03-25 20:00:00,161.39,,31.5,63.62,59.45,6.03,6.42,
2023-03-25 20:00:00,2023-03-25 21:00:00,208.5,,55.52,53.73,73.72,7.09,7.08,
2023-03-25 21:00:00,2023-03-25 22:00:00,225.9,,33.26,50.86,54.09,8.0,5.65,1.49
2023-03-25 22:00:00,2023-03-25 23:00:00,200.78,,1.38,24.09,13.94,10.97,2.87,22.73
2023-03-25 23:00:00,2023-03-26 00:00:00,122.83,,1.27,18.42,10.83,9.0,2.59,23.76
2023-03-26 00:00:00,2023-03-26 01:00:00,112.63,,1.19,17.2,10.12,4.91,2.38,14.42
2023-03-26 01:00:00,2023-03-26 02:00:00,102.75,,1.97,23.86,14.29,3.33,2.39,3.75
2023-03-26 02:00:00,2023-03-26 03:00:00,105.36,,2.62,23.16,14.45,2.25,2.36,
2023-03-26 03:00:00,2023-03-26 04:00:00,103.05,,1.75,19.34,11.71,1.63,2.3,0.52
2023-03-26 04:00:00,2023-03-26 05:00:00,100.15,,3.23,21.69,14.17,1.78,2.39,0.06
2023-03-26 05:00:00,2023-03-26 06:00:00,109.42,,3.34,25.71,16.39,4.06,2.77,3.17
2023-03-26 06:00:00,2023-03-26 07:00:00,128.84,,5.17,24.91,17.45,6.02,3.18,4.68
2023-03-26 07:00:00,2023-03-26 08:00:00,161.1,,9.44,35.48,26.54,20.78,3.48,13.14
2023-03-26 08:00:00,2023-03-26 09:00:00,178.25,,2.33,18.77,11.88,22.07,2.89,59.69
2023-03-26 09:00:00,2023-03-26 10:00:00,139.58,,1.77,13.1,8.4,16.18,2.55,83.69
2023-03-26 10:00:00,2023-03-26 11:00:00,102.27,,2.04,9.22,6.57,7.42,1.97,98.22
2023-03-26 11:00:00,2023-03-26 12:00:00,64.86,,1.62,7.46,5.29,3.14,1.67,98.56
2023-03-26 12:00:00,2023-03-26 13:00:00,44.96,,5.87,22.38,16.67,2.79,1.7,90.73
2023-03-26 13:00:00,2023-03-26 14:00:00,42.58,,2.94,14.59,10.11,2.42,1.66,99.52
2023-03-26 14:00:00,2023-03-26 15:00:00,41.5,,8.96,38.51,27.77,3.03,1.83,75.47
2023-03-26 15:00:00,2023-03-26 16:00:00,41.77,,3.92,24.08,15.96,5.86,2.3,77.47
2023-03-26 16:00:00,2023-03-26 17:00:00,63.33,,1.06,12.25,7.38,4.66,2.13,86.74
2023-03-26 17:00:00,2023-03-26 18:00:00,59.51,,0.91,16.25,9.39,5.83,1.98,77.43
2023-03-26 18:00:00,2023-03-26 19:00:00,60.76,,13.02,54.62,39.63,15.65,3.68,36.59
2023-03-26 19:00:00,2023-03-26 20:00:00,88.47,,10.1,61.27,40.8,21.36,4.29,21.17
2023-03-26 20:00:00,2023-03-26 21:00:00,115.78,,1.77,35.18,20.16,26.98,3.01,47.34
2023-03-26 21:00:00,2023-03-26 22:00:00,107.95,,1.05,17.64,10.24,11.56,2.17,63.68
2023-03-26 22:00:00,2023-03-26 23:00:00,81.23,,0.94,20.6,11.72,8.11,2.25,53.11
2023-03-26 23:00:00,2023-03-27 00:00:00,82.92,,0.88,17.7,10.13,6.62,2.14,49.14
2023-03-27 00:00:00,2023-03-27 01:00:00,84.03,,0.99,15.29,8.94,6.87,2.25,40.76
2023-03-27 01:00:00,2023-03-27 02:00:00,91.89,,1.03,26.87,15.13,10.36,2.74,22.73
2023-03-27 02:00:00,2023-03-27 03:00:00,109.45,,0.96,21.27,12.09,9.71,3.05,28.7
2023-03-27 03:00:00,2023-03-27 04:00:00,118.37,,1.6,22.86,13.46,8.99,3.36,24.36
2023-03-27 04:00:00,2023-03-27 05:00:00,128.29,,1.34,18.05,10.69,10.26,2.91,30.45
2023-03-27 05:00:00,2023-03-27 06:00:00,115.65,,1.31,19.54,11.45,11.99,2.28,34.9
2023-03-27 06:00:00,2023-03-27 07:00:00,100.33,,2.36,19.33,12.19,10.84,2.04,39.44
2023-03-27 07:00:00,2023-03-27 08:00:00,84.31,,3.37,21.17,14.0,11.04,2.04,47.52
2023-03-27 08:00:00,2023-03-27 09:00:00,78.61,,2.34,13.27,8.96,7.39,1.62,66.25
2023-03-27 09:00:00,2023-03-27 10:00:00,49.31,,2.58,13.53,9.29,3.79,1.66,77.33
2023-03-27 10:00:00,2023-03-27 11:00:00,38.07,,1.62,9.73,6.5,2.11,1.64,88.71
2023-03-27 11:00:00,2023-03-27 12:00:00,36.5,,1.76,11.54,7.57,2.21,1.77,94.93
2023-03-27 12:00:00,2023-03-27 13:00:00,36.96,,2.02,13.06,8.59,6.04,2.4,104.5
2023-03-27 13:00:00,2023-03-27 14:00:00,63.39,,2.37,16.77,10.85,5.38,2.37,107.53
2023-03-27 14:00:00,2023-03-27 15:00:00,33.45,,2.46,15.55,10.27,0.37,1.68,100.37
2023-03-27 15:00:00,2023-03-27 16:00:00,24.6,,1.74,12.48,8.05,0.07,1.65,97.09
2023-03-27 16:00:00,2023-03-27 17:00:00,30.75,,3.58,28.41,18.02,0.56,2.13,82.09
2023-03-27 17:00:00,2023-03-27 18:00:00,39.7,,7.26,44.6,29.63,3.46,2.74,62.78
2023-03-27 18:00:00,2023-03-27 19:00:00,57.66,,3.08,31.81,19.43,12.32,2.69,60.1
2023-03-27 19:00:00,2023-03-27 20:00:00,67.29,,6.4,47.81,30.64,19.38,3.66,39.18
2023-03-27 20:00:00,2023-03-27 21:00:00,96.31,,7.31,51.11,33.12,23.79,4.67,27.91
2023-03-27 21:00:00,2023-03-27 22:00:00,102.58,,1.65,33.77,19.3,28.26,3.41,48.43
2023-03-27 22:00:00,2023-03-27 23:00:00,89.13,,1.25,24.49,14.04,14.08,2.69,50.83
2023-03-27 23:00:00,2023-03-28 00:00:00,72.93,,1.19,20.87,12.06,9.26,2.44,47.8
2023-03-28 00:00:00,2023-03-28 01:00:00,68.95,,1.18,21.05,12.16,5.38,2.44,35.41
2023-03-28 01:00:00,2023-03-28 02:00:00,78.09,,1.26,22.08,12.77,3.28,2.4,20.4
2023-03-28 02:00:00,2023-03-28 03:00:00,77.46,,1.49,23.28,13.59,2.42,2.51,14.42
2023-03-28 03:00:00,2023-03-28 04:00:00,75.47,,2.01,26.29,15.61,3.04,2.89,7.81
2023-03-28 04:00:00,2023-03-28 05:00:00,91.54,,1.9,25.41,15.06,5.55,3.1,10.28
2023-03-28 05:00:00,2023-03-28 06:00:00,93.95,,2.73,28.4,17.32,7.51,3.08,10.02
2023-03-28 06:00:00,2023-03-28 07:00:00,97.49,,5.92,28.56,20.0,9.89,3.02,21.84
2023-03-28 07:00:00,2023-03-28 08:00:00,121.02,,4.24,28.03,18.36,18.88,3.23,46.42
2023-03-28 08:00:00,2023-03-28 09:00:00,150.61,,1.88,14.11,9.04,10.64,2.08,76.57
2023-03-28 09:00:00,2023-03-28 10:00:00,91.56,,1.46,9.51,6.24,3.08,1.73,92.5
2023-03-28 10:00:00,2023-03-28 11:00:00,59.52,,1.64,8.6,5.91,0.74,1.66,96.03
2023-03-28 11:00:00,2023-03-28 12:00:00,48.51,,1.72,9.37,6.38,0.74,1.74,100.01
2023-03-28 12:00:00,2023-03-28 13:00:00,43.24,,1.91,10.96,7.38,6.49,2.27,121.9
2023-03-28 13:00:00,2023-03-28 14:00:00,57.29,,1.42,14.28,8.75,6.68,1.76,139.35
2023-03-28 14:00:00,2023-03-28 15:00:00,56.99,,0.86,10.99,6.54,5.56,1.45,157.1
2023-03-28 15:00:00,2023-03-28 16:00:00,62.47,,0.38,8.63,4.89,5.08,1.43,144.61
2023-03-28 16:00:00,2023-03-28 17:00:00,66.51,,0.46,8.54,4.92,6.98,1.31,146.34
2023-03-28 17:00:00,2023-03-28 18:00:00,55.33,,0.37,13.45,7.46,4.39,1.25,131.9
2023-03-28 18:00:00,2023-03-28 19:00:00,63.3,,0.47,29.71,16.18,5.11,1.6,82.63
2023-03-28 19:00:00,2023-03-28 20:00:00,75.95,,2.27,54.29,30.72,8.31,2.8,47.94
2023-03-28 20:00:00,2023-03-28 21:00:00,120.05,,12.19,80.14,52.54,3.66,3.75,9.87
2023-03-28 21:00:00,2023-03-28 22:00:00,129.29,,5.32,82.41,48.16,6.84,3.17,7.48
2023-03-28 22:00:00,2023-03-28 23:00:00,140.24,,3.26,61.52,35.38,8.6,2.58,11.69
2023-03-28 23:00:00,2023-03-29 00:00:00,124.57,,1.01,31.57,17.62,4.61,1.99,36.66
2023-03-29 00:00:00,2023-03-29 01:00:00,99.32,,0.99,28.03,15.72,4.32,1.8,29.79
2023-03-29 01:00:00,2023-03-29 02:00:00,101.04,,0.84,22.57,12.69,4.93,1.61,38.3
2023-03-29 02:00:00,2023-03-29 03:00:00,114.96,,0.81,22.75,12.76,3.21,1.55,40.7
2023-03-29 03:00:00,2023-03-29 04:00:00,94.47,,0.77,11.21,6.59,1.53,1.23,64.93
2023-03-29 04:00:00,2023-03-29 05:00:00,63.35,,0.7,11.53,6.7,,1.23,70.56
2023-03-29 05:00:00,2023-03-29 06:00:00,54.71,,0.83,13.37,7.79,0.23,1.41,59.48
2023-03-29 06:00:00,2023-03-29 07:00:00,61.48,,2.13,24.07,14.54,2.54,1.84,38.96
2023-03-29 07:00:00,2023-03-29 08:00:00,96.02,,1.38,15.79,9.52,7.03,1.99,56.51
2023-03-29 08:00:00,2023-03-29 09:00:00,108.62,,1.61,14.26,8.89,5.24,1.97,79.11
2023-03-29 09:00:00,2023-03-29 10:00:00,97.66,,1.2,10.81,6.72,3.36,1.69,96.41
2023-03-29 10:00:00,2023-03-29 11:00:00,77.27,,0.92,7.27,4.62,0.52,1.46,108.43
2023-03-29 11:00:00,2023-03-29 12:00:00,57.79,,0.98,5.65,3.8,,1.29,116.3
2023-03-29 12:00:00,2023-03-29 13:00:00,45.24,,1.11,8.7,5.53,0.41,1.65,120.05
2023-03-29 13:00:00,2023-03-29 14:00:00,41.61,,0.91,7.0,4.46,0.84,1.6,135.82
2023-03-29 14:00:00,2023-03-29 15:00:00,41.89,,1.03,9.82,6.06,0.44,1.5,127.92
2023-03-29 15:00:00,2023-03-29 16:00:00,41.58,,0.96,9.58,5.88,0.03,1.45,128.28
2023-03-29 16:00:00,2023-03-29 17:00:00,40.28,,2.14,16.63,10.59,,1.64,108.5
2023-03-29 17:00:00,2023-03-29 18:00:00,50.92,,4.39,41.33,25.55,0.22,2.59,78.38
2023-03-29 18:00:00,2023-03-29 19:00:00,58.68,,10.97,78.98,50.93,1.32,3.69,28.38
2023-03-29 19:00:00,2023-03-29 20:00:00,81.75,,12.58,70.3,47.65,2.88,3.66,26.48
2023-03-29 20:00:00,2023-03-29 21:00:00,131.67,,12.57,68.34,46.58,2.52,3.79,19.73
2023-03-29 21:00:00,2023-03-29 22:00:00,135.36,,4.32,69.73,40.6,1.36,3.7,11.96
2023-03-29 22:00:00,2023-03-29 23:00:00,109.25,,0.78,27.08,15.05,2.94,2.41,61.58
2023-03-29 23:00:00,2023-03-30 00:00:00,94.72,,0.49,19.68,10.87,0.93,2.3,45.93
2023-03-30 00:00:00,2023-03-30 01:00:00,102.0,,0.62,26.08,14.38,,2.37,14.87
2023-03-30 01:00:00,2023-03-30 02:00:00,119.3,,0.63,23.92,13.24,,2.4,7.14
2023-03-30 02:00:00,2023-03-30 03:00:00,84.55,,0.76,24.2,13.48,,2.53,1.46
2023-03-30 03:00:00,2023-03-30 04:00:00,111.43,,0.66,22.58,12.55,,2.61,1.57
2023-03-30 04:00:00,2023-03-30 05:00:00,124.83,,0.91,23.93,13.47,,2.63,4.73
2023-03-30 05:00:00,2023-03-30 06:00:00,109.09,,1.28,26.3,15.03,,2.72,5.29
2023-03-30 06:00:00,2023-03-30 07:00:00,126.7,,4.88,35.85,23.04,,3.21,2.27
2023-03-30 07:00:00,2023-03-30 08:00:00,150.49,,2.33,29.07,17.36,,3.1,22.95
2023-03-30 08:00:00,2023-03-30 09:00:00,143.85,,1.43,17.77,10.62,,2.72,48.4
2023-03-30 09:00:00,2023-03-30 10:00:00,134.0,,1.16,17.31,10.15,0.21,2.39,69.13
2023-03-30 10:00:00,2023-03-30 11:00:00,86.62,,0.97,13.64,8.05,3.43,1.72,100.96
2023-03-30 11:00:00,2023-03-30 12:00:00,64.01,,0.68,7.59,4.6,4.85,1.86,135.3
2023-03-30 12:00:00,2023-03-30 13:00:00,59.02,,0.63,8.55,5.06,6.19,2.13,146.72
2023-03-30 13:00:00,2023-03-30 14:00:00,66.41,,0.55,10.35,5.96,5.24,2.21,141.61
2023-03-30 14:00:00,2023-03-30 15:00:00,72.97,,0.61,9.44,5.52,5.0,2.17,144.31
2023-03-30 15:00:00,2023-03-30 16:00:00,71.48,,0.45,9.64,5.5,4.89,2.27,146.75
2023-03-30 16:00:00,2023-03-30 17:00:00,70.19,,0.49,10.32,5.89,7.84,2.52,131.26
2023-03-30 17:00:00,2023-03-30 18:00:00,75.58,,1.26,15.43,9.23,15.22,3.46,107.58
2023-03-30 18:00:00,2023-03-30 19:00:00,86.77,,28.26,48.9,46.6,21.62,4.64,73.6
2023-03-30 19:00:00,2023-03-30 20:00:00,108.89,,31.69,56.79,53.41,45.8,5.74,65.56
2023-03-30 20:00:00,2023-03-30 21:00:00,113.94,,8.36,34.94,25.38,30.74,4.64,74.76
2023-03-30 21:00:00,2023-03-30 22:00:00,,,,,,,,
2023-03-30 22:00:00,2023-03-30 23:00:00,,,,,,,,
2023-03-30 23:00:00,2023-03-31 00:00:00,,,,,,,,
2023-03-31 00:00:00,2023-03-31 01:00:00,,,,,,,,
2023-03-31 01:00:00,2023-03-31 02:00:00,,,,,,,,
2023-03-31 02:00:00,2023-03-31 03:00:00,,,,,,,,
2023-03-31 03:00:00,2023-03-31 04:00:00,,,,,,,,
2023-03-31 04:00:00,2023-03-31 05:00:00,,,,,,,,
2023-03-31 05:00:00,2023-03-31 06:00:00,,,,,,,,
2023-03-31 06:00:00,2023-03-31 07:00:00,,,,,,,,
2023-03-31 07:00:00,2023-03-31 08:00:00,,,,,,,,
2023-03-31 08:00:00,2023-03-31 09:00:00,,,,,,,,
2023-03-31 09:00:00,2023-03-31 10:00:00,,,,,,,,
2023-03-31 10:00:00,2023-03-31 11:00:00,,,,,,,,
2023-03-31 11:00:00,2023-03-31 12:00:00,,,,,,,,
2023-03-31 12:00:00,2023-03-31 13:00:00,,,,,,,,
2023-03-31 13:00:00,2023-03-31 14:00:00,,,,,,,,
2023-03-31 14:00:00,2023-03-31 15:00:00,,,,,,,,
2023-03-31 15:00:00,2023-03-31 16:00:00,,,,,,,,
2023-03-31 16:00:00,2023-03-31 17:00:00,,,,,,,,
2023-03-31 17:00:00,2023-03-31 18:00:00,,,,,,,,
2023-03-31 18:00:00,2023-03-31 19:00:00,,,,,,,,
2023-03-31 19:00:00,2023-03-31 20:00:00,,,,,,,,
2023-03-31 20:00:00,2023-03-31 21:00:00,,,,,,,,
2023-03-31 21:00:00,2023-03-31 22:00:00,,,,,,,,
2023-03-31 22:00:00,2023-03-31 23:00:00,,,,,,,,
2023-03-31 23:00:00,2023-04-01 00:00:00,,,,,,,,
