From Date,To Date,PM2.5 (ug/m3),PM10 (ug/m3),NO (ug/m3),NO2 (ug/m3),NOx (ppb),NH3 (ug/m3),SO2 (ug/m3),CO (mg/m3),Ozone (ug/m3),Benzene (ug/m3),Toluene (ug/m3),Eth-Benzene (ug/m3),MP-Xylene (ug/m3),O Xylene (ug/m3),RH (%),WS (m/s),WD (degree),SR (W/mt2),BP (mmHg),AT (degree C),RF (mm),Xylene (ug/m3)
2023-03-06 17:00:00,2023-03-06 18:00:00,14.67,27.33,0.2,11.1,5.93,19.3,15.37,0.24,59.07,0.7,2.6,0.3,0.37,1.07,30.67,0.83,284.67,79.67,,24.43,0.0,
2023-03-06 18:00:00,2023-03-06 19:00:00,21.5,36.75,0.65,25.07,13.52,16.85,16.93,0.47,50.42,0.68,2.08,0.42,0.47,1.27,34.25,0.55,274.5,41.0,,24.0,0.0,
2023-03-06 19:00:00,2023-03-06 20:00:00,27.75,50.5,0.78,37.48,20.6,17.2,21.48,0.83,45.75,1.05,2.55,0.5,0.72,1.3,40.25,0.52,86.5,34.25,,23.2,0.0,
2023-03-06 20:00:00,2023-03-06 21:00:00,33.0,53.25,0.35,27.23,14.57,18.85,21.1,0.7,51.32,1.38,2.7,0.47,0.67,1.23,46.75,0.55,91.75,35.0,,22.87,0.0,
2023-03-06 21:00:00,2023-03-06 22:00:00,31.25,45.5,,21.33,11.07,18.62,22.15,0.71,54.3,1.3,2.32,0.4,0.53,1.02,49.5,0.9,123.5,35.0,,22.82,0.0,
2023-03-06 22:00:00,2023-03-06 23:00:00,24.25,44.75,0.2,12.55,6.72,21.57,21.15,0.55,56.83,1.25,2.25,0.4,0.5,1.0,50.75,0.68,118.0,32.75,,22.45,0.0,
2023-03-06 23:00:00,2023-03-07 00:00:00,18.0,35.0,0.2,13.48,7.15,23.02,17.75,0.54,51.12,1.1,2.08,0.33,0.45,0.97,53.0,0.57,127.0,33.0,,22.12,0.0,
2023-03-07 00:00:00,2023-03-07 01:00:00,18.5,37.25,0.2,11.77,6.28,22.68,9.35,0.47,47.0,0.97,1.92,0.3,0.4,0.88,54.75,0.3,139.25,34.0,,21.93,0.0,
2023-03-07 01:00:00,2023-03-07 02:00:00,18.0,33.5,,9.35,4.88,22.38,9.38,0.31,47.07,0.88,1.78,0.3,0.3,0.8,56.25,0.6,272.25,33.75,,21.7,0.0,
2023-03-07 02:00:00,2023-03-07 03:00:00,12.75,27.75,0.95,13.32,7.38,19.3,9.45,0.32,40.25,0.65,1.52,0.3,0.3,0.7,61.75,0.33,63.5,35.75,,21.62,0.0,
2023-03-07 03:00:00,2023-03-07 04:00:00,14.75,27.0,0.65,12.25,6.7,20.0,8.53,0.3,38.2,0.57,1.52,0.3,0.3,0.7,65.25,0.35,31.0,37.25,,21.42,0.0,
2023-03-07 04:00:00,2023-03-07 05:00:00,14.25,26.0,0.23,14.9,8.07,19.85,9.15,0.32,38.6,0.5,1.57,0.3,0.3,0.7,62.0,0.53,229.25,38.0,,21.45,0.0,
2023-03-07 05:00:00,2023-03-07 06:00:00,14.25,23.0,0.2,9.38,5.08,22.65,9.45,0.29,42.25,0.53,1.52,0.25,0.3,0.62,63.0,0.68,301.75,38.0,,21.23,0.0,
2023-03-07 06:00:00,2023-03-07 07:00:00,10.75,26.5,0.13,9.12,4.92,27.8,8.78,0.39,42.12,0.5,1.5,0.28,0.28,0.65,65.5,0.57,324.0,69.0,,20.9,0.0,
2023-03-07 07:00:00,2023-03-07 08:00:00,11.0,31.5,0.63,14.0,7.8,23.9,10.1,0.49,41.83,0.77,1.63,0.3,0.3,0.62,60.5,0.65,246.5,181.0,,21.12,0.0,
2023-03-07 08:00:00,2023-03-07 09:00:00,21.25,40.75,0.9,12.12,7.2,27.05,11.4,0.43,44.55,0.85,1.75,0.3,0.3,0.7,53.25,0.83,256.5,276.5,,21.85,0.0,
2023-03-07 09:00:00,2023-03-07 10:00:00,11.75,31.75,0.38,7.85,4.47,29.38,15.5,0.33,52.07,0.78,1.6,0.27,0.3,0.7,46.75,1.37,292.0,334.75,,22.45,0.0,
2023-03-07 10:00:00,2023-03-07 11:00:00,10.0,27.0,0.1,6.47,3.5,23.68,13.07,0.32,53.12,0.57,1.3,0.2,0.25,0.6,45.25,1.18,277.5,347.0,,22.82,0.0,
2023-03-07 11:00:00,2023-03-07 12:00:00,13.75,26.25,0.17,6.53,3.65,21.47,12.38,0.31,55.42,0.45,1.15,0.2,0.22,0.58,41.75,0.98,263.75,414.25,,23.3,0.0,
2023-03-07 12:00:00,2023-03-07 13:00:00,7.0,22.75,0.33,6.78,3.83,21.8,11.72,0.32,58.22,0.4,1.1,0.2,0.22,0.62,37.75,1.03,267.5,391.75,,23.75,0.0,
2023-03-07 13:00:00,2023-03-07 14:00:00,7.0,22.0,0.25,6.43,3.47,22.3,11.38,0.32,59.45,0.4,1.1,0.2,0.3,0.7,35.75,0.9,252.75,384.75,,24.18,0.0,
2023-03-07 14:00:00,2023-03-07 15:00:00,7.0,21.5,0.2,6.8,3.7,23.35,10.5,0.32,60.65,0.4,1.43,0.3,0.35,1.02,32.0,1.05,267.75,379.75,,24.12,0.0,
2023-03-07 15:00:00,2023-03-07 16:00:00,,19.5,0.27,7.83,4.3,22.98,9.62,0.3,58.67,0.4,1.75,0.38,0.55,1.55,31.0,1.0,132.67,217.0,,24.6,0.0,
2023-03-07 16:00:00,2023-03-07 17:00:00,1.0,20.75,0.38,9.07,5.12,20.88,8.75,0.31,58.5,0.4,1.68,0.47,0.65,1.7,29.25,0.68,99.25,167.75,,24.65,0.0,
2023-03-07 17:00:00,2023-03-07 18:00:00,3.75,22.25,0.38,11.75,6.57,20.03,8.55,0.37,58.6,0.4,1.3,0.53,0.62,1.62,34.0,0.65,69.75,88.0,,24.4,0.0,
2023-03-07 18:00:00,2023-03-07 19:00:00,16.25,34.0,0.38,20.45,11.17,18.12,9.68,0.61,53.15,0.53,1.65,0.53,0.67,1.5,37.0,0.65,119.25,64.5,,23.88,0.0,
2023-03-07 19:00:00,2023-03-07 20:00:00,29.5,48.0,0.4,16.48,9.08,16.6,9.18,0.44,52.12,0.65,1.98,0.47,0.65,1.3,40.25,1.2,130.75,53.25,,23.55,0.0,
2023-03-07 20:00:00,2023-03-07 21:00:00,24.5,46.0,0.35,13.68,7.58,15.35,8.43,0.41,48.2,0.6,1.77,0.4,0.6,1.15,42.0,0.85,139.0,40.0,,23.23,0.0,
2023-03-07 21:00:00,2023-03-07 22:00:00,12.75,25.5,0.23,11.8,6.47,14.78,9.15,0.33,49.38,0.53,1.67,0.33,0.5,1.0,44.0,0.65,148.0,39.75,,23.1,0.0,
2023-03-07 22:00:00,2023-03-07 23:00:00,10.75,23.0,0.2,10.6,5.83,16.2,8.3,0.27,47.88,0.43,1.5,0.3,0.4,0.88,47.0,0.3,218.25,39.75,,22.78,0.0,
2023-03-07 23:00:00,2023-03-08 00:00:00,5.0,20.25,0.35,11.47,6.4,18.02,8.25,0.25,43.6,0.4,1.45,0.3,0.33,0.78,52.75,0.28,168.75,39.75,,22.42,0.0,
2023-03-08 00:00:00,2023-03-08 01:00:00,2.0,21.0,0.1,8.62,4.5,18.65,8.78,0.23,47.27,0.35,1.4,0.27,0.3,0.7,53.5,0.62,267.75,40.25,,22.23,0.0,
2023-03-08 01:00:00,2023-03-08 02:00:00,3.25,21.5,0.12,7.7,4.2,19.25,9.27,0.23,45.77,0.3,1.2,0.2,0.27,0.57,57.75,0.35,242.5,40.25,,21.92,0.0,
2023-03-08 02:00:00,2023-03-08 03:00:00,8.25,22.5,0.1,9.95,5.15,17.6,11.4,0.41,43.38,0.25,1.1,0.2,0.22,0.53,59.25,0.45,309.75,39.0,,21.87,0.0,
2023-03-08 03:00:00,2023-03-08 04:00:00,11.75,19.25,0.2,9.3,5.0,17.1,12.3,0.48,42.8,0.28,1.1,0.2,0.2,0.5,61.25,0.47,271.75,37.75,,21.95,0.0,
2023-03-08 04:00:00,2023-03-08 05:00:00,6.25,18.0,0.3,7.62,4.15,17.3,12.4,0.47,42.6,0.3,1.05,0.2,0.2,0.45,63.75,0.68,298.75,35.75,,21.65,0.0,
2023-03-08 05:00:00,2023-03-08 06:00:00,6.75,21.0,0.2,8.88,4.9,18.98,11.27,0.53,43.55,0.3,0.97,0.2,0.2,0.4,59.25,0.78,302.75,33.0,,21.78,0.0,
2023-03-08 06:00:00,2023-03-08 07:00:00,16.0,24.5,0.6,14.38,8.15,23.05,10.65,0.63,39.75,0.47,1.05,0.2,0.2,0.45,63.5,0.43,179.0,64.25,,21.25,0.0,
2023-03-08 07:00:00,2023-03-08 08:00:00,19.75,39.25,2.25,21.38,13.2,23.77,11.0,0.84,38.35,0.7,1.48,0.25,0.28,0.58,63.5,0.58,152.75,206.75,,21.18,0.0,
2023-03-08 08:00:00,2023-03-08 09:00:00,32.25,49.75,1.1,13.72,8.2,24.8,15.95,0.91,48.95,1.05,1.65,0.3,0.3,0.6,53.5,0.68,320.0,296.5,,22.1,0.0,
2023-03-08 09:00:00,2023-03-08 10:00:00,32.75,46.75,0.48,12.28,6.95,27.3,19.27,0.94,58.3,1.7,1.8,0.3,0.3,0.62,50.25,0.57,197.25,263.5,,22.62,0.0,
2023-03-08 10:00:00,2023-03-08 11:00:00,32.75,42.5,0.5,12.25,6.95,23.95,17.48,0.92,58.33,2.02,1.9,0.3,0.3,0.6,50.5,0.78,322.5,306.5,,22.85,0.0,
2023-03-08 11:00:00,2023-03-08 12:00:00,32.25,41.0,0.33,9.57,5.35,21.55,16.05,0.73,60.1,2.23,1.8,0.3,0.3,0.6,48.0,1.1,302.25,341.0,,23.35,0.0,
2023-03-08 12:00:00,2023-03-08 13:00:00,22.5,39.5,0.43,8.25,4.75,21.28,13.68,0.61,60.12,2.02,1.68,0.3,0.3,0.58,41.75,0.95,289.75,365.0,,23.85,0.0,
2023-03-08 13:00:00,2023-03-08 14:00:00,18.25,33.75,0.3,8.47,4.75,23.15,14.12,0.72,65.12,1.75,1.5,0.3,0.3,0.65,39.75,1.58,324.0,370.25,,24.05,0.0,
2023-03-08 14:00:00,2023-03-08 15:00:00,18.0,34.75,0.17,7.47,4.12,26.05,11.68,0.57,62.8,1.7,1.5,0.3,0.3,0.72,37.75,2.08,308.75,298.0,,24.12,0.0,
2023-03-08 15:00:00,2023-03-08 16:00:00,13.5,37.0,0.32,6.65,3.8,25.3,9.35,0.52,59.43,1.4,1.32,0.25,0.3,0.73,34.5,2.0,313.25,329.25,,24.0,0.0,
2023-03-08 16:00:00,2023-03-08 17:00:00,7.5,22.75,0.55,8.7,5.1,22.55,7.47,0.46,55.92,1.18,1.2,0.2,0.3,0.7,31.25,0.88,115.25,216.5,,24.33,0.0,
2023-03-08 17:00:00,2023-03-08 18:00:00,7.5,21.75,0.55,15.65,8.82,20.93,7.73,0.54,52.25,0.9,1.65,0.3,0.35,0.88,33.75,0.53,69.75,112.0,,24.37,0.0,
2023-03-08 18:00:00,2023-03-08 19:00:00,16.5,35.25,0.62,22.55,12.52,19.23,9.45,0.68,51.4,0.8,2.08,0.38,0.52,1.02,47.5,1.28,122.0,64.5,,23.58,0.0,
2023-03-08 19:00:00,2023-03-08 20:00:00,27.0,38.5,0.95,17.85,10.28,18.12,9.45,0.57,46.4,0.77,2.28,0.4,0.57,1.02,62.5,1.48,133.0,42.5,,22.3,0.0,
2023-03-08 20:00:00,2023-03-08 21:00:00,19.75,30.5,1.23,16.35,9.7,16.7,9.38,0.47,46.95,0.62,2.02,0.33,0.53,0.95,60.0,1.72,130.5,45.5,,22.25,0.0,
2023-03-08 21:00:00,2023-03-08 22:00:00,7.25,22.5,0.78,14.88,8.55,15.78,10.0,0.52,44.8,0.6,1.75,0.3,0.43,0.85,68.75,1.15,136.5,58.5,,21.95,0.0,
2023-03-08 22:00:00,2023-03-08 23:00:00,10.5,20.75,0.7,11.43,6.62,17.97,8.93,0.45,47.67,0.5,1.7,0.3,0.4,0.8,65.5,1.07,139.25,57.0,,21.95,0.0,
2023-03-08 23:00:00,2023-03-09 00:00:00,5.0,19.5,0.5,11.2,6.25,21.5,8.6,0.38,45.3,0.43,1.48,0.27,0.3,0.7,69.0,0.88,242.75,45.5,,21.8,0.0,
2023-03-09 00:00:00,2023-03-09 01:00:00,3.0,19.75,0.17,9.47,5.08,23.32,6.4,0.34,46.78,0.4,1.28,0.2,0.3,0.6,67.5,0.77,288.25,40.0,,21.78,0.0,
2023-03-09 01:00:00,2023-03-09 02:00:00,2.75,23.75,0.3,8.57,4.7,23.12,6.3,0.25,45.12,0.33,1.12,0.2,0.2,0.5,68.5,0.65,222.5,39.5,,21.7,0.0,
2023-03-09 02:00:00,2023-03-09 03:00:00,3.0,20.75,0.25,12.12,6.65,21.57,6.67,0.3,41.55,0.3,1.08,0.18,0.2,0.43,67.75,0.55,169.75,41.0,,21.8,0.0,
2023-03-09 03:00:00,2023-03-09 04:00:00,6.5,22.0,0.25,11.2,6.18,19.85,7.0,0.26,41.02,0.3,1.0,0.17,0.2,0.4,69.0,0.5,292.0,40.5,,21.73,0.0,
2023-03-09 04:00:00,2023-03-09 05:00:00,5.25,18.25,0.43,10.78,6.08,19.8,7.0,0.26,38.73,0.25,0.95,0.12,0.17,0.38,74.0,0.45,156.0,40.25,,21.58,0.0,
2023-03-09 05:00:00,2023-03-09 06:00:00,6.25,16.75,0.35,12.18,6.75,21.3,7.05,0.27,37.5,0.23,0.95,0.12,0.18,0.35,75.75,0.47,146.25,40.0,,21.38,0.0,
2023-03-09 06:00:00,2023-03-09 07:00:00,3.0,22.25,0.77,13.15,7.47,26.88,6.45,0.3,38.45,0.3,0.97,0.17,0.17,0.38,73.75,0.48,72.75,62.5,,21.12,0.0,
2023-03-09 07:00:00,2023-03-09 08:00:00,11.0,24.0,1.95,25.6,15.2,29.25,6.38,0.53,34.9,0.35,1.15,0.2,0.2,0.45,74.25,0.45,240.75,111.5,,21.15,0.0,
2023-03-09 08:00:00,2023-03-09 09:00:00,14.25,30.25,2.75,18.5,12.1,29.62,6.73,0.58,36.05,0.65,1.52,0.28,0.28,0.58,75.5,0.77,295.0,211.25,,21.48,0.0,
2023-03-09 09:00:00,2023-03-09 10:00:00,19.5,38.75,1.17,14.7,8.78,12.62,6.62,0.42,39.73,0.75,1.37,0.2,0.22,0.47,73.25,0.68,278.25,174.25,,21.72,0.0,
2023-03-09 10:00:00,2023-03-09 11:00:00,12.5,34.25,1.0,12.1,7.23,19.6,7.12,0.36,42.73,0.78,1.35,0.33,0.27,0.55,70.5,0.82,290.0,244.5,,22.03,0.0,
2023-03-09 11:00:00,2023-03-09 12:00:00,14.75,33.0,0.6,9.72,5.65,25.08,7.55,0.33,49.3,0.7,1.12,0.27,0.22,0.53,62.0,0.93,321.5,288.75,,22.4,0.0,
2023-03-09 12:00:00,2023-03-09 13:00:00,18.0,26.25,1.18,8.75,5.6,46.83,6.92,0.34,57.08,0.8,1.23,0.3,0.3,0.62,51.75,0.92,295.5,398.5,,22.73,0.0,
2023-03-09 13:00:00,2023-03-09 14:00:00,,23.75,0.45,7.85,4.55,37.4,5.72,0.32,60.18,0.78,1.23,0.25,0.25,0.7,41.5,1.02,321.75,457.75,,23.33,0.0,
2023-03-09 14:00:00,2023-03-09 15:00:00,7.0,23.25,0.78,8.2,5.0,28.18,6.53,0.31,60.17,0.73,1.57,0.2,0.2,0.7,39.25,1.1,288.25,413.0,,23.75,0.0,
2023-03-09 15:00:00,2023-03-09 16:00:00,7.75,24.5,0.35,10.65,5.93,26.85,5.8,0.36,59.58,0.7,1.85,0.25,0.28,0.77,39.5,1.45,274.25,305.5,,23.88,0.0,
2023-03-09 16:00:00,2023-03-09 17:00:00,7.25,26.25,1.1,20.92,12.0,24.48,5.67,0.48,52.85,0.7,1.75,0.28,0.35,0.93,48.0,1.2,121.0,160.25,,23.47,0.0,
2023-03-09 17:00:00,2023-03-09 18:00:00,7.75,26.5,0.3,15.97,8.68,23.77,5.4,0.33,52.27,0.7,1.7,0.3,0.35,0.95,51.75,0.7,273.25,96.75,,23.43,0.0,
2023-03-09 18:00:00,2023-03-09 19:00:00,9.75,21.75,0.23,16.4,8.93,21.38,6.38,0.37,51.53,0.65,1.7,0.33,0.35,0.85,55.5,0.6,165.25,43.0,,23.1,0.0,
2023-03-09 19:00:00,2023-03-09 20:00:00,20.25,27.0,0.52,33.0,17.98,17.65,7.62,0.66,44.95,0.78,1.9,0.3,0.4,0.8,58.5,0.33,85.0,38.25,,22.9,0.0,
2023-03-09 20:00:00,2023-03-09 21:00:00,25.5,37.75,2.42,41.35,23.97,15.77,6.4,0.83,38.05,1.1,2.95,0.47,0.7,1.05,65.75,0.45,75.5,39.25,,22.55,0.0,
2023-03-09 21:00:00,2023-03-09 22:00:00,17.5,42.0,1.8,33.33,19.2,0.3,4.88,0.72,38.38,1.53,3.17,0.47,0.7,1.05,68.5,0.4,107.75,39.5,,22.0,0.0,
2023-03-09 22:00:00,2023-03-09 23:00:00,19.0,38.5,0.38,29.4,15.95,1.95,5.02,0.58,35.58,1.57,3.15,0.45,0.62,0.97,72.5,0.3,175.75,42.75,,21.77,0.0,
2023-03-09 23:00:00,2023-03-10 00:00:00,18.25,36.5,1.95,25.93,15.38,16.45,5.6,0.42,31.15,1.3,2.9,0.38,0.53,0.75,80.25,0.27,172.67,41.5,,21.62,0.0,
2023-03-10 00:00:00,2023-03-10 01:00:00,16.75,35.0,5.75,26.65,18.85,12.28,6.2,0.51,29.3,1.15,2.58,0.3,0.43,0.65,81.75,0.35,120.75,41.0,,21.6,0.0,
2023-03-10 01:00:00,2023-03-10 02:00:00,18.0,34.25,5.05,21.08,15.33,15.83,6.1,0.45,28.0,1.15,2.68,0.3,0.4,0.65,84.0,0.25,64.75,44.25,,21.4,0.0,
2023-03-10 02:00:00,2023-03-10 03:00:00,14.0,31.0,4.0,17.88,12.78,7.95,6.1,0.43,29.62,1.12,2.55,0.33,0.4,0.62,83.75,0.28,172.0,47.0,,21.23,0.0,
2023-03-10 03:00:00,2023-03-10 04:00:00,13.0,27.25,1.32,17.83,10.57,0.2,4.98,0.45,30.38,1.2,2.5,0.3,0.4,0.6,82.0,0.33,241.25,41.5,,21.15,0.0,
2023-03-10 04:00:00,2023-03-10 05:00:00,9.0,27.67,6.13,17.13,14.1,,4.43,0.45,27.1,1.2,2.43,0.3,0.37,0.63,85.67,0.27,134.0,47.0,,20.97,0.0,
2023-03-10 05:00:00,2023-03-10 06:00:00,7.75,26.0,0.95,18.68,10.67,0.2,3.83,0.4,30.22,1.2,2.58,0.3,0.4,0.67,81.5,0.4,296.25,53.25,,20.88,0.0,
2023-03-10 06:00:00,2023-03-10 07:00:00,13.25,25.5,8.45,19.28,17.1,,4.35,0.48,27.95,1.2,2.55,0.3,0.4,0.7,82.5,0.38,176.25,73.0,,20.5,0.0,
2023-03-10 07:00:00,2023-03-10 08:00:00,21.75,35.5,4.42,20.4,14.45,0.1,5.68,0.61,33.17,1.27,2.58,0.32,0.38,0.55,78.25,0.43,312.5,121.25,,20.62,0.0,
2023-03-10 08:00:00,2023-03-10 09:00:00,26.75,41.0,3.08,19.02,12.62,0.1,7.53,0.56,41.15,1.42,2.62,0.33,0.43,0.58,66.0,0.45,279.5,180.5,,21.65,0.0,
2023-03-10 09:00:00,2023-03-10 10:00:00,24.0,40.75,0.75,12.45,7.25,15.5,9.57,0.41,57.33,1.58,2.33,0.3,0.33,0.53,57.5,0.48,219.0,285.75,,22.5,0.0,
2023-03-10 10:00:00,2023-03-10 11:00:00,16.75,34.75,0.2,9.12,4.9,38.42,9.88,0.33,64.22,1.58,2.05,0.3,0.3,0.58,49.75,0.65,314.75,308.25,,23.15,0.0,
2023-03-10 11:00:00,2023-03-10 12:00:00,14.25,28.0,0.3,10.02,5.35,16.9,9.22,0.35,71.15,1.5,2.05,0.32,0.32,0.75,42.0,0.98,270.75,346.0,,23.2,0.0,
2023-03-10 12:00:00,2023-03-10 13:00:00,10.5,28.5,0.27,9.47,5.28,26.12,9.88,0.39,70.0,1.12,1.58,0.25,0.22,0.62,36.0,1.12,313.75,273.0,,23.67,0.0,
2023-03-10 13:00:00,2023-03-10 14:00:00,15.0,28.0,0.43,10.55,5.82,29.35,7.92,0.4,68.97,1.15,1.6,0.3,0.3,0.75,33.25,1.15,256.75,272.5,,24.12,0.0,
2023-03-10 14:00:00,2023-03-10 15:00:00,3.0,21.75,0.3,10.75,5.75,30.32,6.83,0.36,70.58,0.97,1.57,0.3,0.28,0.78,31.5,1.27,341.5,262.0,,24.25,0.0,
2023-03-10 15:00:00,2023-03-10 16:00:00,6.5,22.5,0.47,14.5,8.1,28.4,6.58,0.41,69.78,0.97,1.73,0.3,0.3,0.97,31.0,1.23,168.25,232.0,,24.4,0.0,
2023-03-10 16:00:00,2023-03-10 17:00:00,11.25,28.75,0.53,13.93,7.83,17.5,7.92,0.36,69.2,0.68,1.52,0.3,0.3,0.85,31.0,1.45,340.0,127.0,,24.77,0.0,
2023-03-10 17:00:00,2023-03-10 18:00:00,18.5,33.5,0.53,24.2,13.3,16.4,7.33,0.39,62.62,0.6,1.85,0.3,0.38,0.85,29.75,0.83,346.0,95.25,,24.77,0.0,
2023-03-10 18:00:00,2023-03-10 19:00:00,17.75,32.0,0.97,50.12,27.45,18.67,8.68,0.68,54.3,0.75,3.35,0.38,0.57,0.97,37.25,0.22,103.5,86.75,,24.15,0.0,
2023-03-10 19:00:00,2023-03-10 20:00:00,24.25,47.0,0.47,52.7,28.3,25.82,9.32,0.81,51.65,1.23,3.95,0.55,0.78,1.2,41.25,0.28,105.5,114.25,,23.57,0.0,
2023-03-10 20:00:00,2023-03-10 21:00:00,26.5,50.5,0.23,46.3,24.82,28.35,7.22,0.8,51.0,1.6,4.23,0.62,0.85,1.3,43.75,0.28,103.0,123.25,,23.17,0.0,
2023-03-10 21:00:00,2023-03-10 22:00:00,,,,,,,,,,,,,,,,,,,,,,
2023-03-10 22:00:00,2023-03-10 23:00:00,,,,,,,,,,,,,,,,,,,,,,
2023-03-10 23:00:00,2023-03-11 00:00:00,,,,,,,,,,,,,,,,,,,,,,
2023-03-11 00:00:00,2023-03-11 01:00:00,,,,,,,,,,,,,,,,,,,,,,
2023-03-11 01:00:00,2023-03-11 02:00:00,20.0,38.0,,17.5,9.1,20.3,8.8,0.46,42.3,,,,,,,,,,,,,
2023-03-11 02:00:00,2023-03-11 03:00:00,20.5,37.25,0.38,21.52,11.78,22.38,6.97,0.45,39.17,0.95,2.38,0.3,0.35,0.47,68.25,0.4,68.25,37.5,,21.95,0.0,
2023-03-11 03:00:00,2023-03-11 04:00:00,19.75,33.0,1.2,18.95,11.05,37.52,3.5,0.43,39.23,1.0,2.3,0.3,0.3,0.5,72.0,0.42,69.75,61.75,,21.62,0.0,
2023-03-11 04:00:00,2023-03-11 05:00:00,11.25,30.25,0.68,17.2,9.7,41.25,2.47,0.44,37.67,0.9,2.17,0.3,0.3,0.5,76.75,0.38,103.5,85.25,,21.4,0.0,
2023-03-11 05:00:00,2023-03-11 06:00:00,10.25,31.0,1.17,21.23,12.25,38.83,1.4,0.48,35.23,0.9,2.1,0.3,0.3,0.5,77.0,0.35,90.25,96.25,,21.2,0.0,
2023-03-11 06:00:00,2023-03-11 07:00:00,16.25,33.0,8.85,26.33,21.15,35.1,1.05,0.63,29.0,0.95,2.27,0.3,0.3,0.55,79.25,0.33,78.25,91.5,,20.92,0.0,
2023-03-11 07:00:00,2023-03-11 08:00:00,30.0,48.0,21.88,37.3,37.65,21.93,4.23,1.04,34.12,1.07,2.58,0.32,0.38,0.57,73.25,0.28,196.0,93.25,,21.38,0.0,
2023-03-11 08:00:00,2023-03-11 09:00:00,56.5,78.0,7.42,43.52,29.2,24.45,6.35,1.41,46.0,1.5,3.2,0.45,0.57,0.7,64.25,0.33,186.0,194.0,,22.48,0.0,
2023-03-11 09:00:00,2023-03-11 10:00:00,61.5,84.0,3.17,25.65,16.25,36.22,7.97,0.75,62.92,2.35,3.92,0.6,0.7,0.85,47.75,0.62,267.0,253.0,,23.65,0.0,
2023-03-11 10:00:00,2023-03-11 11:00:00,41.75,62.75,0.25,10.73,5.9,47.2,6.77,0.39,63.05,1.95,2.97,0.4,0.47,0.7,40.75,0.65,217.25,286.5,,24.07,0.0,
2023-03-11 11:00:00,2023-03-11 12:00:00,13.5,34.25,1.05,17.85,10.35,44.78,5.85,0.41,66.7,1.67,2.62,0.38,0.45,0.77,32.75,0.68,186.75,257.75,,24.25,0.0,
2023-03-11 12:00:00,2023-03-11 13:00:00,8.25,29.0,0.78,11.57,6.77,33.2,4.42,0.4,68.22,1.45,2.42,0.33,0.42,0.82,28.0,0.92,185.75,235.5,,24.12,0.0,
2023-03-11 13:00:00,2023-03-11 14:00:00,10.0,30.0,0.2,11.75,6.28,24.58,5.38,,67.58,1.05,2.08,0.3,0.32,0.75,26.0,1.12,46.75,228.0,,24.35,0.0,
2023-03-11 14:00:00,2023-03-11 15:00:00,13.5,31.25,0.2,10.3,5.58,22.55,5.28,,68.7,0.9,2.0,0.3,0.43,0.97,24.75,1.2,141.67,202.75,,24.73,0.0,
2023-03-11 15:00:00,2023-03-11 16:00:00,13.0,25.75,0.38,10.48,5.88,19.85,5.95,,68.17,0.73,2.05,0.4,0.6,1.27,26.0,1.02,257.25,154.75,,25.05,0.0,
2023-03-11 16:00:00,2023-03-11 17:00:00,8.0,28.25,0.3,12.95,6.9,18.7,5.57,,65.62,0.7,1.8,0.4,0.6,1.33,25.0,1.1,130.25,120.5,,25.2,0.0,
2023-03-11 17:00:00,2023-03-11 18:00:00,14.75,28.25,0.3,26.07,13.97,17.85,5.55,,58.98,0.67,2.75,0.52,0.95,1.7,27.75,0.68,94.5,96.5,,25.1,0.0,
2023-03-11 18:00:00,2023-03-11 19:00:00,23.25,38.0,0.72,49.7,27.0,17.05,5.58,,48.08,0.98,5.9,0.98,1.7,2.45,31.5,0.38,111.75,72.5,,24.43,0.0,
2023-03-11 19:00:00,2023-03-11 20:00:00,27.5,46.0,0.7,44.3,24.12,17.3,6.82,0.9,48.05,1.18,6.55,1.1,1.83,2.38,36.25,0.5,106.25,22.25,,23.88,0.0,
2023-03-11 20:00:00,2023-03-11 21:00:00,39.0,50.0,0.9,41.35,22.1,17.3,5.05,0.23,31.08,0.75,2.95,0.4,0.75,1.0,42.5,0.4,64.0,58.5,,24.55,0.0,
2023-03-11 21:00:00,2023-03-11 22:00:00,,,0.5,35.4,19.23,19.4,9.43,0.0,40.23,1.65,4.82,0.7,1.18,1.5,48.75,,,67.0,,24.73,0.0,
2023-03-11 22:00:00,2023-03-11 23:00:00,33.0,49.5,1.5,39.38,22.15,19.77,7.72,0.0,36.15,1.67,4.82,0.73,1.1,1.55,52.5,,,66.25,,24.43,0.0,
2023-03-11 23:00:00,2023-03-12 00:00:00,29.5,49.75,0.55,24.95,13.75,22.77,8.07,0.0,38.8,1.48,4.43,0.67,1.0,1.38,54.0,,,66.5,,24.17,0.0,
2023-03-12 00:00:00,2023-03-12 01:00:00,17.5,35.0,0.6,19.6,10.92,26.55,7.72,0.0,36.45,1.32,4.22,0.6,0.9,1.28,56.5,,,66.5,,23.9,0.0,
2023-03-12 01:00:00,2023-03-12 02:00:00,16.5,31.75,0.9,21.77,12.32,27.12,8.22,0.0,35.85,1.2,3.83,0.57,0.8,1.12,57.5,,,67.75,,23.65,0.0,
2023-03-12 02:00:00,2023-03-12 03:00:00,17.75,30.75,0.9,25.55,14.32,28.5,8.2,0.0,36.15,1.1,3.62,0.5,0.73,1.05,59.0,,,66.75,,23.4,0.0,
2023-03-12 03:00:00,2023-03-12 04:00:00,15.75,28.25,0.55,16.12,9.02,19.23,7.17,0.0,38.45,1.0,3.4,0.5,0.7,1.02,62.0,,,66.25,,23.2,0.0,
2023-03-12 04:00:00,2023-03-12 05:00:00,12.75,24.25,1.2,20.78,12.03,4.45,6.88,0.0,35.38,0.92,3.12,0.45,0.65,1.0,64.0,,,66.0,,22.98,0.0,
2023-03-12 05:00:00,2023-03-12 06:00:00,16.5,30.5,2.9,26.83,16.65,,6.97,0.0,30.7,0.85,2.88,0.4,0.6,0.92,67.25,,,66.0,,22.85,0.0,
2023-03-12 06:00:00,2023-03-12 07:00:00,22.5,36.75,3.18,28.85,17.95,,7.28,0.0,31.22,0.83,2.8,0.4,0.55,0.82,67.5,,,98.5,,22.65,0.0,
2023-03-12 07:00:00,2023-03-12 08:00:00,29.25,44.5,10.62,28.05,23.5,,8.65,0.0,33.73,0.98,2.9,0.45,0.6,0.88,61.5,,,237.5,,23.25,0.0,
2023-03-12 08:00:00,2023-03-12 09:00:00,42.5,58.5,3.7,28.53,18.2,,10.35,0.0,42.45,1.08,3.12,0.5,0.7,0.9,52.5,,,335.75,,24.35,0.0,
2023-03-12 09:00:00,2023-03-12 10:00:00,32.5,48.5,1.6,16.53,10.1,20.4,11.05,0.0,60.28,1.27,3.33,0.55,0.7,1.0,44.5,,,418.75,,25.3,0.0,
2023-03-12 10:00:00,2023-03-12 11:00:00,31.0,47.33,0.5,10.3,5.9,34.7,9.5,0.0,64.03,1.1,2.87,0.5,0.7,1.07,35.33,0.87,274.33,511.67,,26.43,0.0,
2023-03-12 11:00:00,2023-03-12 12:00:00,18.0,35.0,0.43,10.85,6.12,32.95,8.53,0.0,64.2,1.08,2.67,0.5,0.72,1.25,32.0,1.07,252.25,522.25,,26.8,0.0,
2023-03-12 12:00:00,2023-03-12 13:00:00,16.0,34.25,0.27,7.85,4.38,27.68,8.43,0.0,66.28,0.95,2.5,0.5,0.75,1.52,29.0,1.38,299.0,552.5,,27.12,0.0,
2023-03-12 13:00:00,2023-03-12 14:00:00,11.0,31.75,0.5,8.35,4.88,26.4,8.05,0.0,65.17,0.88,2.25,0.53,0.83,1.7,26.75,1.15,302.0,501.25,,27.5,0.0,
2023-03-12 14:00:00,2023-03-12 15:00:00,15.0,29.0,0.15,7.97,4.3,26.2,8.15,0.04,65.65,0.8,2.12,0.6,0.95,2.08,24.75,1.0,165.25,418.75,,27.65,0.0,
2023-03-12 15:00:00,2023-03-12 16:00:00,5.75,23.25,0.25,9.45,5.15,22.9,7.8,0.3,63.25,0.7,2.12,0.65,1.05,2.52,24.75,1.02,321.25,308.0,,27.8,0.0,
2023-03-12 16:00:00,2023-03-12 17:00:00,8.75,27.25,0.17,10.35,5.65,20.17,7.5,0.32,61.58,0.6,1.9,0.6,1.05,2.55,24.75,0.65,164.75,211.25,,27.77,0.0,
2023-03-12 17:00:00,2023-03-12 18:00:00,11.0,30.25,0.33,26.6,14.43,18.0,7.83,0.58,55.42,0.58,1.98,0.65,1.22,2.82,26.75,0.27,188.25,131.0,,27.65,0.0,
2023-03-12 18:00:00,2023-03-12 19:00:00,17.25,41.0,8.47,66.42,42.2,17.85,10.1,1.05,40.5,0.82,2.95,1.0,1.62,3.28,33.25,0.4,188.75,82.5,,26.77,0.0,
2023-03-12 19:00:00,2023-03-12 20:00:00,41.25,63.25,25.4,81.17,63.83,19.2,10.78,1.8,35.58,1.1,4.15,1.2,1.95,3.48,40.0,0.3,160.25,81.0,,26.23,0.0,
2023-03-12 20:00:00,2023-03-12 21:00:00,57.5,78.75,13.43,64.15,45.02,23.7,12.65,1.98,35.95,2.15,7.58,2.0,3.23,4.68,47.5,0.5,88.5,81.0,,25.58,0.0,
2023-03-12 21:00:00,2023-03-12 22:00:00,70.25,94.5,1.1,35.48,19.8,17.57,11.5,1.18,39.83,2.18,6.0,1.43,2.2,3.65,49.5,0.45,148.0,80.75,,25.12,0.0,
2023-03-12 22:00:00,2023-03-12 23:00:00,40.5,61.0,1.78,36.42,20.82,1.3,10.05,1.06,38.15,2.1,5.35,1.17,1.85,3.17,50.5,0.35,119.5,80.75,,24.85,0.0,
2023-03-12 23:00:00,2023-03-13 00:00:00,35.5,50.75,1.12,28.38,16.02,,8.9,0.75,38.42,1.98,5.15,1.08,1.7,2.95,48.75,0.38,116.0,81.0,,24.8,0.0,
2023-03-13 00:00:00,2023-03-13 01:00:00,24.0,39.5,0.5,19.2,10.62,,7.38,0.53,39.45,1.75,4.62,0.97,1.5,2.62,51.5,0.43,96.5,80.0,,24.6,0.0,
2023-03-13 01:00:00,2023-03-13 02:00:00,19.0,37.25,0.2,18.82,10.1,,6.9,0.52,38.3,1.6,4.28,0.85,1.32,2.45,55.25,0.4,110.75,80.25,,24.3,0.0,
2023-03-13 02:00:00,2023-03-13 03:00:00,21.0,33.25,0.23,16.82,9.05,,7.52,0.46,39.08,1.45,4.03,0.8,1.25,2.23,55.5,0.35,98.5,80.5,,24.17,0.0,
2023-03-13 03:00:00,2023-03-13 04:00:00,,30.75,0.27,20.57,11.15,0.1,6.65,0.45,38.05,1.4,3.82,0.77,1.2,2.15,57.0,0.3,80.25,80.75,,24.08,0.0,
2023-03-13 04:00:00,2023-03-13 05:00:00,29.0,29.5,0.57,16.17,8.95,0.12,5.48,0.47,39.85,1.3,3.83,0.75,1.15,2.12,60.25,0.4,85.75,80.5,,23.85,0.0,
2023-03-13 05:00:00,2023-03-13 06:00:00,,28.75,0.68,19.5,10.9,0.1,6.15,0.57,40.5,1.3,3.5,0.7,1.02,1.98,60.0,0.32,93.0,80.25,,23.73,0.0,
2023-03-13 06:00:00,2023-03-13 07:00:00,,43.0,1.85,26.27,15.45,0.1,5.5,0.63,36.55,1.27,3.48,0.7,1.0,1.82,62.75,0.5,166.0,111.0,,23.4,0.0,
2023-03-13 07:00:00,2023-03-13 08:00:00,,49.5,6.45,38.15,25.55,,6.6,1.12,36.4,1.4,3.62,0.7,0.97,1.8,62.75,0.35,141.33,202.5,,23.77,0.0,
2023-03-13 08:00:00,2023-03-13 09:00:00,24.0,71.0,2.8,25.6,15.88,,9.0,0.94,47.8,1.6,3.95,0.75,1.1,1.82,52.0,0.35,247.75,329.0,,24.88,0.0,
2023-03-13 09:00:00,2023-03-13 10:00:00,27.0,69.75,1.43,24.98,14.45,0.17,10.0,0.87,62.6,1.77,4.1,0.82,1.2,2.0,41.5,0.62,212.25,452.25,,26.12,0.0,
2023-03-13 10:00:00,2023-03-13 11:00:00,,58.75,0.82,14.7,8.5,,8.55,0.56,60.7,1.7,3.73,0.75,1.18,2.1,37.5,0.6,257.75,462.0,,26.75,0.0,
2023-03-13 11:00:00,2023-03-13 12:00:00,,34.0,0.3,8.5,4.78,,7.15,0.42,66.28,1.6,3.53,0.8,1.28,2.52,32.0,0.85,226.25,573.5,,27.07,0.0,
2023-03-13 12:00:00,2023-03-13 13:00:00,,30.0,0.27,8.38,4.6,0.1,6.65,0.38,66.47,1.45,3.12,0.75,1.27,2.6,27.0,0.85,300.75,424.5,,27.45,0.0,
2023-03-13 13:00:00,2023-03-13 14:00:00,,30.25,0.35,7.77,4.43,0.1,5.85,0.42,68.45,1.28,2.85,0.85,1.35,2.9,25.75,0.9,333.0,393.25,,27.77,0.0,
2023-03-13 14:00:00,2023-03-13 15:00:00,2.75,31.0,0.22,9.07,5.03,0.2,5.68,0.47,69.35,1.23,2.83,0.9,1.52,3.33,25.25,0.7,159.25,314.0,,27.95,0.0,
2023-03-13 15:00:00,2023-03-13 16:00:00,5.0,33.0,0.23,11.6,6.3,0.1,5.33,0.44,65.07,1.4,2.83,0.97,1.65,3.73,24.75,1.0,189.0,311.25,,27.93,0.0,
2023-03-13 16:00:00,2023-03-13 17:00:00,,37.5,0.37,16.1,8.8,0.1,5.62,0.49,62.97,1.12,2.55,0.95,1.63,3.65,25.0,0.57,101.0,176.25,,27.98,0.0,
2023-03-13 17:00:00,2023-03-13 18:00:00,,34.0,0.43,24.8,13.53,0.1,5.7,0.68,58.6,1.1,2.9,1.02,1.8,3.85,29.25,0.55,339.75,130.0,,27.57,0.0,
2023-03-13 18:00:00,2023-03-13 19:00:00,,42.5,1.75,57.2,31.15,,6.32,1.01,44.65,1.18,3.38,1.12,1.93,3.9,32.75,0.3,201.75,82.75,,26.88,0.0,
2023-03-13 19:00:00,2023-03-13 20:00:00,,59.25,27.95,68.22,59.03,0.1,9.07,1.73,38.05,1.73,5.52,1.6,2.65,4.53,40.75,0.3,125.75,80.0,,26.17,0.0,
2023-03-13 20:00:00,2023-03-13 21:00:00,,78.5,0.27,33.62,18.0,,8.53,0.87,48.33,1.95,4.9,1.32,2.15,3.83,43.0,0.33,115.75,80.0,,25.93,0.0,
2023-03-13 21:00:00,2023-03-13 22:00:00,,55.0,0.83,38.48,21.13,,7.67,0.9,42.92,2.1,4.8,1.23,1.95,3.62,48.25,0.3,97.5,79.0,,25.52,0.0,
2023-03-13 22:00:00,2023-03-13 23:00:00,,55.75,0.35,25.67,13.93,0.1,6.8,0.71,46.98,2.23,4.72,1.2,1.88,3.53,51.75,0.58,113.25,79.75,,25.23,0.0,
2023-03-13 23:00:00,2023-03-14 00:00:00,,47.0,0.3,17.18,9.38,,6.98,0.56,47.33,2.08,4.5,1.08,1.75,3.27,51.25,0.65,122.5,79.25,,25.05,0.0,
2023-03-14 00:00:00,2023-03-14 01:00:00,,40.75,0.93,26.42,14.83,,7.02,0.51,41.0,1.95,4.1,1.0,1.58,3.02,54.0,0.35,85.75,79.25,,24.88,0.0,
2023-03-14 01:00:00,2023-03-14 02:00:00,,39.5,0.2,16.85,9.1,,7.85,0.48,43.33,1.7,3.8,0.9,1.42,2.77,52.5,0.35,84.75,79.5,,24.75,0.0,
2023-03-14 02:00:00,2023-03-14 03:00:00,,38.25,0.65,16.9,9.2,,7.72,0.47,41.72,1.55,3.5,0.82,1.32,2.6,52.75,0.35,122.5,79.0,,24.55,0.0,
2023-03-14 03:00:00,2023-03-14 04:00:00,,38.25,0.75,25.23,14.05,0.1,7.15,0.51,38.1,1.57,3.5,0.85,1.3,2.58,54.75,0.22,83.25,79.0,,24.35,0.0,
2023-03-14 04:00:00,2023-03-14 05:00:00,,33.5,0.63,15.63,8.65,0.1,5.85,0.5,42.18,1.58,3.42,0.8,1.3,2.55,59.75,0.4,203.25,79.0,,24.15,0.0,
2023-03-14 05:00:00,2023-03-14 06:00:00,,36.25,0.2,15.32,8.1,0.1,7.17,0.54,44.47,1.6,3.25,0.75,1.15,2.38,57.0,0.25,112.0,79.0,,24.12,0.0,
2023-03-14 06:00:00,2023-03-14 07:00:00,,44.0,2.52,31.15,18.62,,6.55,0.79,36.55,1.6,3.35,0.77,1.18,2.3,61.25,0.32,97.0,99.75,,23.78,0.0,
2023-03-14 07:00:00,2023-03-14 08:00:00,,60.25,7.45,30.52,22.3,0.13,6.55,1.01,36.67,1.83,3.8,0.8,1.25,2.35,62.5,0.55,82.75,224.75,,23.73,0.0,
2023-03-14 08:00:00,2023-03-14 09:00:00,,75.0,2.52,19.2,12.28,0.1,10.0,0.77,44.05,1.82,3.8,0.8,1.23,2.23,52.5,0.47,101.0,328.5,,24.93,0.0,
2023-03-14 09:00:00,2023-03-14 10:00:00,,56.5,1.43,16.43,9.9,0.1,11.15,0.74,54.88,1.88,3.52,0.75,1.12,2.17,47.25,0.45,102.75,418.75,,25.95,0.0,
2023-03-14 10:00:00,2023-03-14 11:00:00,,55.0,0.98,14.97,8.72,0.2,10.3,0.59,60.78,1.9,3.5,0.8,1.25,2.45,35.25,0.8,157.0,504.25,,26.93,0.0,
2023-03-14 11:00:00,2023-03-14 12:00:00,,43.25,0.78,12.45,7.25,0.15,9.43,0.49,63.35,1.88,3.85,0.92,1.43,2.9,30.0,0.92,237.5,547.75,,27.35,0.0,
2023-03-14 12:00:00,2023-03-14 13:00:00,,36.25,0.35,10.2,5.7,94.0,8.4,0.43,65.02,1.9,3.33,0.88,1.4,2.98,25.75,1.05,229.5,533.0,,27.75,0.0,
2023-03-14 13:00:00,2023-03-14 14:00:00,,32.75,1.15,15.6,9.25,111.28,7.83,0.38,62.3,1.88,3.27,0.85,1.45,3.15,24.75,1.32,245.25,499.0,,27.98,0.0,
2023-03-14 14:00:00,2023-03-14 15:00:00,,38.0,0.4,8.75,4.97,127.27,7.98,0.34,64.62,1.6,2.97,0.75,1.35,2.9,23.5,1.58,290.75,436.25,,28.07,0.0,
2023-03-14 15:00:00,2023-03-14 16:00:00,9.75,35.25,0.25,8.43,4.65,137.2,7.47,0.34,64.75,1.48,2.67,0.72,1.27,3.02,23.0,1.4,305.75,344.0,,28.17,0.0,
2023-03-14 16:00:00,2023-03-14 17:00:00,19.0,36.0,0.13,12.4,6.67,113.28,6.2,0.3,58.88,1.38,2.75,0.88,1.55,3.7,25.5,1.15,348.5,217.25,,27.75,0.0,
2023-03-14 17:00:00,2023-03-14 18:00:00,,139.0,0.23,14.78,8.02,116.75,5.88,0.33,60.02,1.15,2.92,0.95,1.65,3.85,32.0,2.85,342.25,116.25,,26.65,0.0,
2023-03-14 18:00:00,2023-03-14 19:00:00,,138.25,0.17,9.78,5.28,144.25,4.03,0.22,60.62,0.97,2.23,0.65,1.1,2.6,31.5,2.3,348.5,84.25,,26.1,0.0,
2023-03-14 19:00:00,2023-03-14 20:00:00,,92.0,0.2,23.77,12.72,92.7,5.45,0.43,51.95,0.9,2.1,0.58,0.93,2.2,32.75,0.48,115.0,80.0,,26.05,0.0,
2023-03-14 20:00:00,2023-03-14 21:00:00,,37.5,0.28,29.43,15.88,52.15,6.43,0.6,46.38,0.92,2.42,0.6,0.98,2.2,34.75,0.48,122.25,79.5,,25.75,0.0,
2023-03-14 21:00:00,2023-03-14 22:00:00,,40.75,,28.37,15.07,40.4,6.3,0.38,43.83,0.95,2.67,0.65,1.02,2.25,36.5,0.33,87.25,79.0,,25.5,0.0,
2023-03-14 22:00:00,2023-03-14 23:00:00,16.0,38.5,0.33,25.62,13.85,36.62,6.1,0.42,41.3,0.9,2.65,0.62,0.95,2.1,44.5,0.45,96.25,74.75,,25.15,0.0,
2023-03-14 23:00:00,2023-03-15 00:00:00,17.25,41.75,0.53,23.23,12.8,36.88,5.57,0.34,39.78,1.08,2.75,0.62,0.97,2.15,45.75,0.45,146.25,72.25,,24.9,0.0,
2023-03-15 00:00:00,2023-03-15 01:00:00,15.0,38.0,0.68,20.85,11.65,35.05,5.7,0.39,37.15,1.05,2.8,0.6,1.0,2.15,49.5,0.35,90.75,72.5,,24.58,0.0,
2023-03-15 01:00:00,2023-03-15 02:00:00,,,0.23,20.55,11.05,33.95,6.1,0.39,38.65,1.05,2.68,0.6,0.9,2.0,50.25,0.32,201.5,72.25,,24.4,0.0,
2023-03-15 02:00:00,2023-03-15 03:00:00,,,0.77,19.32,10.77,34.0,6.27,0.36,37.75,1.0,2.75,0.6,0.9,1.95,51.5,0.45,97.5,68.5,,24.25,0.0,
2023-03-15 03:00:00,2023-03-15 04:00:00,,32.0,0.62,24.43,13.48,34.02,5.88,0.43,34.2,1.07,2.62,0.6,0.83,1.82,55.25,0.32,179.25,58.0,,23.97,0.0,
2023-03-15 04:00:00,2023-03-15 05:00:00,,32.0,0.45,14.5,8.05,35.7,6.02,0.39,36.88,1.05,2.65,0.57,0.8,1.78,61.25,0.33,116.25,51.5,,23.7,0.0,
2023-03-15 05:00:00,2023-03-15 06:00:00,6.0,36.0,0.78,15.85,9.05,38.77,5.78,0.4,34.05,1.1,2.57,0.6,0.8,1.7,64.0,0.45,85.5,51.0,,23.5,0.0,
2023-03-15 06:00:00,2023-03-15 07:00:00,,37.0,1.88,24.78,14.7,38.35,6.45,0.59,34.73,1.0,2.38,0.5,0.7,1.55,62.0,0.5,134.75,67.0,,23.25,0.0,
2023-03-15 07:00:00,2023-03-15 08:00:00,,44.5,5.65,27.73,19.3,37.6,7.08,0.72,35.52,1.38,2.75,0.55,0.8,1.58,58.75,0.6,206.25,174.75,,23.57,0.0,
2023-03-15 08:00:00,2023-03-15 09:00:00,,66.0,3.88,31.55,19.93,39.02,12.5,0.86,41.05,1.38,2.85,0.6,0.8,1.6,52.75,0.85,134.75,156.25,,24.73,0.0,
2023-03-15 09:00:00,2023-03-15 10:00:00,5.0,52.0,1.52,17.02,10.28,43.67,8.53,0.59,48.45,1.4,2.95,0.65,0.93,1.75,45.5,0.93,342.0,161.25,,25.27,0.0,
2023-03-15 10:00:00,2023-03-15 11:00:00,,40.0,1.45,18.48,11.0,37.45,9.2,0.54,50.2,1.4,2.73,0.62,0.85,1.77,43.0,0.95,344.25,243.0,,25.65,0.0,
2023-03-15 11:00:00,2023-03-15 12:00:00,,40.5,0.72,11.78,6.85,36.55,7.3,0.42,56.45,1.35,2.83,0.7,1.0,1.98,35.0,0.78,269.75,339.0,,26.62,0.0,
2023-03-15 12:00:00,2023-03-15 13:00:00,,33.0,0.77,12.2,7.12,33.58,6.8,0.48,57.5,1.23,2.58,0.65,0.97,2.17,28.75,0.83,74.25,299.25,,27.45,0.0,
2023-03-15 13:00:00,2023-03-15 14:00:00,,,0.75,9.2,5.5,31.1,6.88,0.38,59.08,1.12,2.62,0.7,1.18,2.62,24.75,0.85,65.25,320.5,,27.82,0.0,
2023-03-15 14:00:00,2023-03-15 15:00:00,,25.0,0.77,13.48,7.83,24.12,6.77,0.4,58.32,1.0,2.47,0.73,1.32,3.05,24.0,0.8,128.5,214.0,,28.12,0.0,
2023-03-15 15:00:00,2023-03-15 16:00:00,,30.0,0.65,17.12,9.65,20.43,7.35,,56.1,0.8,2.52,0.78,1.45,3.35,23.25,0.53,176.0,99.0,,28.0,0.0,
2023-03-15 16:00:00,2023-03-15 17:00:00,8.0,31.25,1.85,28.35,16.58,19.42,5.8,,49.28,0.9,2.83,0.95,1.73,3.8,25.25,1.0,183.0,104.75,,27.38,0.0,
2023-03-15 17:00:00,2023-03-15 18:00:00,,44.0,0.95,24.88,14.0,21.85,5.4,0.57,50.28,0.85,3.17,1.0,1.75,3.78,27.75,1.1,187.25,103.25,,27.05,0.0,
2023-03-15 18:00:00,2023-03-15 19:00:00,,39.0,0.65,32.58,17.88,21.2,6.58,0.78,45.65,0.93,3.85,1.1,2.0,3.88,30.0,0.67,138.25,90.0,,26.67,0.0,
2023-03-15 19:00:00,2023-03-15 20:00:00,,44.75,0.55,36.17,19.68,24.55,6.15,0.87,41.1,1.0,4.23,1.07,1.95,3.7,33.5,0.3,118.75,81.5,,26.12,0.0,
2023-03-15 20:00:00,2023-03-15 21:00:00,20.0,41.25,1.75,47.15,26.5,22.57,6.6,0.97,35.85,1.9,4.35,1.05,1.82,3.45,38.0,0.4,111.75,55.75,,25.77,0.0,
2023-03-15 21:00:00,2023-03-15 22:00:00,22.0,42.75,0.75,33.6,18.48,24.45,6.72,0.76,38.88,1.93,4.05,0.92,1.58,3.0,40.0,0.22,190.75,79.0,,25.45,0.0,
2023-03-15 22:00:00,2023-03-15 23:00:00,9.0,47.0,1.6,31.47,18.02,25.27,6.2,0.83,34.23,2.0,4.22,0.95,1.6,2.98,48.0,0.33,140.5,78.25,,25.0,0.0,
2023-03-15 23:00:00,2023-03-16 00:00:00,,48.5,2.08,33.58,19.57,29.95,6.6,0.63,32.05,1.82,3.95,0.9,1.45,2.83,50.5,0.25,137.0,25.0,,24.8,0.0,
2023-03-16 00:00:00,2023-03-16 01:00:00,,38.25,1.07,19.77,11.43,35.28,5.95,0.48,33.17,1.73,3.95,0.88,1.45,2.73,54.0,0.4,135.5,54.0,,24.38,0.0,
2023-03-16 01:00:00,2023-03-16 02:00:00,,32.5,0.33,21.25,11.57,34.65,6.28,0.43,34.4,1.65,3.6,0.78,1.3,2.48,51.75,0.35,129.75,56.5,,24.37,0.0,
2023-03-16 02:00:00,2023-03-16 03:00:00,,32.25,0.2,18.62,10.0,33.65,6.12,0.43,32.95,1.77,3.5,0.73,1.23,2.33,53.25,0.55,287.5,54.25,,24.3,0.0,
2023-03-16 03:00:00,2023-03-16 04:00:00,,26.25,0.6,16.68,9.1,33.92,5.85,0.42,34.38,1.57,3.33,0.73,1.12,2.23,56.25,0.52,202.25,49.0,,24.08,0.0,
2023-03-16 04:00:00,2023-03-16 05:00:00,,27.25,1.0,16.4,9.53,37.15,6.05,0.39,32.58,1.3,3.17,0.7,1.08,2.08,58.25,0.62,97.75,6.0,,23.9,0.0,
2023-03-16 05:00:00,2023-03-16 06:00:00,22.0,27.75,1.15,18.6,10.8,36.48,6.03,0.42,33.68,1.2,3.0,0.62,1.0,2.02,56.25,0.42,124.5,4.75,,23.8,0.0,
2023-03-16 06:00:00,2023-03-16 07:00:00,,31.5,3.37,26.52,16.88,34.78,6.17,0.7,31.17,1.35,3.07,0.62,1.0,1.95,59.5,0.48,221.75,15.67,,23.57,0.0,
2023-03-16 07:00:00,2023-03-16 08:00:00,,50.25,6.45,31.92,22.23,35.58,7.1,0.85,33.4,1.5,3.45,0.73,1.05,2.0,59.75,0.52,141.25,48.5,,23.75,0.0,
2023-03-16 08:00:00,2023-03-16 09:00:00,,64.75,8.5,42.37,29.45,39.38,8.75,1.1,36.7,1.8,3.57,0.72,1.12,2.03,57.5,0.4,68.0,89.0,,24.35,0.0,
2023-03-16 09:00:00,2023-03-16 10:00:00,7.0,66.5,3.88,21.57,14.62,44.85,9.65,0.71,41.83,1.85,3.7,0.75,1.18,2.05,54.0,0.57,46.0,130.75,,24.82,0.0,
2023-03-16 10:00:00,2023-03-16 11:00:00,8.0,56.25,0.85,9.47,5.72,42.95,8.93,0.38,49.2,1.62,3.25,0.7,1.0,2.0,39.75,0.82,275.75,155.25,,25.57,0.0,
2023-03-16 11:00:00,2023-03-16 12:00:00,,38.0,6.42,24.92,18.5,32.57,9.6,0.49,48.5,1.5,3.2,0.72,1.15,2.33,37.75,0.53,160.75,126.25,,26.0,0.0,
2023-03-16 12:00:00,2023-03-16 13:00:00,,40.0,1.07,14.77,8.7,31.05,9.45,0.48,52.35,1.4,3.03,0.73,1.2,2.42,36.5,0.53,267.75,140.0,,26.2,0.0,
2023-03-16 13:00:00,2023-03-16 14:00:00,,36.5,1.1,19.38,10.97,26.0,9.82,0.53,54.92,1.3,2.85,0.72,1.22,2.6,33.75,0.6,192.0,161.5,,26.68,0.0,
2023-03-16 14:00:00,2023-03-16 15:00:00,,39.5,2.25,28.57,17.05,25.5,8.72,0.56,51.35,1.33,2.98,0.82,1.38,3.0,35.25,0.85,220.25,145.75,,26.65,0.0,
2023-03-16 15:00:00,2023-03-16 16:00:00,,43.75,0.62,15.02,8.52,27.05,8.38,0.63,54.35,1.33,3.25,0.95,1.52,3.33,36.75,0.85,300.75,94.5,,26.6,0.0,
2023-03-16 16:00:00,2023-03-16 17:00:00,,43.25,0.3,12.17,6.55,27.3,8.38,0.55,53.37,1.23,2.93,0.85,1.45,3.25,37.0,0.55,228.25,104.0,,26.52,0.0,
2023-03-16 17:00:00,2023-03-16 18:00:00,,43.75,0.33,29.9,16.18,25.25,7.4,0.72,47.12,1.22,3.15,0.97,1.58,3.42,40.5,0.28,209.5,95.75,,26.33,0.0,
2023-03-16 18:00:00,2023-03-16 19:00:00,2.0,43.0,0.62,33.38,18.25,27.6,8.22,0.94,43.05,1.38,3.55,1.08,1.73,3.67,47.0,0.5,89.0,90.25,,25.82,0.0,
2023-03-16 19:00:00,2023-03-16 20:00:00,3.0,49.0,0.48,21.3,11.7,30.5,8.07,0.68,49.48,1.55,4.2,1.1,1.9,3.62,49.0,0.95,115.5,83.25,,25.62,0.0,
2023-03-16 20:00:00,2023-03-16 21:00:00,,47.75,0.55,27.35,14.98,28.72,8.15,0.68,44.18,1.45,3.62,0.97,1.6,3.3,49.5,0.5,100.75,49.5,,25.5,0.0,
2023-03-16 21:00:00,2023-03-16 22:00:00,,42.0,0.4,20.98,11.5,26.27,8.6,0.6,44.7,1.4,3.5,0.92,1.48,3.02,51.0,0.65,118.25,21.5,,25.3,0.0,
2023-03-16 22:00:00,2023-03-16 23:00:00,5.0,41.75,0.38,22.55,12.32,25.4,8.35,0.61,41.3,1.4,3.48,0.9,1.4,2.95,53.25,0.62,216.0,12.0,,25.1,0.0,
2023-03-16 23:00:00,2023-03-17 00:00:00,6.0,41.0,,10.72,5.55,27.05,8.02,0.49,45.55,1.6,3.35,0.88,1.32,2.77,56.0,0.55,262.75,10.75,,24.78,0.0,
2023-03-17 00:00:00,2023-03-17 01:00:00,,42.0,0.3,14.7,7.97,27.88,7.52,0.47,42.28,1.33,3.17,0.8,1.25,2.62,60.75,0.3,127.25,45.0,,24.43,0.0,
2023-03-17 01:00:00,2023-03-17 02:00:00,,42.0,0.25,18.7,10.0,29.85,6.65,0.49,40.03,1.3,3.25,0.8,1.23,2.58,64.75,0.35,249.0,55.0,,24.05,0.0,
2023-03-17 02:00:00,2023-03-17 03:00:00,,41.25,0.18,15.3,8.28,31.25,6.6,0.52,40.8,1.3,3.2,0.73,1.17,2.4,67.0,0.55,115.5,52.0,,23.88,0.0,
2023-03-17 03:00:00,2023-03-17 04:00:00,,38.5,0.38,13.25,7.35,34.9,7.0,0.43,40.73,1.23,3.08,0.7,1.08,2.25,68.25,0.55,92.5,51.0,,23.7,0.0,
2023-03-17 04:00:00,2023-03-17 05:00:00,,36.0,0.2,16.12,8.67,37.98,7.08,0.43,40.4,1.2,3.0,0.7,1.0,2.2,67.5,0.35,73.25,17.33,,23.72,0.0,
2023-03-17 05:00:00,2023-03-17 06:00:00,,33.5,0.65,16.7,9.12,36.62,7.22,0.47,41.25,1.12,2.93,0.7,1.0,2.05,66.0,0.35,101.5,3.5,,23.82,0.0,
2023-03-17 06:00:00,2023-03-17 07:00:00,27.0,37.0,1.35,24.85,14.3,34.48,7.18,0.55,37.05,1.18,2.98,0.7,1.0,2.05,65.25,0.3,165.75,6.0,,23.55,0.0,
2023-03-17 07:00:00,2023-03-17 08:00:00,29.0,47.5,4.9,35.67,22.95,34.9,8.23,0.97,39.77,1.3,3.17,0.72,1.05,2.1,61.75,0.25,49.5,56.75,,23.88,0.0,
2023-03-17 08:00:00,2023-03-17 09:00:00,,59.0,1.6,16.02,9.83,36.83,9.78,0.72,48.05,1.38,3.38,0.73,1.05,2.17,54.25,0.45,116.5,96.25,,24.72,0.0,
2023-03-17 09:00:00,2023-03-17 10:00:00,32.0,45.0,0.65,14.95,8.48,40.7,10.95,0.59,55.15,1.4,3.28,0.7,1.05,2.23,51.0,0.97,181.5,170.25,,25.18,0.0,
2023-03-17 10:00:00,2023-03-17 11:00:00,29.0,45.5,0.65,12.4,7.1,40.48,10.1,0.58,60.65,1.4,3.23,0.73,1.1,2.35,47.25,1.38,343.25,254.0,,25.55,0.0,
2023-03-17 11:00:00,2023-03-17 12:00:00,,45.25,0.55,11.27,6.42,37.8,9.38,0.55,65.78,1.4,3.08,0.73,1.08,2.38,43.0,1.6,343.5,292.0,,25.77,0.0,
2023-03-17 12:00:00,2023-03-17 13:00:00,,39.75,0.45,10.47,5.95,33.98,9.6,0.52,68.55,1.45,2.88,0.7,1.02,2.33,40.0,1.58,346.75,302.25,,26.15,0.0,
2023-03-17 13:00:00,2023-03-17 14:00:00,,42.25,0.3,11.25,6.27,30.75,11.1,0.55,71.32,1.52,2.8,0.7,1.0,2.35,40.0,1.58,53.75,243.5,,26.48,0.0,
2023-03-17 14:00:00,2023-03-17 15:00:00,,51.25,0.17,12.02,6.5,30.45,10.85,0.54,76.5,1.68,2.7,0.7,1.02,2.55,39.75,1.5,104.0,206.0,,26.52,0.0,
2023-03-17 15:00:00,2023-03-17 16:00:00,,44.25,0.3,10.9,5.95,27.75,8.85,0.45,74.48,1.62,2.6,0.7,1.08,2.57,39.5,1.73,65.75,160.75,,26.5,0.0,
2023-03-17 16:00:00,2023-03-17 17:00:00,,38.75,0.23,11.95,6.5,25.7,8.03,0.43,71.9,1.4,2.35,0.68,1.02,2.68,40.25,1.48,82.0,120.25,,26.48,0.0,
2023-03-17 17:00:00,2023-03-17 18:00:00,,42.0,0.45,13.47,7.53,26.2,8.55,0.47,69.88,1.28,2.3,0.7,1.15,2.8,44.25,1.7,91.25,102.25,,26.1,0.0,
2023-03-17 18:00:00,2023-03-17 19:00:00,,43.0,0.33,16.15,8.8,24.57,8.22,0.5,64.55,1.18,2.27,0.7,1.1,2.65,48.75,1.35,84.25,90.75,,25.62,0.0,
2023-03-17 19:00:00,2023-03-17 20:00:00,,36.5,0.1,16.45,8.72,23.43,7.92,0.5,64.7,1.1,2.2,0.62,1.05,2.6,54.25,1.52,96.5,88.0,,25.42,0.0,
2023-03-17 20:00:00,2023-03-17 21:00:00,,39.25,,14.43,7.6,22.48,7.5,0.46,60.12,1.1,2.12,0.6,1.0,2.35,57.25,1.93,177.75,57.0,,25.03,0.0,
2023-03-17 21:00:00,2023-03-17 22:00:00,1.0,42.0,0.13,8.23,4.47,19.22,6.12,0.32,55.18,0.97,1.75,0.47,0.72,1.82,85.5,2.75,295.0,21.67,,22.88,0.0,
2023-03-17 22:00:00,2023-03-17 23:00:00,,36.5,0.17,11.75,6.38,19.05,6.08,0.29,48.7,0.75,1.38,0.3,0.5,1.27,89.5,1.62,136.25,2.5,,22.85,0.0,
2023-03-17 23:00:00,2023-03-18 00:00:00,,27.25,0.23,8.62,4.67,22.12,6.35,0.25,50.93,0.67,1.3,0.3,0.5,1.23,86.0,1.3,176.75,3.5,,23.0,0.0,
2023-03-18 00:00:00,2023-03-18 01:00:00,,24.0,0.35,7.88,4.45,28.73,6.08,0.25,47.92,0.6,1.3,0.3,0.47,1.23,85.0,1.27,126.0,17.5,,23.08,0.0,
2023-03-18 01:00:00,2023-03-18 02:00:00,,22.0,0.3,8.7,4.88,32.23,6.18,0.23,47.72,0.5,1.3,0.3,0.5,1.2,84.25,0.85,138.5,46.25,,23.05,0.0,
2023-03-18 02:00:00,2023-03-18 03:00:00,,24.25,0.47,9.45,5.42,31.4,6.53,0.23,44.98,0.5,1.38,0.3,0.5,1.15,83.0,0.45,145.75,47.5,,23.18,0.0,
2023-03-18 03:00:00,2023-03-18 04:00:00,17.0,21.5,0.3,9.35,5.22,29.38,6.22,0.24,42.62,0.47,1.4,0.3,0.5,1.1,86.0,0.62,295.5,45.5,,23.02,0.0,
2023-03-18 04:00:00,2023-03-18 05:00:00,17.0,20.0,0.25,6.72,3.77,28.62,6.33,0.24,43.23,0.43,1.35,0.45,0.33,1.02,88.0,0.78,299.75,25.25,,22.82,0.0,
2023-03-18 05:00:00,2023-03-18 06:00:00,,21.0,0.38,9.22,5.22,29.02,6.43,0.3,43.72,0.47,1.32,0.3,0.4,1.0,88.75,0.62,195.25,,,22.8,0.0,
2023-03-18 06:00:00,2023-03-18 07:00:00,,24.75,1.05,15.78,9.23,28.33,6.35,0.42,38.08,0.53,1.4,0.3,0.4,1.0,90.25,0.5,172.75,10.0,,22.55,0.0,
2023-03-18 07:00:00,2023-03-18 08:00:00,,24.75,3.1,17.75,11.95,27.88,6.32,0.44,35.9,0.68,1.55,0.3,0.45,1.0,87.75,0.7,109.5,62.0,,22.77,0.0,
2023-03-18 08:00:00,2023-03-18 09:00:00,,,,,,,,,,,,,,,,,,,,,,
2023-03-18 09:00:00,2023-03-18 10:00:00,,,1.2,13.0,2.63,20.6,,0.0,42.3,0.2,0.4,,0.1,,61.0,0.6,127.0,447.0,,24.35,0.0,
2023-03-18 10:00:00,2023-03-18 11:00:00,,,2.2,15.72,10.15,32.33,5.35,0.58,52.47,0.55,1.72,0.3,0.53,1.12,56.25,0.8,127.5,483.25,,24.6,0.0,
2023-03-18 11:00:00,2023-03-18 12:00:00,,24.25,1.25,12.92,7.93,35.05,7.8,0.55,58.75,0.6,1.77,0.38,0.6,1.27,50.5,0.65,147.25,322.0,,25.05,0.0,
2023-03-18 12:00:00,2023-03-18 13:00:00,,15.25,1.15,11.72,7.18,34.22,11.75,0.53,63.6,0.68,1.82,0.4,0.65,1.45,47.5,0.93,259.5,247.0,,25.35,0.0,
2023-03-18 13:00:00,2023-03-18 14:00:00,,18.0,0.9,13.12,7.72,29.62,15.3,0.58,67.17,0.6,1.7,0.4,0.65,1.55,46.0,0.9,170.25,216.0,,25.65,0.0,
2023-03-18 14:00:00,2023-03-18 15:00:00,,22.25,1.28,18.3,10.77,27.8,16.68,0.68,68.62,0.65,2.2,0.5,0.85,1.93,45.75,0.85,197.5,175.0,,25.8,0.0,
2023-03-18 15:00:00,2023-03-18 16:00:00,,25.25,0.53,10.4,6.0,28.8,14.65,0.57,71.38,0.65,1.85,0.53,0.85,2.1,44.75,1.0,276.0,133.75,,25.9,0.0,
2023-03-18 16:00:00,2023-03-18 17:00:00,,22.5,0.3,9.12,5.08,28.95,12.12,0.62,71.85,0.6,1.8,0.5,0.9,2.27,45.75,0.82,312.25,94.75,,25.85,0.0,
2023-03-18 17:00:00,2023-03-18 18:00:00,,23.75,0.15,12.22,6.65,28.72,9.23,0.66,68.78,0.6,1.82,0.53,0.92,2.4,47.5,0.8,324.75,99.75,,26.02,0.0,
2023-03-18 18:00:00,2023-03-18 19:00:00,,27.0,0.35,24.9,13.55,26.17,7.47,0.92,59.8,0.6,2.12,0.65,1.05,2.55,54.75,0.6,183.75,89.25,,25.62,0.0,
2023-03-18 19:00:00,2023-03-18 20:00:00,,40.75,0.78,43.38,23.7,24.23,7.22,1.08,51.08,0.7,2.72,0.77,1.27,2.7,59.75,0.5,95.0,82.0,,25.2,0.0,
2023-03-18 20:00:00,2023-03-18 21:00:00,,41.5,1.05,32.17,18.0,23.8,6.65,0.89,49.0,0.73,2.72,0.78,1.23,2.55,65.25,0.53,100.0,62.75,,24.85,0.0,
2023-03-18 21:00:00,2023-03-18 22:00:00,,36.25,0.82,26.05,14.5,23.0,5.6,0.74,47.92,0.7,2.45,0.7,1.02,2.23,71.0,0.45,73.5,60.75,,24.58,0.0,
2023-03-18 22:00:00,2023-03-18 23:00:00,,34.5,0.57,22.1,12.23,24.7,5.55,0.74,45.92,0.7,2.3,0.7,1.0,2.1,75.75,0.55,83.75,10.25,,24.25,0.0,
2023-03-18 23:00:00,2023-03-19 00:00:00,,37.25,0.62,21.6,12.0,28.25,5.7,0.69,46.4,0.72,2.3,0.7,0.97,2.08,78.0,0.65,103.75,7.5,,24.12,0.0,
2023-03-19 00:00:00,2023-03-19 01:00:00,,41.0,0.48,17.35,9.6,31.88,6.95,0.56,48.5,0.8,2.3,0.7,0.95,2.0,82.25,0.75,94.5,13.75,,23.98,0.0,
2023-03-19 01:00:00,2023-03-19 02:00:00,13.0,41.5,0.5,17.0,9.45,34.12,7.35,0.57,43.5,0.8,2.32,0.68,0.9,1.92,86.0,0.65,104.5,52.0,,23.82,0.0,
2023-03-19 02:00:00,2023-03-19 03:00:00,,44.25,0.88,17.1,9.8,36.27,7.5,0.61,42.8,0.83,2.3,0.6,0.85,1.85,88.5,0.67,90.5,56.0,,23.75,0.0,
2023-03-19 03:00:00,2023-03-19 04:00:00,,47.75,0.8,15.8,9.05,37.65,7.5,0.64,41.8,0.93,2.3,0.6,0.8,1.7,90.75,0.7,88.75,54.5,,23.58,0.0,
2023-03-19 04:00:00,2023-03-19 05:00:00,,48.0,1.45,17.45,10.45,38.1,7.67,0.66,39.0,1.0,2.27,0.62,0.78,1.62,92.5,0.58,112.0,45.25,,23.4,0.0,
2023-03-19 05:00:00,2023-03-19 06:00:00,,51.5,1.38,17.33,10.35,38.88,7.35,0.73,39.3,1.1,2.35,1.07,0.35,1.6,93.25,0.47,129.75,13.5,,23.3,0.0,
2023-03-19 06:00:00,2023-03-19 07:00:00,,52.5,2.58,18.62,11.97,37.6,7.62,0.79,38.17,1.32,2.45,0.6,0.73,1.6,93.5,0.68,107.25,29.25,,23.15,0.0,
2023-03-19 07:00:00,2023-03-19 08:00:00,,53.5,2.65,18.73,12.15,37.67,7.88,0.85,39.9,1.4,2.55,0.6,0.73,1.58,92.0,0.88,63.33,69.0,,23.15,0.0,
2023-03-19 08:00:00,2023-03-19 09:00:00,,61.0,2.62,16.6,10.98,38.98,7.8,0.8,41.95,1.48,2.52,0.6,0.7,1.5,86.5,1.43,89.0,124.0,,23.55,0.0,
2023-03-19 09:00:00,2023-03-19 10:00:00,,55.25,3.12,15.98,11.0,42.88,9.07,0.69,49.02,1.6,2.58,0.6,0.73,1.55,76.25,1.67,93.5,191.0,,23.98,0.0,
2023-03-19 10:00:00,2023-03-19 11:00:00,,48.0,1.97,14.33,9.25,42.0,10.55,0.59,54.6,1.52,2.5,0.58,0.72,1.55,67.0,1.43,90.0,235.0,,24.45,0.0,
2023-03-19 11:00:00,2023-03-19 12:00:00,,41.5,1.1,11.95,7.25,38.38,10.43,0.5,59.83,1.45,2.6,0.58,0.77,1.58,60.0,1.27,69.75,301.5,,24.9,0.0,
2023-03-19 12:00:00,2023-03-19 13:00:00,,32.75,1.45,14.38,8.8,35.38,10.67,0.53,62.1,1.32,2.38,0.53,0.75,1.65,55.5,1.27,103.25,284.75,,25.35,0.0,
2023-03-19 13:00:00,2023-03-19 14:00:00,,32.5,0.95,12.72,7.5,32.05,10.65,0.47,64.77,1.28,2.53,0.47,0.85,1.85,52.0,1.07,91.75,246.5,,25.85,0.0,
2023-03-19 14:00:00,2023-03-19 15:00:00,,33.25,1.23,17.02,10.05,29.53,10.22,0.52,64.38,1.15,2.3,0.6,0.93,2.02,50.0,1.17,109.0,173.0,,26.05,0.0,
2023-03-19 15:00:00,2023-03-19 16:00:00,,31.5,1.45,24.07,13.97,27.45,10.18,0.67,60.12,1.1,2.38,0.68,1.02,2.35,53.0,1.15,137.75,97.5,,25.9,0.0,
2023-03-19 16:00:00,2023-03-19 17:00:00,,34.0,2.35,30.98,18.4,23.9,8.52,0.65,55.2,1.1,2.58,0.73,1.12,2.43,57.75,1.0,184.25,59.75,,25.48,0.0,
2023-03-19 17:00:00,2023-03-19 18:00:00,,38.0,1.07,18.98,10.95,27.25,7.97,0.58,53.85,1.08,2.58,0.7,1.07,2.33,62.75,2.3,314.25,74.75,,24.52,0.0,
2023-03-19 18:00:00,2023-03-19 19:00:00,,39.25,0.33,12.38,6.83,24.93,8.12,0.38,54.32,0.85,2.0,0.53,0.8,1.8,68.5,1.98,350.25,74.5,,23.7,0.0,
2023-03-19 19:00:00,2023-03-19 20:00:00,,29.0,0.77,14.88,8.55,23.32,8.5,0.4,50.25,0.73,1.73,0.4,0.65,1.4,68.5,1.12,72.75,65.25,,23.57,0.0,
2023-03-19 20:00:00,2023-03-19 21:00:00,,24.75,0.5,13.45,7.52,21.95,8.72,0.34,52.55,0.62,1.65,0.4,0.65,1.32,62.75,1.07,131.25,59.0,,23.87,0.0,
2023-03-19 21:00:00,2023-03-19 22:00:00,,19.75,0.4,13.35,7.28,20.3,8.98,0.36,49.42,0.65,1.55,0.4,0.6,1.3,66.75,1.15,275.75,15.25,,23.77,0.0,
2023-03-19 22:00:00,2023-03-19 23:00:00,,20.5,0.57,19.7,10.95,19.15,8.65,0.38,45.22,0.6,1.48,0.32,0.5,1.18,65.75,0.8,193.5,12.5,,23.88,0.0,
2023-03-19 23:00:00,2023-03-20 00:00:00,,22.75,1.23,15.88,9.43,18.23,9.05,0.34,44.55,0.5,1.5,0.38,0.53,1.23,71.5,0.77,140.25,12.25,,23.73,0.0,
2023-03-20 00:00:00,2023-03-20 01:00:00,,16.75,0.65,12.15,6.97,18.2,8.8,0.33,43.38,0.5,1.42,0.33,0.5,1.17,75.75,0.6,189.75,11.5,,23.52,0.0,
2023-03-20 01:00:00,2023-03-20 02:00:00,,22.0,,9.55,5.1,18.27,9.05,0.32,43.42,0.45,1.4,0.3,0.5,1.12,77.75,0.78,300.75,45.75,,23.4,0.0,
2023-03-20 02:00:00,2023-03-20 03:00:00,,19.0,0.4,8.95,5.0,19.55,9.6,0.28,40.4,0.4,1.37,0.3,0.45,1.0,81.0,0.88,285.25,52.75,,23.17,0.0,
2023-03-20 03:00:00,2023-03-20 04:00:00,,18.75,0.43,10.55,5.95,21.43,9.6,0.29,39.17,0.4,1.3,0.3,0.4,1.0,82.0,0.75,292.0,51.0,,23.1,0.0,
2023-03-20 04:00:00,2023-03-20 05:00:00,,17.75,0.5,9.3,5.35,21.88,9.47,0.3,41.33,0.4,1.25,0.3,0.4,0.9,82.25,1.0,285.0,50.25,,23.1,0.0,
2023-03-20 05:00:00,2023-03-20 06:00:00,6.0,17.5,0.38,8.53,4.83,22.67,9.4,0.33,42.42,0.4,1.2,0.22,0.4,0.88,83.75,0.85,299.75,15.0,,23.1,0.0,
2023-03-20 06:00:00,2023-03-20 07:00:00,,19.75,0.43,9.2,5.15,23.6,9.4,0.37,41.65,0.4,1.2,0.3,0.3,0.85,82.5,0.33,251.25,24.5,,22.88,0.0,
2023-03-20 07:00:00,2023-03-20 08:00:00,,23.5,1.12,18.2,10.58,23.45,9.75,0.53,40.92,0.43,1.3,0.3,0.38,0.9,80.5,0.83,184.0,55.5,,23.08,0.0,
2023-03-20 08:00:00,2023-03-20 09:00:00,,27.5,1.62,15.2,9.45,24.1,9.8,0.5,43.6,0.43,1.4,0.3,0.4,0.9,72.5,1.0,338.75,127.5,,23.6,0.0,
2023-03-20 09:00:00,2023-03-20 10:00:00,,26.0,0.65,9.7,5.73,26.55,10.25,0.4,51.62,0.5,1.45,0.3,0.4,1.0,64.5,0.98,309.5,146.25,,24.25,0.0,
2023-03-20 10:00:00,2023-03-20 11:00:00,,24.75,0.43,9.6,5.47,26.38,10.75,0.39,51.08,0.5,1.4,0.3,0.4,1.0,62.75,0.75,282.5,86.25,,24.55,0.0,
2023-03-20 11:00:00,2023-03-20 12:00:00,,21.25,0.65,11.02,6.4,25.82,10.48,0.41,51.03,0.47,1.4,0.3,0.4,1.0,63.0,0.88,288.5,138.25,,24.5,0.0,
2023-03-20 12:00:00,2023-03-20 13:00:00,,21.75,0.62,10.6,6.13,25.15,10.9,0.36,53.55,0.47,1.6,0.32,0.47,1.07,60.25,1.03,271.75,138.5,,24.73,0.0,
2023-03-20 13:00:00,2023-03-20 14:00:00,,21.5,0.82,12.57,7.35,23.58,10.82,0.4,51.73,0.43,1.42,0.3,0.45,1.12,63.5,0.88,265.75,122.75,,24.65,0.0,
2023-03-20 14:00:00,2023-03-20 15:00:00,,22.75,1.18,11.3,7.0,23.62,11.35,0.36,52.95,0.45,1.68,0.3,0.45,1.15,55.75,1.08,269.25,204.25,,25.07,0.0,
2023-03-20 15:00:00,2023-03-20 16:00:00,4.5,21.75,0.88,9.28,5.65,23.1,10.82,0.32,55.9,0.4,2.03,0.3,0.5,1.27,50.5,0.93,280.75,158.25,,25.35,0.0,
2023-03-20 16:00:00,2023-03-20 17:00:00,6.25,20.75,0.55,8.72,5.08,23.23,9.43,0.31,55.85,0.4,2.4,0.38,0.53,1.45,47.75,0.97,302.5,102.75,,25.48,0.0,
2023-03-20 17:00:00,2023-03-20 18:00:00,4.5,22.0,1.05,20.05,11.52,22.53,8.85,0.46,51.12,0.43,2.55,0.38,0.55,1.6,53.25,0.82,246.75,81.0,,25.27,0.0,
2023-03-20 18:00:00,2023-03-20 19:00:00,9.0,29.25,1.9,23.1,13.85,22.5,8.85,0.51,50.12,0.5,2.4,0.43,0.75,1.8,63.0,1.35,97.25,87.25,,24.5,0.0,
2023-03-20 19:00:00,2023-03-20 20:00:00,9.25,33.0,1.38,21.92,12.78,20.32,9.3,0.49,47.92,0.45,1.82,0.4,0.68,1.55,68.75,1.0,100.5,78.0,,23.95,0.0,
2023-03-20 20:00:00,2023-03-20 21:00:00,10.75,28.5,1.65,24.4,14.32,18.4,9.73,0.5,44.0,0.47,1.82,0.4,0.65,1.45,74.25,0.73,102.25,70.0,,23.6,0.0,
2023-03-20 21:00:00,2023-03-20 22:00:00,14.25,25.5,1.12,21.48,12.33,17.5,10.05,0.46,42.47,0.5,1.82,0.4,0.6,1.35,75.5,0.73,94.5,84.25,,23.5,0.0,
2023-03-20 22:00:00,2023-03-20 23:00:00,14.0,24.5,1.3,23.1,13.32,16.92,10.1,0.46,41.48,0.5,1.73,0.33,0.53,1.23,77.75,0.65,115.5,94.0,,23.52,0.0,
2023-03-20 23:00:00,2023-03-21 00:00:00,10.75,28.75,0.95,21.12,12.02,17.93,9.58,0.45,41.38,0.5,1.73,0.33,0.5,1.17,81.0,0.42,129.0,93.75,,23.48,0.0,
2023-03-21 00:00:00,2023-03-21 01:00:00,13.5,27.5,1.45,20.3,11.98,18.15,5.6,0.42,40.67,0.53,1.73,0.33,0.5,1.15,82.25,0.55,96.25,93.25,,23.42,0.0,
2023-03-21 01:00:00,2023-03-21 02:00:00,13.75,28.5,1.18,22.0,12.62,18.48,5.05,0.43,36.4,0.58,1.68,0.3,0.45,1.1,86.5,0.52,185.75,93.0,,23.2,0.0,
2023-03-21 02:00:00,2023-03-21 03:00:00,8.5,27.25,0.77,18.3,10.35,20.1,4.83,0.45,34.67,0.6,1.67,0.3,0.4,1.0,89.5,0.65,319.75,83.75,,22.82,0.0,
2023-03-21 03:00:00,2023-03-21 04:00:00,5.25,27.25,0.75,13.97,8.03,22.18,4.72,0.46,33.73,0.6,1.62,0.3,0.4,0.92,92.25,0.6,295.5,77.0,,22.62,0.0,
2023-03-21 04:00:00,2023-03-21 05:00:00,8.75,26.0,1.15,12.88,7.78,23.25,5.17,0.49,30.18,0.67,1.52,0.3,0.38,0.8,95.0,0.57,286.25,61.0,,22.32,0.0,
2023-03-21 05:00:00,2023-03-21 06:00:00,9.0,28.75,0.95,10.6,6.43,24.17,5.3,0.66,32.7,0.97,1.57,0.22,0.32,0.77,97.5,0.6,305.25,22.75,,22.2,0.0,
2023-03-21 06:00:00,2023-03-21 07:00:00,12.25,27.75,1.25,12.3,7.55,24.85,5.15,0.6,33.48,1.18,1.58,0.3,0.3,0.7,98.0,0.35,233.0,17.0,,22.1,0.0,
2023-03-21 07:00:00,2023-03-21 08:00:00,12.5,27.75,2.33,14.82,9.8,24.3,5.2,0.62,34.55,1.27,1.58,0.3,0.3,0.7,98.0,0.53,254.5,68.5,,22.13,0.0,
2023-03-21 08:00:00,2023-03-21 09:00:00,11.0,30.5,1.98,12.58,8.28,24.83,5.25,0.58,36.6,1.38,1.65,0.3,0.3,0.7,92.0,0.9,297.75,134.25,,22.6,0.0,
2023-03-21 09:00:00,2023-03-21 10:00:00,,30.0,1.27,10.7,6.72,26.9,5.45,0.48,45.62,1.3,1.55,0.3,0.3,0.7,74.5,1.1,296.25,235.75,,23.7,0.0,
2023-03-21 10:00:00,2023-03-21 11:00:00,9.25,24.0,0.95,11.0,6.62,30.73,7.05,0.43,50.62,1.15,1.45,0.3,0.3,0.73,66.0,1.4,295.0,304.5,,24.43,0.0,
2023-03-21 11:00:00,2023-03-21 12:00:00,9.0,25.5,0.8,10.57,6.3,32.65,7.2,0.4,54.23,1.1,1.37,0.3,0.3,0.82,58.5,1.5,297.25,525.0,,24.82,0.0,
2023-03-21 12:00:00,2023-03-21 13:00:00,6.5,21.75,0.65,10.38,6.05,30.75,6.1,0.41,56.62,0.93,1.65,0.22,0.3,0.85,51.25,1.35,244.75,424.0,,25.25,0.0,
2023-03-21 13:00:00,2023-03-21 14:00:00,9.0,23.5,0.95,11.0,6.62,28.92,5.83,0.42,58.7,0.88,1.62,0.28,0.32,0.93,47.0,1.45,339.5,465.25,,25.5,0.0,
2023-03-21 14:00:00,2023-03-21 15:00:00,11.5,20.5,0.85,11.8,6.95,26.18,5.47,0.43,60.17,0.83,1.93,0.3,0.35,1.08,45.75,1.48,335.5,390.25,,25.77,0.0,
2023-03-21 15:00:00,2023-03-21 16:00:00,11.5,19.0,0.97,13.78,8.15,24.07,4.6,0.39,60.95,0.78,2.12,0.3,0.4,1.18,43.75,1.0,105.5,272.0,,25.9,0.0,
2023-03-21 16:00:00,2023-03-21 17:00:00,14.25,17.0,0.85,15.2,8.75,22.85,4.95,0.48,60.8,0.75,2.35,0.33,0.5,1.52,52.25,1.37,351.75,209.5,,25.75,0.0,
2023-03-21 17:00:00,2023-03-21 18:00:00,15.0,20.0,0.55,16.95,9.48,22.95,5.08,0.51,58.7,0.75,2.35,0.32,0.5,1.4,57.75,1.05,67.75,135.5,,25.4,0.0,
2023-03-21 18:00:00,2023-03-21 19:00:00,16.0,32.0,0.47,22.15,12.18,23.28,4.95,0.64,56.4,0.77,2.45,0.4,0.55,1.5,62.5,0.72,70.25,82.25,,24.88,0.0,
2023-03-21 19:00:00,2023-03-21 20:00:00,16.75,34.5,0.85,28.62,15.87,22.8,5.67,0.7,51.2,0.88,2.02,0.45,0.62,1.48,66.0,0.7,93.75,78.0,,24.55,0.0,
2023-03-21 20:00:00,2023-03-21 21:00:00,23.25,39.5,0.7,27.9,15.4,21.48,6.28,0.69,50.62,0.9,1.95,0.43,0.65,1.42,68.75,0.67,109.75,78.0,,24.3,0.0,
2023-03-21 21:00:00,2023-03-21 22:00:00,24.75,37.5,1.62,28.35,16.4,21.05,6.15,0.62,46.45,0.97,1.93,0.4,0.6,1.3,71.75,0.65,110.75,78.0,,24.0,0.0,
2023-03-21 22:00:00,2023-03-21 23:00:00,26.5,42.25,1.17,20.95,12.1,20.95,6.33,0.56,47.52,1.0,1.85,0.4,0.5,1.18,72.25,0.73,114.0,78.0,,23.87,0.0,
2023-03-21 23:00:00,2023-03-22 00:00:00,24.0,58.5,0.85,22.15,12.5,20.62,6.1,0.52,45.05,1.0,1.9,0.4,0.5,1.15,76.0,0.55,96.0,78.0,,23.67,0.0,
2023-03-22 00:00:00,2023-03-22 01:00:00,21.5,33.75,1.25,23.97,13.78,20.65,6.62,0.52,41.1,1.0,1.9,0.4,0.5,1.1,80.5,0.6,98.25,78.0,,23.43,0.0,
2023-03-22 01:00:00,2023-03-22 02:00:00,23.0,32.0,1.12,20.83,11.97,21.73,6.4,0.49,39.08,1.08,1.87,0.33,0.45,1.02,84.0,0.53,95.75,78.0,,23.17,0.0,
2023-03-22 02:00:00,2023-03-22 03:00:00,22.25,27.75,0.88,21.07,11.9,21.7,6.58,0.47,37.97,1.08,1.87,0.35,0.4,1.0,86.0,0.47,85.75,77.5,,23.02,0.0,
2023-03-22 03:00:00,2023-03-22 04:00:00,20.0,24.0,1.62,22.43,13.27,22.35,6.53,0.49,35.28,1.02,1.8,0.3,0.4,0.9,89.25,0.45,90.5,77.5,,22.87,0.0,
2023-03-22 04:00:00,2023-03-22 05:00:00,20.0,25.0,3.5,21.82,14.45,23.08,6.5,0.51,34.35,1.02,1.8,0.3,0.4,0.82,91.25,0.68,95.75,77.0,,22.7,0.0,
2023-03-22 05:00:00,2023-03-22 06:00:00,19.5,25.5,2.35,19.48,12.28,23.68,6.57,0.54,36.2,1.1,1.8,0.3,0.38,0.8,92.75,0.5,98.5,77.5,,22.6,0.0,
2023-03-22 06:00:00,2023-03-22 07:00:00,20.75,24.75,1.47,21.17,12.5,24.1,6.33,0.62,35.85,1.15,1.8,0.3,0.4,0.78,92.75,0.35,84.5,108.75,,22.45,0.0,
2023-03-22 07:00:00,2023-03-22 08:00:00,17.0,27.25,3.65,21.45,14.35,24.1,7.0,0.65,37.02,1.27,1.88,0.3,0.38,0.77,87.0,0.5,94.25,193.75,,22.75,0.0,
2023-03-22 08:00:00,2023-03-22 09:00:00,,28.0,2.33,15.47,10.12,24.73,7.15,0.58,41.15,1.3,1.98,0.3,0.4,0.8,78.5,0.57,91.0,300.5,,23.62,0.0,
2023-03-22 09:00:00,2023-03-22 10:00:00,22.75,27.75,1.85,19.1,11.65,26.93,7.53,0.55,55.42,1.38,2.03,0.35,0.43,0.88,64.75,0.9,114.25,404.0,,24.43,0.0,
2023-03-22 10:00:00,2023-03-22 11:00:00,17.75,25.5,1.1,11.8,7.17,31.72,8.2,0.42,59.17,1.35,2.02,0.4,0.43,0.97,56.0,0.73,107.0,462.25,,24.97,0.0,
2023-03-22 11:00:00,2023-03-22 12:00:00,13.75,19.0,0.72,11.12,6.5,32.1,7.48,0.31,60.45,1.17,2.02,0.4,0.43,1.08,51.75,0.88,214.0,396.25,,25.3,0.0,
2023-03-22 12:00:00,2023-03-22 13:00:00,12.75,16.25,0.83,11.95,7.05,29.62,7.38,0.26,62.02,1.1,1.92,0.4,0.53,1.22,46.5,0.9,155.25,327.25,,25.73,0.0,
2023-03-22 13:00:00,2023-03-22 14:00:00,10.75,17.5,0.75,12.22,7.13,26.65,6.28,0.26,62.4,0.97,1.68,0.38,0.47,1.27,44.5,1.1,171.0,352.75,,26.05,0.0,
2023-03-22 14:00:00,2023-03-22 15:00:00,8.25,19.0,0.85,12.32,7.25,24.45,5.73,0.27,62.58,0.9,1.75,0.43,0.62,1.6,42.75,0.8,115.5,194.25,,26.28,0.0,
2023-03-22 15:00:00,2023-03-22 16:00:00,13.0,15.0,0.6,11.65,6.67,21.65,6.0,0.25,63.3,0.78,2.08,0.4,0.55,1.6,40.75,0.8,143.0,158.5,,26.3,0.0,
2023-03-22 16:00:00,2023-03-22 17:00:00,18.0,19.0,0.57,17.48,9.73,20.27,5.75,0.3,61.42,0.7,2.1,0.4,0.62,1.68,41.75,0.7,278.25,81.75,,26.23,0.0,
2023-03-22 17:00:00,2023-03-22 18:00:00,22.5,28.75,0.4,12.27,6.82,20.5,5.4,0.3,59.08,0.72,2.12,0.47,0.7,1.82,55.0,2.8,296.0,48.5,,24.77,0.0,
2023-03-22 18:00:00,2023-03-22 19:00:00,28.0,48.5,0.72,16.9,9.58,16.58,5.28,0.27,46.52,0.55,1.78,0.3,0.43,1.23,76.5,1.08,138.75,67.75,,23.27,0.0,
2023-03-22 19:00:00,2023-03-22 20:00:00,2.5,8.75,0.75,19.98,11.25,16.95,6.25,0.24,46.12,0.5,1.37,0.3,0.45,1.1,78.5,1.12,100.25,72.0,,23.4,0.0,
2023-03-22 20:00:00,2023-03-22 21:00:00,6.0,16.75,1.03,20.7,11.85,16.48,6.72,0.24,44.42,0.45,1.27,0.3,0.4,1.0,79.25,0.53,133.75,79.25,,23.3,0.0,
2023-03-22 21:00:00,2023-03-22 22:00:00,12.25,20.5,0.45,16.2,8.97,17.3,7.03,0.2,46.05,0.4,1.28,0.3,0.33,0.95,75.25,0.55,159.75,80.0,,23.48,0.0,
2023-03-22 22:00:00,2023-03-22 23:00:00,10.25,15.0,0.33,20.75,11.32,17.88,7.0,0.22,41.75,0.43,1.3,0.22,0.38,0.9,77.0,0.47,166.0,63.5,,23.55,0.0,
2023-03-22 23:00:00,2023-03-23 00:00:00,11.0,12.0,0.73,23.62,13.18,18.83,6.8,0.34,35.65,0.5,1.38,0.3,0.35,0.9,83.75,0.6,269.75,77.75,,23.4,0.0,
2023-03-23 00:00:00,2023-03-23 01:00:00,14.0,22.0,0.9,26.77,14.97,19.32,6.47,0.43,34.5,0.55,1.4,0.3,0.3,0.85,84.5,0.38,265.0,79.0,,23.27,0.0,
2023-03-23 01:00:00,2023-03-23 02:00:00,13.25,20.75,0.68,15.38,8.72,21.58,6.7,0.34,36.2,0.5,1.4,0.3,0.3,0.82,84.0,0.75,225.67,79.25,,23.25,0.0,
2023-03-23 02:00:00,2023-03-23 03:00:00,9.0,15.25,0.57,16.95,9.47,24.0,6.6,0.3,35.7,0.47,1.3,0.3,0.3,0.78,85.5,0.3,254.75,79.0,,23.02,0.0,
2023-03-23 03:00:00,2023-03-23 04:00:00,3.5,13.0,0.62,15.5,8.75,26.9,6.88,0.31,33.15,0.43,1.3,0.3,0.3,0.7,87.75,0.47,324.75,79.0,,22.95,0.0,
2023-03-23 04:00:00,2023-03-23 05:00:00,7.25,14.0,1.0,17.15,9.95,26.77,6.92,0.33,32.02,0.4,1.3,0.3,0.3,0.7,87.25,0.4,224.25,79.0,,22.93,0.0,
2023-03-23 05:00:00,2023-03-23 06:00:00,9.5,18.25,2.85,27.48,16.98,26.15,6.72,0.45,29.2,0.43,1.38,0.3,0.3,0.7,88.5,0.33,275.75,79.5,,22.78,0.0,
2023-03-23 06:00:00,2023-03-23 07:00:00,10.0,24.0,3.45,25.2,16.23,29.25,6.95,0.62,31.95,0.6,1.52,0.3,0.3,0.7,89.5,0.3,302.75,121.25,,22.55,0.0,
2023-03-23 07:00:00,2023-03-23 08:00:00,27.0,30.0,9.55,32.25,24.9,30.45,6.9,0.8,34.0,0.88,1.77,0.3,0.35,0.7,80.0,0.45,76.25,237.0,,23.1,0.0,
2023-03-23 08:00:00,2023-03-23 09:00:00,25.0,,4.53,25.35,17.15,38.88,7.6,0.7,44.9,1.0,2.05,0.35,0.45,0.85,65.0,0.42,226.5,310.25,,24.15,0.0,
2023-03-23 09:00:00,2023-03-23 10:00:00,22.5,,1.57,12.97,8.18,45.15,8.25,0.4,51.8,1.02,2.0,0.33,0.43,0.88,56.75,0.7,265.75,425.5,,24.85,0.0,
2023-03-23 10:00:00,2023-03-23 11:00:00,13.5,,1.18,11.5,7.1,42.38,8.42,0.31,52.92,1.0,1.82,0.3,0.4,0.9,47.75,1.05,253.75,472.25,,25.5,0.0,
2023-03-23 11:00:00,2023-03-23 12:00:00,7.25,,1.1,11.12,6.8,39.12,7.25,0.36,54.98,0.88,1.75,0.3,0.4,1.0,44.0,1.08,288.25,332.75,,26.05,0.0,
2023-03-23 12:00:00,2023-03-23 13:00:00,1.0,,0.72,9.5,5.65,34.0,7.18,0.3,56.3,0.75,1.67,0.3,0.5,1.12,41.0,1.23,293.75,460.75,,26.33,0.0,
2023-03-23 13:00:00,2023-03-23 14:00:00,5.0,12.25,0.5,11.02,6.25,30.17,7.08,0.31,56.28,0.72,1.52,0.35,0.5,1.27,39.0,1.12,294.25,302.5,,26.68,0.0,
2023-03-23 14:00:00,2023-03-23 15:00:00,5.75,9.5,0.88,10.78,6.43,29.1,7.38,0.29,56.8,0.62,1.6,0.35,0.58,1.5,37.25,1.2,302.5,252.25,,26.9,0.0,
2023-03-23 15:00:00,2023-03-23 16:00:00,5.0,8.0,0.53,12.57,7.1,23.47,7.85,0.32,53.67,0.53,1.75,0.35,0.58,1.55,36.0,1.1,260.75,286.0,,27.05,0.0,
2023-03-23 16:00:00,2023-03-23 17:00:00,6.0,11.0,1.98,20.12,12.3,22.2,7.22,0.44,49.58,0.58,1.55,0.43,0.7,1.78,37.25,1.5,145.5,247.0,,26.8,0.0,
2023-03-23 17:00:00,2023-03-23 18:00:00,7.0,12.25,1.5,23.85,13.9,23.88,7.08,0.54,46.73,0.6,1.62,0.47,0.8,1.87,38.75,1.1,130.0,136.5,,26.6,0.0,
2023-03-23 18:00:00,2023-03-23 19:00:00,11.0,15.5,1.85,36.12,20.73,25.55,6.97,0.58,40.7,0.65,2.25,0.62,1.05,2.17,44.0,0.72,151.0,83.5,,26.05,0.0,
2023-03-23 19:00:00,2023-03-23 20:00:00,13.25,19.0,0.62,13.47,7.68,28.38,6.2,0.27,50.45,0.65,2.1,0.55,0.9,1.92,53.25,1.2,117.5,79.25,,25.05,0.0,
2023-03-23 20:00:00,2023-03-23 21:00:00,10.0,14.75,0.43,16.7,9.12,24.33,6.07,0.29,47.12,0.57,1.8,0.4,0.7,1.62,56.0,0.7,85.25,79.25,,24.8,0.0,
2023-03-23 21:00:00,2023-03-23 22:00:00,7.75,12.0,0.5,17.12,9.48,21.88,6.95,0.25,46.48,0.53,1.8,0.4,0.7,1.52,58.75,0.67,211.0,76.25,,24.62,0.0,
2023-03-23 22:00:00,2023-03-23 23:00:00,10.0,15.0,0.47,17.38,9.6,20.85,6.97,0.26,43.97,0.5,1.7,0.4,0.65,1.35,60.75,0.35,85.0,74.75,,24.4,0.0,
2023-03-23 23:00:00,2023-03-24 00:00:00,,,0.6,21.25,11.78,19.27,6.83,0.3,39.45,0.47,1.75,0.4,0.62,1.35,63.75,0.25,139.5,79.25,,24.3,0.0,
2023-03-24 00:00:00,2023-03-24 01:00:00,,,1.38,21.75,12.67,19.35,6.62,0.29,35.48,0.47,1.8,0.4,0.6,1.32,67.0,0.47,116.5,78.0,,24.12,0.0,
2023-03-24 01:00:00,2023-03-24 02:00:00,10.0,11.0,1.35,21.15,12.32,19.32,6.6,0.25,35.8,0.43,1.8,0.4,0.6,1.3,68.5,0.5,113.25,57.0,,23.95,0.0,
2023-03-24 02:00:00,2023-03-24 03:00:00,9.0,10.0,0.9,21.02,11.9,21.6,7.53,0.22,36.12,0.43,1.7,0.3,0.55,1.23,66.5,0.47,107.5,60.25,,24.02,0.0,
2023-03-24 03:00:00,2023-03-24 04:00:00,5.0,7.0,1.17,21.57,12.43,24.17,7.23,0.23,33.4,0.4,1.73,0.33,0.5,1.17,71.0,0.4,83.67,56.67,,23.83,0.0,
2023-03-24 04:00:00,2023-03-24 05:00:00,6.0,10.0,1.03,22.78,12.95,25.05,7.22,0.23,36.25,0.4,1.65,0.3,0.5,1.1,69.75,0.5,85.0,67.5,,23.8,0.0,
2023-03-24 05:00:00,2023-03-24 06:00:00,6.5,12.0,1.93,23.38,13.97,25.2,7.65,0.28,36.1,0.4,1.7,0.35,0.5,1.0,69.75,0.5,94.75,71.5,,23.7,0.0,
2023-03-24 06:00:00,2023-03-24 07:00:00,9.75,16.0,2.02,27.4,16.23,26.02,7.38,0.4,35.95,0.4,1.72,0.3,0.5,1.02,68.5,0.4,110.5,91.0,,23.65,0.0,
2023-03-24 07:00:00,2023-03-24 08:00:00,15.0,16.0,2.47,22.7,14.1,27.47,7.9,0.55,38.6,0.53,1.77,0.4,0.5,1.03,69.0,1.03,347.0,186.67,,23.67,0.0,
2023-03-24 08:00:00,2023-03-24 09:00:00,17.0,20.0,2.12,17.8,11.22,27.73,9.02,0.44,41.5,0.7,1.88,0.4,0.55,1.02,58.75,0.82,57.25,264.5,,24.77,0.0,
2023-03-24 09:00:00,2023-03-24 10:00:00,15.5,18.5,1.6,17.32,10.52,29.1,8.72,0.45,49.97,0.7,1.85,0.4,0.55,1.18,49.25,0.95,113.75,321.5,,25.5,0.0,
2023-03-24 10:00:00,2023-03-24 11:00:00,9.25,14.75,2.03,18.1,11.3,30.42,9.15,0.31,50.9,1.0,2.0,0.4,0.65,1.27,44.0,0.72,203.25,441.5,,26.05,0.0,
2023-03-24 11:00:00,2023-03-24 12:00:00,6.5,16.0,0.98,10.73,6.53,32.2,8.65,0.23,56.47,0.92,1.85,0.4,0.62,1.38,42.5,1.12,329.0,515.25,,26.38,0.0,
2023-03-24 12:00:00,2023-03-24 13:00:00,5.75,11.75,0.4,10.42,5.85,29.48,9.28,0.23,58.02,0.85,1.75,0.4,0.65,1.5,40.5,1.2,332.5,469.0,,26.7,0.0,
2023-03-24 13:00:00,2023-03-24 14:00:00,8.0,11.0,0.68,11.2,6.52,27.33,9.65,0.19,57.17,0.78,1.68,0.4,0.65,1.6,38.0,1.2,287.5,311.25,,27.08,0.0,
2023-03-24 14:00:00,2023-03-24 15:00:00,,,0.65,12.05,6.93,26.57,10.6,0.19,57.38,0.7,1.85,0.4,0.7,1.8,36.75,1.48,281.5,388.5,,27.27,0.0,
2023-03-24 15:00:00,2023-03-24 16:00:00,,,0.5,10.25,5.85,24.05,9.53,0.18,56.02,0.57,2.08,0.4,0.7,1.98,37.0,1.25,302.25,319.25,,27.25,0.0,
2023-03-24 16:00:00,2023-03-24 17:00:00,11.0,15.0,0.65,10.97,6.38,21.62,7.88,0.13,52.62,0.5,2.02,0.28,0.73,1.95,36.25,1.15,261.25,107.75,,27.45,0.0,
2023-03-24 17:00:00,2023-03-24 18:00:00,10.0,15.25,0.42,13.28,7.42,21.17,7.82,0.18,50.77,0.4,1.92,0.28,0.72,1.92,36.5,0.85,264.0,63.5,,27.4,0.0,
2023-03-24 18:00:00,2023-03-24 19:00:00,11.25,14.25,1.0,29.3,16.43,22.35,7.95,0.34,44.05,0.47,1.67,0.47,0.85,2.17,36.5,0.8,264.5,69.25,,26.95,0.0,
2023-03-24 19:00:00,2023-03-24 20:00:00,15.75,23.75,0.73,27.27,15.07,23.15,9.02,0.46,52.15,0.58,1.82,0.58,1.0,2.25,50.25,1.0,81.75,89.0,,25.97,0.0,
2023-03-24 20:00:00,2023-03-24 21:00:00,18.75,32.75,0.3,19.25,10.43,25.15,8.28,0.44,57.3,0.88,1.93,0.55,0.95,2.1,55.0,1.12,110.0,87.5,,25.6,0.0,
2023-03-24 21:00:00,2023-03-24 22:00:00,21.25,30.5,0.3,17.38,9.5,24.95,8.45,0.42,53.5,1.0,1.8,0.53,0.85,1.98,57.0,0.97,114.75,83.5,,25.32,0.0,
2023-03-24 22:00:00,2023-03-24 23:00:00,23.25,26.25,0.5,20.98,11.58,24.62,8.3,0.39,49.25,1.05,1.77,0.5,0.8,1.78,59.25,0.8,111.75,55.75,,25.2,0.0,
2023-03-24 23:00:00,2023-03-25 00:00:00,26.5,29.25,0.35,15.6,8.58,22.78,8.25,0.36,47.55,1.1,1.7,0.5,0.7,1.62,61.0,0.72,116.5,80.0,,25.08,0.0,
2023-03-25 00:00:00,2023-03-25 01:00:00,21.75,26.75,0.3,17.55,9.62,21.6,6.6,0.45,43.03,1.1,1.72,0.47,0.7,1.62,64.75,0.65,146.25,80.0,,24.85,0.0,
2023-03-25 01:00:00,2023-03-25 02:00:00,21.0,25.0,0.25,12.12,6.65,22.48,6.6,0.41,43.95,1.1,1.7,0.43,0.7,1.58,66.75,1.05,317.75,80.0,,24.53,0.0,
2023-03-25 02:00:00,2023-03-25 03:00:00,,,0.1,11.45,6.05,24.38,6.5,0.46,44.65,1.1,1.72,0.4,0.62,1.25,73.75,0.65,312.75,80.0,,24.05,0.0,
2023-03-25 03:00:00,2023-03-25 04:00:00,18.0,27.0,0.22,10.62,5.83,27.33,6.7,0.47,43.73,1.15,1.8,0.4,0.6,1.35,78.0,0.8,330.25,80.0,,23.8,0.0,
2023-03-25 04:00:00,2023-03-25 05:00:00,20.0,28.0,0.35,12.7,7.03,27.92,6.35,0.51,41.67,1.22,1.8,0.4,0.6,1.28,82.5,0.62,350.25,80.0,,23.6,0.0,
2023-03-25 05:00:00,2023-03-25 06:00:00,32.0,35.0,0.45,15.18,8.45,29.15,6.75,0.57,41.53,1.3,1.8,0.4,0.5,1.17,84.75,0.6,157.25,80.0,,23.4,0.0,
2023-03-25 06:00:00,2023-03-25 07:00:00,32.0,35.0,1.12,17.67,10.3,30.1,6.65,0.61,40.58,1.42,1.92,0.4,0.53,1.1,83.75,0.8,99.75,114.25,,23.2,0.0,
2023-03-25 07:00:00,2023-03-25 08:00:00,30.0,31.0,2.17,18.27,11.47,30.18,7.0,0.54,40.5,1.48,2.07,0.5,0.6,1.2,76.0,1.08,98.0,209.5,,23.33,0.0,
2023-03-25 08:00:00,2023-03-25 09:00:00,29.0,30.0,1.43,12.55,7.83,29.88,7.85,0.43,43.55,1.4,2.02,0.43,0.55,1.12,70.25,1.62,84.5,311.5,,23.65,0.0,
2023-03-25 09:00:00,2023-03-25 10:00:00,19.0,24.0,2.05,16.55,10.47,30.3,8.5,0.51,49.35,1.47,2.1,0.47,0.55,1.23,63.75,1.6,97.25,418.75,,24.25,0.0,
2023-03-25 10:00:00,2023-03-25 11:00:00,19.0,24.0,0.87,14.63,8.5,28.23,6.25,0.29,36.87,1.3,1.9,0.4,0.5,1.2,55.33,1.13,76.33,497.33,,25.17,0.0,
2023-03-25 11:00:00,2023-03-25 12:00:00,,,0.77,11.0,6.48,30.07,7.73,0.57,49.88,1.0,1.5,0.35,0.47,1.02,47.25,1.02,265.5,556.25,,25.75,0.0,
2023-03-25 12:00:00,2023-03-25 13:00:00,3.25,14.75,0.85,8.78,5.35,29.5,5.62,0.49,50.42,1.23,1.9,0.45,0.68,1.5,39.25,1.07,120.0,563.5,,26.05,0.0,
2023-03-25 13:00:00,2023-03-25 14:00:00,4.75,10.75,0.7,9.2,5.45,26.92,5.0,0.51,51.85,1.1,1.78,0.5,0.7,1.7,39.5,1.18,94.5,446.75,,26.2,0.0,
2023-03-25 14:00:00,2023-03-25 15:00:00,7.75,10.0,0.95,10.68,6.45,24.5,4.17,0.51,50.25,0.95,1.7,0.5,0.8,1.93,38.0,0.97,276.5,368.0,,26.45,0.0,
2023-03-25 15:00:00,2023-03-25 16:00:00,8.5,11.25,0.8,10.7,6.3,22.9,3.65,0.54,51.23,0.88,1.65,0.5,0.8,2.0,35.25,1.18,343.0,335.25,,26.65,0.0,
2023-03-25 16:00:00,2023-03-25 17:00:00,13.0,14.75,0.75,10.4,6.15,20.08,4.27,0.56,52.02,0.75,1.57,0.53,0.82,2.08,33.75,1.1,296.75,237.75,,26.77,0.0,
2023-03-25 17:00:00,2023-03-25 18:00:00,12.0,14.0,0.45,10.75,6.05,20.0,3.88,0.66,50.8,0.73,1.6,0.53,0.88,2.15,33.25,1.0,299.0,147.5,,26.73,0.0,
2023-03-25 18:00:00,2023-03-25 19:00:00,11.0,16.75,0.45,17.38,9.6,19.62,4.38,0.72,47.23,0.7,1.68,0.5,0.88,2.18,39.5,0.55,274.0,85.75,,26.15,0.0,
2023-03-25 19:00:00,2023-03-25 20:00:00,18.0,27.0,0.7,29.82,16.43,18.48,5.05,0.86,42.45,0.7,1.9,0.6,0.97,2.3,47.0,0.4,111.0,80.25,,25.6,0.0,
2023-03-25 20:00:00,2023-03-25 21:00:00,19.25,30.75,1.03,31.68,17.65,18.73,4.85,0.85,40.42,0.77,2.07,0.6,1.0,2.12,50.75,0.47,153.25,80.0,,25.2,0.0,
2023-03-25 21:00:00,2023-03-25 22:00:00,22.25,30.5,0.62,24.73,13.65,17.9,4.0,0.74,40.67,0.73,1.98,0.55,0.88,1.98,53.0,0.53,167.75,80.5,,24.95,0.0,
2023-03-25 22:00:00,2023-03-25 23:00:00,19.25,21.0,0.62,22.47,12.5,17.38,5.12,0.69,40.12,0.73,2.02,0.53,0.82,1.85,52.75,0.35,90.5,80.75,,24.82,0.0,
2023-03-25 23:00:00,2023-03-26 00:00:00,,,0.38,24.45,13.27,16.15,4.6,0.62,38.4,0.7,1.87,0.5,0.73,1.62,54.25,0.28,274.0,75.5,,24.65,0.0,
2023-03-26 00:00:00,2023-03-26 01:00:00,,,0.65,21.82,12.12,16.55,4.2,0.61,39.23,0.7,1.9,0.47,0.73,1.65,56.75,0.3,177.75,77.25,,24.48,0.0,
2023-03-26 01:00:00,2023-03-26 02:00:00,16.0,17.0,1.05,29.12,16.38,16.43,4.5,0.65,35.3,0.6,1.9,0.45,0.7,1.58,58.5,0.25,83.75,79.25,,24.23,0.0,
2023-03-26 02:00:00,2023-03-26 03:00:00,16.0,17.5,1.82,29.82,17.35,17.38,5.15,0.66,34.38,0.6,1.9,0.4,0.7,1.52,63.25,0.45,97.5,80.0,,24.0,0.0,
2023-03-26 03:00:00,2023-03-26 04:00:00,14.75,17.75,1.3,24.82,14.27,18.38,4.78,0.64,35.17,0.6,1.88,0.4,0.7,1.42,65.75,0.27,80.0,80.0,,23.82,0.0,
2023-03-26 04:00:00,2023-03-26 05:00:00,9.75,14.75,2.1,28.3,16.77,19.23,4.4,0.64,32.83,0.55,1.85,0.4,0.65,1.32,70.75,0.35,72.25,80.0,,23.62,0.0,
2023-03-26 05:00:00,2023-03-26 06:00:00,10.0,18.0,1.55,23.38,13.7,21.12,4.97,0.71,35.6,0.6,1.82,0.4,0.6,1.28,71.75,0.43,104.25,80.5,,23.55,0.0,
2023-03-26 06:00:00,2023-03-26 07:00:00,15.75,21.0,1.48,22.9,13.38,22.4,5.58,0.82,37.47,0.65,1.88,0.4,0.6,1.2,73.25,0.4,76.25,111.0,,23.25,0.0,
2023-03-26 07:00:00,2023-03-26 08:00:00,23.75,31.75,2.12,23.2,14.07,25.05,6.02,0.98,40.05,0.78,1.95,0.45,0.6,1.2,71.0,0.62,66.75,212.5,,23.65,0.0,
2023-03-26 08:00:00,2023-03-26 09:00:00,32.0,35.0,1.5,19.23,11.45,25.3,8.0,0.9,43.25,0.97,2.12,0.47,0.6,1.25,63.75,1.0,81.0,286.25,,24.45,0.0,
2023-03-26 09:00:00,2023-03-26 10:00:00,,,1.6,17.9,10.8,26.7,8.6,0.81,51.8,1.0,2.2,0.5,0.7,1.3,57.0,1.4,113.0,381.0,,24.9,0.0,
2023-03-26 10:00:00,2023-03-26 11:00:00,,,,11.3,2.7,22.6,,0.0,35.7,,,,,,46.5,1.35,66.5,499.5,,26.05,0.0,
2023-03-26 11:00:00,2023-03-26 12:00:00,,,0.97,13.3,7.83,30.45,12.12,0.5,53.7,0.65,1.65,0.43,0.65,1.25,45.0,1.1,73.5,386.25,,26.12,0.0,
2023-03-26 12:00:00,2023-03-26 13:00:00,3.25,14.25,0.72,12.0,7.0,32.62,10.78,0.56,57.62,0.82,2.15,0.6,0.9,1.9,41.0,1.18,119.25,438.25,,26.47,0.0,
2023-03-26 13:00:00,2023-03-26 14:00:00,6.75,16.25,1.85,17.7,10.93,26.88,7.22,0.61,55.48,0.8,1.92,0.5,0.83,1.98,35.75,0.93,122.0,386.0,,26.77,0.0,
2023-03-26 14:00:00,2023-03-26 15:00:00,15.5,20.0,1.02,12.73,7.6,25.3,6.67,0.56,58.15,0.73,1.88,0.6,1.0,2.27,37.25,1.12,175.25,176.25,,26.7,0.0,
2023-03-26 15:00:00,2023-03-26 16:00:00,14.0,17.0,0.75,11.0,6.45,24.23,5.12,0.59,58.3,0.7,1.8,0.6,1.0,2.32,35.0,1.1,258.75,167.75,,26.92,0.0,
2023-03-26 16:00:00,2023-03-26 17:00:00,19.0,23.0,0.72,13.47,7.72,22.5,4.85,0.71,58.35,0.7,1.73,0.6,1.0,2.4,34.75,1.18,341.75,95.75,,26.92,0.0,
2023-03-26 17:00:00,2023-03-26 18:00:00,20.75,26.0,0.45,18.93,10.45,21.35,5.82,0.78,57.6,0.73,1.83,0.62,1.02,2.45,36.0,1.15,344.75,68.75,,26.75,0.0,
2023-03-26 18:00:00,2023-03-26 19:00:00,28.25,33.5,0.57,34.22,18.7,20.4,5.62,0.97,50.15,0.77,2.15,0.67,1.12,2.6,38.25,0.67,342.0,54.25,,26.35,0.0,
2023-03-26 19:00:00,2023-03-26 20:00:00,30.75,37.75,0.38,31.48,17.03,19.77,5.65,0.83,50.07,0.82,2.35,0.73,1.2,2.58,42.5,0.38,201.25,83.5,,25.82,0.0,
2023-03-26 20:00:00,2023-03-26 21:00:00,27.0,36.75,0.35,27.02,14.68,20.38,5.88,0.84,51.12,0.8,2.3,0.67,1.05,2.38,45.0,0.33,270.0,85.0,,25.52,0.0,
2023-03-26 21:00:00,2023-03-26 22:00:00,30.0,36.0,0.33,28.1,15.22,19.05,5.35,0.87,47.45,0.8,2.38,0.68,1.0,2.25,46.75,0.35,151.25,78.25,,25.35,0.0,
2023-03-26 22:00:00,2023-03-26 23:00:00,26.0,33.0,0.2,23.15,12.43,18.32,5.65,0.7,49.02,0.8,2.27,0.62,0.95,2.05,48.25,0.5,227.0,67.5,,25.17,0.0,
2023-03-26 23:00:00,2023-03-27 00:00:00,26.5,33.25,0.3,23.57,12.77,17.68,6.45,0.63,48.28,0.77,2.15,0.57,0.85,1.95,49.0,0.35,142.5,25.5,,24.9,0.0,
2023-03-27 00:00:00,2023-03-27 01:00:00,31.0,34.0,0.4,24.73,13.38,16.82,8.95,0.38,45.17,0.75,2.1,0.55,0.8,1.82,52.75,0.3,117.0,62.25,,24.67,0.0,
2023-03-27 01:00:00,2023-03-27 02:00:00,34.0,39.0,0.38,30.1,16.32,16.93,8.32,0.41,42.95,0.7,2.1,0.55,0.8,1.78,54.75,0.27,64.0,68.5,,24.43,0.0,
2023-03-27 02:00:00,2023-03-27 03:00:00,33.25,38.25,0.17,22.35,12.03,17.93,8.75,0.39,43.67,0.7,2.08,0.53,0.8,1.7,56.5,0.38,89.0,50.25,,24.32,0.0,
2023-03-27 03:00:00,2023-03-27 04:00:00,32.0,36.25,0.52,23.5,12.93,17.98,8.25,0.42,40.38,0.7,2.1,0.5,0.73,1.62,58.75,0.38,215.75,55.25,,24.02,0.0,
2023-03-27 04:00:00,2023-03-27 05:00:00,34.0,37.25,0.38,19.98,10.9,18.98,8.78,0.42,40.18,0.7,2.12,0.5,0.7,1.55,60.25,0.4,219.75,60.25,,23.95,0.0,
2023-03-27 05:00:00,2023-03-27 06:00:00,30.0,35.0,0.4,20.82,11.38,19.98,9.83,0.51,37.85,0.72,2.35,0.6,0.7,1.55,62.0,0.35,83.75,53.5,,23.82,0.0,
2023-03-27 06:00:00,2023-03-27 07:00:00,41.0,44.0,4.0,35.15,21.95,20.4,10.3,0.69,35.55,0.8,2.58,0.6,0.77,1.5,61.75,0.35,207.25,91.25,,23.48,0.0,
2023-03-27 07:00:00,2023-03-27 08:00:00,43.5,48.0,1.85,25.55,15.1,23.25,10.2,0.77,39.62,0.95,2.73,0.65,0.75,1.52,62.5,0.4,185.0,206.25,,23.68,0.0,
2023-03-27 08:00:00,2023-03-27 09:00:00,47.75,54.75,1.78,20.18,12.18,23.4,16.3,0.62,42.1,1.1,2.83,0.67,0.77,1.55,56.0,0.6,71.25,320.75,,24.5,0.0,
2023-03-27 09:00:00,2023-03-27 10:00:00,34.75,41.25,1.07,16.38,9.57,24.88,19.9,0.54,51.17,1.1,2.77,0.65,0.75,1.6,49.75,0.55,57.75,434.5,,25.17,0.0,
2023-03-27 10:00:00,2023-03-27 11:00:00,27.5,33.25,1.35,16.35,9.82,26.73,17.08,0.51,54.5,1.08,2.6,0.6,0.72,1.63,44.0,0.72,161.5,507.5,,25.7,0.0,
2023-03-27 11:00:00,2023-03-27 12:00:00,26.25,36.25,0.53,10.5,6.0,29.4,11.68,0.44,57.67,1.0,2.52,0.6,0.83,1.85,36.75,0.92,127.25,533.5,,26.07,0.0,
2023-03-27 12:00:00,2023-03-27 13:00:00,19.5,30.0,0.53,11.28,6.45,26.82,8.47,0.4,59.08,0.85,2.23,0.62,0.85,1.98,33.75,0.93,137.5,539.25,,26.4,0.0,
2023-03-27 13:00:00,2023-03-27 14:00:00,24.5,30.5,0.68,12.18,7.0,24.1,8.05,0.38,60.48,0.73,2.05,0.6,0.9,2.2,34.0,0.97,278.5,475.25,,26.63,0.0,
2023-03-27 14:00:00,2023-03-27 15:00:00,24.25,32.0,0.3,11.68,6.47,21.77,6.28,0.35,57.3,0.65,1.88,0.6,0.97,2.32,30.0,1.48,293.0,418.25,,27.03,0.0,
2023-03-27 15:00:00,2023-03-27 16:00:00,28.0,32.0,0.3,10.38,5.78,21.57,5.97,0.49,59.05,0.6,1.7,0.45,0.95,2.4,31.25,1.77,307.25,325.5,,26.88,0.0,
2023-03-27 16:00:00,2023-03-27 17:00:00,28.75,32.75,0.25,12.18,6.7,20.33,6.08,0.46,57.77,0.6,1.6,0.53,0.83,2.15,32.5,1.1,249.5,220.0,,26.83,0.0,
2023-03-27 17:00:00,2023-03-27 18:00:00,29.75,31.0,0.43,11.0,6.2,21.35,5.03,0.41,56.35,0.62,1.5,0.5,0.85,2.27,30.75,1.18,295.5,143.5,,26.78,0.0,
2023-03-27 18:00:00,2023-03-27 19:00:00,26.75,29.25,0.27,13.07,7.18,21.23,5.1,0.44,52.2,0.6,1.5,0.5,0.8,2.2,34.25,0.47,290.25,89.0,,26.27,0.0,
2023-03-27 19:00:00,2023-03-27 20:00:00,30.0,35.0,0.4,18.8,10.3,21.05,6.58,0.59,50.17,0.6,1.75,0.55,0.9,2.27,38.0,0.25,295.5,85.0,,25.83,0.0,
2023-03-27 20:00:00,2023-03-27 21:00:00,32.25,37.0,0.32,28.25,15.27,21.05,7.5,,44.77,0.65,2.17,0.62,1.05,2.38,40.5,0.2,264.5,84.5,,25.5,0.0,
2023-03-27 21:00:00,2023-03-27 22:00:00,30.0,34.0,5.53,62.77,37.88,16.85,7.78,,33.95,0.7,2.25,0.65,0.97,2.2,45.75,0.2,253.25,84.75,,25.15,0.0,
2023-03-27 22:00:00,2023-03-27 23:00:00,57.0,60.0,10.42,47.62,33.8,21.38,7.35,,30.65,0.88,2.85,0.75,1.25,2.38,57.25,0.38,62.75,84.25,,24.73,0.0,
2023-03-27 23:00:00,2023-03-28 00:00:00,54.75,57.25,1.1,33.97,18.95,24.98,7.92,,35.15,0.9,2.65,0.68,1.03,2.08,54.25,0.3,75.0,84.0,,24.52,0.0,
2023-03-28 00:00:00,2023-03-28 01:00:00,40.75,43.5,0.8,29.82,16.55,28.88,7.93,,39.45,0.9,2.45,0.6,0.9,1.87,51.25,0.38,96.75,84.0,,24.5,0.0,
2023-03-28 01:00:00,2023-03-28 02:00:00,31.0,38.0,0.5,23.0,12.65,28.28,8.9,,41.45,0.82,2.35,0.57,0.82,1.8,54.0,0.27,144.0,84.0,,24.18,0.0,
2023-03-28 02:00:00,2023-03-28 03:00:00,20.0,23.0,0.9,24.23,13.62,27.0,8.2,,38.62,0.8,2.3,0.6,0.8,1.7,60.5,0.35,70.0,83.75,,23.95,0.0,
2023-03-28 03:00:00,2023-03-28 04:00:00,18.25,21.0,0.33,23.05,12.55,25.23,8.12,,38.27,0.78,2.38,0.53,0.75,1.62,61.5,0.28,159.25,82.25,,23.65,0.0,
2023-03-28 04:00:00,2023-03-28 05:00:00,13.5,19.25,0.25,24.62,13.3,24.88,9.75,,38.12,0.77,2.52,0.6,0.75,1.55,62.0,0.4,94.5,81.25,,23.6,0.0,
2023-03-28 05:00:00,2023-03-28 06:00:00,15.75,24.25,0.7,21.1,11.75,24.75,8.78,,37.02,0.8,2.6,0.5,0.7,1.42,64.25,0.43,127.25,81.5,,23.4,0.0,
2023-03-28 06:00:00,2023-03-28 07:00:00,20.75,28.5,2.58,29.48,17.8,25.2,9.35,,34.65,0.88,2.67,0.5,0.7,1.3,65.5,0.47,87.25,125.25,,23.15,0.0,
2023-03-28 07:00:00,2023-03-28 08:00:00,31.0,38.75,3.08,25.58,16.1,29.48,11.57,,41.07,1.0,2.83,0.43,0.73,1.3,61.75,0.7,111.25,282.75,,23.48,0.0,
2023-03-28 08:00:00,2023-03-28 09:00:00,31.25,33.0,3.15,21.1,13.78,30.55,14.88,,45.1,1.1,3.0,0.6,0.7,1.38,51.5,0.53,134.75,356.0,,24.75,0.0,
2023-03-28 09:00:00,2023-03-28 10:00:00,23.0,27.0,1.78,19.53,11.8,31.93,15.38,,55.3,1.1,3.08,0.6,0.75,1.5,43.25,0.7,121.25,506.75,,25.57,0.0,
2023-03-28 10:00:00,2023-03-28 11:00:00,16.0,20.0,1.18,14.88,8.85,33.0,12.68,0.48,56.47,1.08,3.07,0.6,0.77,1.68,37.75,0.75,202.5,555.0,,26.1,0.0,
2023-03-28 11:00:00,2023-03-28 12:00:00,14.0,19.25,0.72,10.6,6.25,31.98,8.62,0.42,55.93,1.05,2.95,0.65,0.88,1.95,31.0,1.05,255.25,547.25,,26.5,0.0,
2023-03-28 12:00:00,2023-03-28 13:00:00,7.25,16.0,0.4,9.1,5.17,27.3,6.75,,55.27,0.88,2.55,0.6,0.85,2.0,28.25,1.5,305.25,539.0,,26.72,0.0,
2023-03-28 13:00:00,2023-03-28 14:00:00,8.0,13.5,0.6,10.35,6.0,23.65,5.25,,55.75,0.78,2.25,0.55,0.85,2.05,26.0,1.77,275.5,519.5,,26.92,0.0,
2023-03-28 14:00:00,2023-03-28 15:00:00,8.25,15.5,0.57,11.05,6.35,22.62,6.03,,55.57,0.65,1.95,0.5,0.8,2.07,25.0,1.6,287.5,458.0,,27.1,0.0,
2023-03-28 15:00:00,2023-03-28 16:00:00,9.25,17.0,1.03,12.62,7.55,22.15,5.7,,55.57,0.62,1.83,0.53,0.85,2.17,24.75,1.35,270.5,362.75,,27.18,0.0,
2023-03-28 16:00:00,2023-03-28 17:00:00,11.75,14.75,0.53,10.38,5.97,19.9,5.67,,55.45,0.62,1.65,0.5,0.82,2.1,25.0,1.15,281.0,248.75,,27.3,0.0,
2023-03-28 17:00:00,2023-03-28 18:00:00,17.25,20.75,0.3,9.9,5.5,18.65,6.7,,55.28,0.55,1.48,0.43,0.78,2.0,26.25,1.18,298.25,142.0,,27.15,0.0,
2023-03-28 18:00:00,2023-03-28 19:00:00,16.25,22.75,0.4,17.68,9.53,21.88,7.6,,52.33,0.83,1.7,0.5,0.93,2.17,28.5,0.68,305.5,85.5,,26.65,0.0,
2023-03-28 19:00:00,2023-03-28 20:00:00,20.5,30.25,5.0,37.53,23.97,20.88,7.45,,43.42,0.9,1.85,0.53,0.93,2.3,32.75,0.25,155.75,79.25,,26.12,0.0,
2023-03-28 20:00:00,2023-03-28 21:00:00,22.0,28.0,15.8,73.4,51.88,21.45,10.35,,31.75,1.1,2.95,0.82,1.43,2.85,42.25,0.38,90.5,79.0,,25.58,0.0,
2023-03-28 21:00:00,2023-03-28 22:00:00,,,2.0,44.33,25.23,26.55,9.35,,34.38,1.4,3.4,0.95,1.53,2.92,41.0,0.5,123.0,79.0,,25.28,0.0,
2023-03-28 22:00:00,2023-03-28 23:00:00,,,1.05,29.33,16.42,28.13,7.78,0.66,34.15,1.35,3.05,0.75,1.2,2.4,44.0,0.47,79.0,79.0,,25.0,0.0,
2023-03-28 23:00:00,2023-03-29 00:00:00,,,2.05,33.17,19.3,26.35,8.15,0.6,32.0,1.25,2.8,0.7,1.08,2.23,49.75,0.33,76.25,71.75,,24.58,0.0,
2023-03-29 00:00:00,2023-03-29 01:00:00,,,0.82,29.68,16.48,26.05,6.9,0.42,34.95,1.15,2.62,0.62,1.0,1.98,48.0,0.4,113.5,78.5,,24.48,0.0,
2023-03-29 01:00:00,2023-03-29 02:00:00,27.0,29.0,0.35,23.58,12.8,25.38,6.45,0.35,39.05,1.1,2.52,0.6,0.92,1.9,48.25,0.5,104.75,79.0,,24.4,0.0,
2023-03-29 02:00:00,2023-03-29 03:00:00,25.5,27.75,0.77,20.85,11.7,24.4,6.92,0.34,39.45,1.0,2.43,0.6,0.88,1.8,51.25,0.53,101.0,79.0,,24.18,0.0,
2023-03-29 03:00:00,2023-03-29 04:00:00,19.5,23.5,0.43,18.22,9.95,24.65,8.4,0.35,41.25,1.0,2.43,0.55,0.8,1.67,50.5,0.5,96.75,79.0,,24.1,0.0,
2023-03-29 04:00:00,2023-03-29 05:00:00,13.75,20.0,0.25,19.62,10.65,23.75,8.38,0.37,39.17,0.9,2.35,0.5,0.8,1.62,54.5,0.45,104.75,79.0,,23.88,0.0,
2023-03-29 05:00:00,2023-03-29 06:00:00,24.0,25.0,0.47,26.2,14.33,23.07,9.03,0.42,37.85,0.9,2.3,0.5,0.7,1.55,55.5,0.33,102.25,79.25,,23.75,0.0,
2023-03-29 06:00:00,2023-03-29 07:00:00,25.25,27.25,1.15,30.65,17.25,21.9,9.12,0.54,37.35,0.95,2.32,0.5,0.7,1.42,55.0,0.5,109.0,122.75,,23.67,0.0,
2023-03-29 07:00:00,2023-03-29 08:00:00,29.25,34.0,2.62,33.92,20.18,23.67,10.3,0.72,39.15,1.18,2.58,0.38,0.78,1.42,53.25,0.57,126.75,206.75,,24.03,0.0,
2023-03-29 08:00:00,2023-03-29 09:00:00,37.0,41.25,3.3,25.12,16.02,25.2,10.85,0.58,40.7,1.1,2.67,0.57,0.88,1.55,42.25,1.0,123.0,358.25,,25.45,0.0,
2023-03-29 09:00:00,2023-03-29 10:00:00,26.75,34.25,1.98,24.0,14.38,28.92,9.8,0.57,52.45,1.15,2.52,0.58,0.85,1.65,33.25,1.27,139.75,472.0,,26.35,0.0,
2023-03-29 10:00:00,2023-03-29 11:00:00,22.5,35.5,4.38,35.07,22.23,31.33,16.02,0.82,51.35,1.38,2.85,0.65,1.05,2.05,29.75,1.15,151.25,470.25,,26.92,0.0,
2023-03-29 11:00:00,2023-03-29 12:00:00,21.5,28.0,1.7,21.3,12.7,32.82,8.03,0.65,52.43,1.8,3.12,0.73,1.23,2.38,26.25,1.15,186.0,379.25,,27.25,0.0,
2023-03-29 12:00:00,2023-03-29 13:00:00,18.75,25.5,1.02,16.95,9.85,27.9,5.38,0.42,52.58,1.55,2.77,0.7,1.12,2.45,23.25,0.88,206.75,429.75,,27.6,0.0,
2023-03-29 13:00:00,2023-03-29 14:00:00,5.5,17.5,0.68,9.55,5.6,24.35,4.9,0.27,54.17,1.43,2.67,0.73,1.28,2.75,23.0,0.88,229.5,349.25,,27.82,0.0,
2023-03-29 14:00:00,2023-03-29 15:00:00,7.0,17.25,0.28,8.9,4.98,22.75,5.07,0.28,54.65,1.05,2.17,0.7,1.22,2.83,23.25,0.67,247.0,285.75,,27.85,0.0,
2023-03-29 15:00:00,2023-03-29 16:00:00,7.75,12.25,0.43,9.8,5.55,22.18,4.95,0.28,53.25,0.88,1.9,0.7,1.23,2.85,23.5,0.62,316.25,246.75,,27.78,0.0,
2023-03-29 16:00:00,2023-03-29 17:00:00,10.0,13.0,0.38,12.85,7.17,20.43,5.02,0.4,53.65,0.67,1.73,0.65,1.15,2.65,23.5,0.55,323.5,187.25,,27.55,0.0,
2023-03-29 17:00:00,2023-03-29 18:00:00,,,0.55,25.12,13.77,20.68,4.65,0.43,49.25,0.6,1.65,0.62,1.12,2.62,26.0,0.3,203.0,134.25,,27.32,0.0,
2023-03-29 18:00:00,2023-03-29 19:00:00,58.0,63.0,1.0,54.83,29.95,25.7,6.68,0.96,42.12,0.65,2.25,0.75,1.4,2.92,31.5,0.3,45.5,92.5,,27.0,0.0,
2023-03-29 19:00:00,2023-03-29 20:00:00,59.25,65.75,1.27,51.85,28.62,27.57,7.55,0.96,38.27,1.02,3.12,0.97,1.65,3.15,33.75,0.4,170.75,89.25,,26.52,0.0,
2023-03-29 20:00:00,2023-03-29 21:00:00,51.0,59.5,0.85,43.08,23.62,30.4,7.35,0.9,38.17,1.08,3.25,1.0,1.65,3.28,36.5,0.38,118.0,89.75,,26.2,0.0,
2023-03-29 21:00:00,2023-03-29 22:00:00,35.5,42.0,0.65,37.1,20.25,30.58,7.42,0.65,39.73,1.12,3.1,0.9,1.55,3.02,37.75,0.4,84.25,89.25,,25.93,0.0,
2023-03-29 22:00:00,2023-03-29 23:00:00,34.25,39.0,0.55,25.75,14.18,28.0,5.88,0.43,39.0,1.08,2.8,0.8,1.32,2.67,39.5,0.4,96.75,89.75,,25.57,0.0,
2023-03-29 23:00:00,2023-03-30 00:00:00,26.0,29.0,0.67,21.68,12.07,25.98,6.07,0.37,41.12,1.0,2.6,0.7,1.23,2.45,38.75,0.65,121.25,89.5,,25.58,0.0,
2023-03-30 00:00:00,2023-03-30 01:00:00,,,0.47,21.07,11.6,23.05,6.23,0.38,40.0,0.95,2.43,0.68,1.07,2.25,41.0,0.47,89.5,76.5,,25.35,0.0,
2023-03-30 01:00:00,2023-03-30 02:00:00,,,0.7,23.58,13.1,21.6,6.8,0.39,38.28,0.95,2.35,0.62,1.0,2.08,46.5,0.43,109.75,88.0,,24.92,0.0,
2023-03-30 02:00:00,2023-03-30 03:00:00,19.0,24.0,0.55,23.3,12.85,22.35,7.22,0.35,39.2,0.97,2.32,0.65,1.0,2.0,47.0,0.35,129.5,88.0,,24.77,0.0,
2023-03-30 03:00:00,2023-03-30 04:00:00,18.0,23.0,0.75,22.08,12.38,23.12,7.03,0.37,39.23,0.92,2.35,0.62,1.0,2.0,47.5,0.33,103.5,88.0,,24.62,0.0,
2023-03-30 04:00:00,2023-03-30 05:00:00,19.0,30.0,0.3,24.0,12.95,23.55,7.07,0.4,36.48,0.95,2.33,0.65,0.97,1.95,50.5,0.2,73.5,88.0,,24.4,0.0,
2023-03-30 05:00:00,2023-03-30 06:00:00,18.25,30.0,0.33,25.83,14.02,23.65,6.75,0.42,35.65,0.92,2.3,0.6,0.92,1.85,52.25,0.2,216.0,88.25,,24.28,0.0,
2023-03-30 06:00:00,2023-03-30 07:00:00,18.0,28.0,1.62,27.77,16.07,24.07,7.27,0.53,35.9,1.0,2.32,0.6,0.9,1.75,56.5,0.48,103.75,114.75,,23.83,0.0,
2023-03-30 07:00:00,2023-03-30 08:00:00,27.5,35.25,2.55,27.95,16.97,26.05,8.3,0.6,37.77,1.08,2.42,0.6,0.92,1.73,53.0,0.55,94.5,207.0,,24.23,0.0,
2023-03-30 08:00:00,2023-03-30 09:00:00,33.0,34.5,1.65,20.65,12.32,28.18,8.93,0.52,41.85,1.1,2.43,0.6,0.92,1.77,46.0,0.6,161.5,210.0,,25.35,0.0,
2023-03-30 09:00:00,2023-03-30 10:00:00,25.75,30.0,1.12,17.6,10.27,29.45,8.45,0.47,49.6,1.15,2.38,0.62,0.95,1.9,36.5,1.1,119.0,311.75,,26.17,0.0,
2023-03-30 10:00:00,2023-03-30 11:00:00,22.0,28.0,1.57,18.03,10.87,29.3,7.73,0.44,50.77,1.1,2.43,0.7,1.0,2.03,33.0,1.23,122.0,364.0,,26.63,0.0,
2023-03-30 11:00:00,2023-03-30 12:00:00,21.25,23.25,1.3,20.88,12.15,29.15,7.4,0.58,51.9,1.18,2.4,0.68,1.07,2.3,30.0,1.25,142.75,455.5,,27.1,0.0,
2023-03-30 12:00:00,2023-03-30 13:00:00,17.75,21.5,2.15,20.23,12.52,29.6,6.55,0.49,53.33,1.2,2.52,0.7,1.23,2.6,30.0,1.78,132.75,377.75,,27.25,0.0,
2023-03-30 13:00:00,2023-03-30 14:00:00,15.5,24.25,1.35,18.45,10.88,29.27,8.47,0.59,54.08,1.12,2.4,0.7,1.27,2.7,28.25,1.6,137.25,425.5,,27.52,0.0,
2023-03-30 14:00:00,2023-03-30 15:00:00,22.75,27.75,0.72,20.68,11.57,26.95,7.9,0.48,54.22,1.12,2.25,0.7,1.3,2.75,29.0,1.55,135.5,293.5,,27.35,0.0,
2023-03-30 15:00:00,2023-03-30 16:00:00,18.75,25.0,1.23,18.0,10.55,26.0,7.8,0.48,55.33,1.1,2.8,0.8,1.5,2.9,28.25,1.57,142.25,314.0,,27.65,0.0,
2023-03-30 16:00:00,2023-03-30 17:00:00,21.25,27.5,0.65,17.27,9.7,26.1,8.85,0.51,56.78,1.0,2.58,0.73,1.38,2.88,30.0,1.1,126.25,162.5,,27.6,0.0,
2023-03-30 17:00:00,2023-03-30 18:00:00,23.0,27.0,0.85,30.75,17.05,23.25,7.22,0.58,51.7,0.97,2.5,0.75,1.4,2.85,30.5,0.7,143.75,115.5,,27.47,0.0,
2023-03-30 18:00:00,2023-03-30 19:00:00,25.5,31.25,0.5,24.8,13.43,24.0,7.27,0.59,49.97,1.0,2.7,0.77,1.47,2.9,35.0,0.95,249.75,93.5,,27.05,0.0,
2023-03-30 19:00:00,2023-03-30 20:00:00,27.75,40.25,0.2,16.35,8.85,25.0,5.88,0.45,50.97,1.03,2.5,0.7,1.3,2.65,48.0,2.83,339.75,87.5,,25.88,0.0,
2023-03-30 20:00:00,2023-03-30 21:00:00,36.25,52.75,0.38,12.55,6.95,25.3,4.73,0.34,47.5,0.95,2.1,0.6,1.0,2.17,63.0,2.33,312.75,83.5,,24.7,0.0,
2023-03-30 21:00:00,2023-03-30 22:00:00,21.75,34.5,0.33,7.95,4.5,25.6,4.8,0.18,41.1,0.78,1.77,0.45,0.78,1.75,72.75,2.4,294.25,84.0,,24.15,0.0,
2023-03-30 22:00:00,2023-03-30 23:00:00,13.75,24.75,0.15,6.8,3.7,24.38,4.57,0.15,39.33,0.53,1.32,0.33,0.57,1.25,78.0,2.62,325.75,84.0,,23.8,0.0,
2023-03-30 23:00:00,2023-03-31 00:00:00,9.0,12.0,0.28,8.05,4.47,25.18,5.57,0.22,41.45,0.4,1.1,0.3,0.43,1.02,76.75,1.77,348.0,73.5,,23.78,0.0,
2023-03-31 00:00:00,2023-03-31 01:00:00,6.0,15.0,0.15,9.1,4.97,26.25,6.92,0.32,43.7,0.4,1.1,0.3,0.4,0.95,77.25,1.53,346.25,80.25,,23.6,0.0,
2023-03-31 01:00:00,2023-03-31 02:00:00,,,0.1,8.72,4.62,26.43,6.92,0.3,42.45,0.4,1.1,0.3,0.4,0.9,79.25,1.45,347.75,82.0,,23.4,0.0,
2023-03-31 02:00:00,2023-03-31 03:00:00,,,0.37,8.1,4.53,26.03,6.88,0.27,40.75,0.4,1.1,0.3,0.4,0.88,81.5,0.78,181.0,82.0,,23.17,0.0,
2023-03-31 03:00:00,2023-03-31 04:00:00,1.0,3.0,0.2,7.95,4.2,25.35,6.9,0.27,40.25,0.43,1.1,0.3,0.4,0.83,81.25,0.77,79.75,82.0,,23.1,0.0,
2023-03-31 04:00:00,2023-03-31 05:00:00,1.0,2.75,0.4,8.6,4.83,24.05,7.0,0.28,37.7,0.4,1.18,0.3,0.38,0.83,83.0,0.53,109.25,81.0,,22.92,0.0,
2023-03-31 05:00:00,2023-03-31 06:00:00,1.0,2.25,0.8,12.22,7.15,23.1,7.15,0.29,36.42,0.4,1.2,0.3,0.4,0.8,83.0,0.52,119.75,83.0,,22.92,0.0,
2023-03-31 06:00:00,2023-03-31 07:00:00,1.0,3.0,0.45,13.5,7.55,22.9,6.95,0.32,36.27,0.43,1.35,0.3,0.4,0.8,80.5,0.47,110.25,120.75,,22.9,0.0,
2023-03-31 07:00:00,2023-03-31 08:00:00,6.0,8.0,0.78,14.28,8.25,22.5,7.03,0.33,38.62,0.4,1.35,0.3,0.4,0.85,74.5,0.5,66.75,234.5,,23.23,0.0,
2023-03-31 08:00:00,2023-03-31 09:00:00,6.0,8.0,1.3,12.53,7.7,23.1,7.5,0.34,40.95,0.4,1.42,0.25,0.43,0.85,68.5,0.78,84.5,412.5,,23.75,0.0,
2023-03-31 09:00:00,2023-03-31 10:00:00,5.75,8.5,1.12,11.55,7.05,24.18,8.15,0.36,46.28,0.43,1.42,0.33,0.4,0.97,62.0,0.8,105.5,495.5,,24.4,0.0,
2023-03-31 10:00:00,2023-03-31 11:00:00,8.0,11.0,0.53,9.32,5.4,23.85,8.32,0.33,50.6,0.45,1.45,0.35,0.45,1.02,56.5,0.8,28.25,537.75,,24.83,0.0,
2023-03-31 11:00:00,2023-03-31 12:00:00,6.0,8.0,0.6,8.18,4.7,23.75,8.2,0.33,52.05,0.45,1.4,0.4,0.5,1.12,50.25,0.9,282.25,587.5,,25.22,0.0,
2023-03-31 12:00:00,2023-03-31 13:00:00,5.5,8.0,0.67,9.07,5.38,24.98,6.5,0.32,50.12,0.4,1.4,0.4,0.55,1.35,45.25,1.03,283.0,415.25,,25.6,0.0,
2023-03-31 13:00:00,2023-03-31 14:00:00,4.0,8.0,0.25,7.65,4.3,26.65,5.45,0.32,51.25,0.5,1.45,0.4,0.7,1.6,46.5,1.05,317.5,312.5,,25.75,0.0,
2023-03-31 14:00:00,2023-03-31 15:00:00,,,,,,,,,,,,,,,,,,,,,,
2023-03-31 15:00:00,2023-03-31 16:00:00,,,,,,,,,,,,,,,,,,,,,,
2023-03-31 16:00:00,2023-03-31 17:00:00,,,,,,,,,,,,,,,,,,,,,,
2023-03-31 17:00:00,2023-03-31 18:00:00,,,,,,,,,,,,,,,,,,,,,,
2023-03-31 18:00:00,2023-03-31 19:00:00,,,,,,,,,,,,,,,,,,,,,,
2023-03-31 19:00:00,2023-03-31 20:00:00,,,,,,,,,,,,,,,,,,,,,,
2023-03-31 20:00:00,2023-03-31 21:00:00,,,,,,,,,,,,,,,,,,,,,,
2023-03-31 21:00:00,2023-03-31 22:00:00,,,,,,,,,,,,,,,,,,,,,,
2023-03-31 22:00:00,2023-03-31 23:00:00,,,,,,,,,,,,,,,,,,,,,,
2023-03-31 23:00:00,2023-04-01 00:00:00,,,,,,,,,,,,,,,,,,,,,,
